-- phpMyAdmin SQL Dump
-- version 4.9.4
-- https://www.phpmyadmin.net/
--
-- Host: localhost:3306
-- Generation Time: Jan 18, 2021 at 09:36 AM
-- Server version: 10.2.36-MariaDB-log
-- PHP Version: 7.3.6

SET SQL_MODE = "NO_AUTO_VALUE_ON_ZERO";
SET AUTOCOMMIT = 0;
START TRANSACTION;
SET time_zone = "+00:00";


/*!40101 SET @OLD_CHARACTER_SET_CLIENT=@@CHARACTER_SET_CLIENT */;
/*!40101 SET @OLD_CHARACTER_SET_RESULTS=@@CHARACTER_SET_RESULTS */;
/*!40101 SET @OLD_COLLATION_CONNECTION=@@COLLATION_CONNECTION */;
/*!40101 SET NAMES utf8mb4 */;

--
-- Database: `camsedu_eag`
--

-- --------------------------------------------------------

--
-- Table structure for table `abstract_reporting_comments`
--

CREATE TABLE `abstract_reporting_comments` (
  `id` bigint(20) NOT NULL,
  `id_abstract` bigint(20) NOT NULL,
  `comments` varchar(200) DEFAULT '',
  `id_supervisor` bigint(20) NOT NULL,
  `upload_file` varchar(2048) DEFAULT '',
  `reason` varchar(2048) DEFAULT '',
  `status` int(2) DEFAULT 1,
  `created_by` int(20) DEFAULT NULL,
  `created_dt_tm` datetime DEFAULT current_timestamp(),
  `updated_by` int(20) DEFAULT NULL,
  `updated_dt_tm` datetime DEFAULT current_timestamp()
) ENGINE=InnoDB DEFAULT CHARSET=utf8;

-- --------------------------------------------------------

--
-- Table structure for table `academic_year`
--

CREATE TABLE `academic_year` (
  `id` int(20) NOT NULL,
  `name` varchar(120) DEFAULT '',
  `start_date` datetime DEFAULT NULL,
  `end_date` datetime DEFAULT NULL,
  `from_year` varchar(20) DEFAULT '',
  `to_year` varchar(20) DEFAULT '',
  `status` int(20) DEFAULT NULL,
  `created_by` int(20) DEFAULT NULL,
  `created_dt_tm` datetime DEFAULT current_timestamp(),
  `updated_by` int(20) DEFAULT NULL,
  `updated_dt_tm` datetime DEFAULT current_timestamp()
) ENGINE=InnoDB DEFAULT CHARSET=latin1;

--
-- Dumping data for table `academic_year`
--

INSERT INTO `academic_year` (`id`, `name`, `start_date`, `end_date`, `from_year`, `to_year`, `status`, `created_by`, `created_dt_tm`, `updated_by`, `updated_dt_tm`) VALUES
(1, '2020', '2020-01-01 00:00:00', '2020-12-31 00:00:00', '2020', '2020', 1, 1, '2020-07-10 23:37:30', NULL, '2020-07-10 23:37:30'),
(2, '2021', '2021-01-01 00:00:00', '2021-12-31 00:00:00', '', '', 1, 1, '2020-08-27 17:13:00', NULL, '2020-08-27 17:13:00'),
(3, '2014', '2014-01-01 00:00:00', '2014-12-31 00:00:00', '', '', 1, 1, '2020-08-31 22:57:54', NULL, '2020-08-31 22:57:54'),
(4, '2016', '2016-01-01 00:00:00', '2016-12-31 00:00:00', '', '', 1, 1, '2020-08-31 23:01:07', NULL, '2020-08-31 23:01:07'),
(5, '2017', '2017-01-01 00:00:00', '2017-12-31 00:00:00', '', '', 1, 1, '2020-08-31 23:53:03', NULL, '2020-08-31 23:53:03'),
(6, '2019', '2019-01-01 00:00:00', '2019-12-31 00:00:00', '', '', 1, 1, '2020-11-13 08:19:24', NULL, '2020-11-13 08:19:24');

-- --------------------------------------------------------

--
-- Table structure for table `account_code`
--

CREATE TABLE `account_code` (
  `id` int(20) NOT NULL,
  `name` varchar(520) DEFAULT '',
  `name_optional_language` varchar(520) DEFAULT '',
  `code` varchar(50) DEFAULT '',
  `level` int(2) DEFAULT 0,
  `id_parent` int(20) DEFAULT 0,
  `status` int(2) DEFAULT NULL,
  `created_by` int(20) DEFAULT NULL,
  `created_dt_tm` datetime DEFAULT current_timestamp(),
  `updated_by` int(20) DEFAULT NULL,
  `updated_dt_tm` datetime DEFAULT current_timestamp()
) ENGINE=InnoDB DEFAULT CHARSET=latin1;

--
-- Dumping data for table `account_code`
--

INSERT INTO `account_code` (`id`, `name`, `name_optional_language`, `code`, `level`, `id_parent`, `status`, `created_by`, `created_dt_tm`, `updated_by`, `updated_dt_tm`) VALUES
(1, 'C', 'C', 'CC01', 0, 0, 1, NULL, '2020-02-24 02:31:57', NULL, '2020-02-24 02:31:57'),
(2, '1 - Level 1', '', '1L1', 1, 0, NULL, NULL, '2020-05-22 11:19:51', NULL, '2020-05-22 11:19:51'),
(3, '2- Level 1', '', '2L1', 1, 0, NULL, NULL, '2020-05-22 11:20:14', NULL, '2020-05-22 11:20:14'),
(4, '3-Level1', '', '3L1', 1, 0, NULL, NULL, '2020-05-22 11:20:32', NULL, '2020-05-22 11:20:32'),
(5, '1-Level2', '', '1L11L11', 2, 2, NULL, NULL, '2020-05-22 11:21:34', NULL, '2020-05-22 11:21:34'),
(6, '1-Level2', '', '1L11L12', 2, 2, NULL, NULL, '2020-05-22 11:21:55', NULL, '2020-05-22 11:21:55'),
(7, 'AC', '', '1L11L11AC`', 3, 5, NULL, NULL, '2020-05-22 11:22:21', NULL, '2020-05-22 11:22:21'),
(8, 'AC', '', '1L11L122AC', 3, 6, NULL, NULL, '2020-05-22 11:22:34', NULL, '2020-05-22 11:22:34'),
(9, '1- Level 2 ', '', '2L12L11', 2, 3, NULL, NULL, '2020-05-22 11:23:11', NULL, '2020-05-22 11:23:11'),
(10, 'AC', '', '2L12L11AC', 3, 9, NULL, NULL, '2020-05-22 11:23:29', NULL, '2020-05-22 11:23:29'),
(11, '3L2v2l 1', '', '3L13L11', 2, 4, NULL, NULL, '2020-05-22 11:24:00', NULL, '2020-05-22 11:24:00'),
(12, 'AC 3', '', '3L13L11AC', 3, 11, NULL, NULL, '2020-05-22 11:24:15', NULL, '2020-05-22 11:24:15');

-- --------------------------------------------------------

--
-- Table structure for table `activity_code`
--

CREATE TABLE `activity_code` (
  `id` int(20) NOT NULL,
  `name` varchar(520) DEFAULT '',
  `name_optional_language` varchar(520) DEFAULT '',
  `code` varchar(50) DEFAULT '',
  `level` int(2) DEFAULT 0,
  `id_parent` int(20) DEFAULT 0,
  `status` int(2) DEFAULT NULL,
  `created_by` int(20) DEFAULT NULL,
  `created_dt_tm` datetime DEFAULT current_timestamp(),
  `updated_by` int(20) DEFAULT NULL,
  `updated_dt_tm` datetime DEFAULT current_timestamp()
) ENGINE=InnoDB DEFAULT CHARSET=latin1;

-- --------------------------------------------------------

--
-- Table structure for table `activity_details`
--

CREATE TABLE `activity_details` (
  `id` int(20) NOT NULL,
  `name` varchar(120) DEFAULT '',
  `description` varchar(520) DEFAULT '',
  `status` int(2) DEFAULT NULL,
  `created_by` int(20) DEFAULT NULL,
  `created_dt_tm` datetime DEFAULT current_timestamp(),
  `updated_by` int(20) DEFAULT NULL,
  `updated_dt_tm` datetime DEFAULT current_timestamp()
) ENGINE=InnoDB DEFAULT CHARSET=latin1;

--
-- Dumping data for table `activity_details`
--

INSERT INTO `activity_details` (`id`, `name`, `description`, `status`, `created_by`, `created_dt_tm`, `updated_by`, `updated_dt_tm`) VALUES
(1, 'CHANGE STATUS', 'CHANGE STATUS', 1, 1, '2020-08-17 14:30:13', 1, '2020-08-17 14:30:13'),
(2, 'CHANGE PROGRAM', 'CHANGE PROGRAM', 1, 1, '2020-08-21 17:05:23', NULL, '2020-08-21 17:05:23'),
(3, 'CHANGE SCHEME', 'CHANGE SCHEME', 1, 1, '2020-08-21 17:05:45', NULL, '2020-08-21 17:05:45'),
(4, 'CHANGE BRANCH', 'CHANGE BRANCH', 1, 1, '2020-08-21 17:06:04', NULL, '2020-08-21 17:06:04'),
(5, 'CREDIT TRANSFER', 'CREDIT TRANSFER', 1, 1, '2020-08-21 17:06:24', NULL, '2020-08-21 17:06:24'),
(6, 'CREDIT EXCEMPTION', 'CREDIT EXCEMPTION', 1, 1, '2020-08-21 17:06:47', NULL, '2020-08-21 17:06:47'),
(7, 'EXAMINATION REMARKING', 'EXAMINATION REMARKING', 1, 1, '2020-08-21 17:07:03', 1, '2020-08-21 17:07:03'),
(8, 'COURSE WITHDRAW', 'COURSE WITHDRAW', 1, 1, '2020-08-24 12:44:38', NULL, '2020-08-24 12:44:38'),
(9, 'NEW STUDENT REGISTRATION ', 'NEW STUDENT REGISTRATION', 1, 1, '2020-08-27 03:28:23', NULL, '2020-08-27 03:28:23'),
(10, 'SENIOR STUDENT REGISTRATION ', 'SUBJECT ONLINE REGISTRATION', 1, 1, '2020-08-27 03:29:05', 1, '2020-08-27 03:29:05'),
(11, 'LATE REGISTRATION ', 'LATE REGISTRATION', 1, 1, '2020-08-27 03:29:34', NULL, '2020-08-27 03:29:34'),
(12, 'ADD/DROP ', 'ADD/DROP', 1, 1, '2020-08-27 03:30:28', NULL, '2020-08-27 03:30:28'),
(13, 'CHANGE LEARNING MODE', 'CHANGE LEARNING MODE', 1, 1, '2020-12-01 01:41:42', 1, '2020-12-01 01:41:42');

-- --------------------------------------------------------

--
-- Table structure for table `add_course_to_program_landscape`
--

CREATE TABLE `add_course_to_program_landscape` (
  `id` int(20) NOT NULL,
  `id_program_landscape` int(20) DEFAULT NULL,
  `id_semester` int(20) DEFAULT NULL,
  `id_course` int(20) DEFAULT NULL,
  `id_program` int(20) DEFAULT 0,
  `id_program_scheme` int(20) DEFAULT 0 COMMENT 'Treate it as id_learning_mode',
  `id_qualification` int(20) DEFAULT 0,
  `id_intake` int(10) DEFAULT NULL,
  `id_program_major` int(20) DEFAULT 0,
  `id_program_minor` int(20) DEFAULT 0,
  `pre_requisite` varchar(50) DEFAULT '',
  `course_type` varchar(120) DEFAULT NULL,
  `status` int(2) DEFAULT NULL,
  `created_by` int(20) DEFAULT NULL,
  `created_dt_tm` datetime DEFAULT current_timestamp(),
  `updated_by` int(20) DEFAULT NULL,
  `updated_dt_tm` datetime DEFAULT current_timestamp()
) ENGINE=InnoDB DEFAULT CHARSET=latin1;

--
-- Dumping data for table `add_course_to_program_landscape`
--

INSERT INTO `add_course_to_program_landscape` (`id`, `id_program_landscape`, `id_semester`, `id_course`, `id_program`, `id_program_scheme`, `id_qualification`, `id_intake`, `id_program_major`, `id_program_minor`, `pre_requisite`, `course_type`, `status`, `created_by`, `created_dt_tm`, `updated_by`, `updated_dt_tm`) VALUES
(109, 28, 1, 6, 8, 0, 0, 1, 0, 0, '', '', 1, NULL, '2020-12-09 01:40:37', NULL, '2020-12-09 01:40:37'),
(111, 28, 2, 14, 8, 0, 0, 1, 0, 0, '', '', 1, NULL, '2020-12-14 07:19:58', NULL, '2020-12-14 07:19:58'),
(112, 28, 3, 1, 8, 0, 0, 1, 0, 0, '', '', 1, NULL, '2020-12-14 07:20:07', NULL, '2020-12-14 07:20:07'),
(113, 28, 4, 10, 8, 0, 0, 1, 0, 0, '', '', 1, NULL, '2020-12-14 07:20:16', NULL, '2020-12-14 07:20:16'),
(114, 28, 1, 12, 8, 0, 0, 1, 0, 0, '', '', 1, NULL, '2020-12-16 12:07:03', NULL, '2020-12-16 12:07:03'),
(115, 29, 1, 4, 6, 0, 0, 1, 0, 0, '', '', 1, NULL, '2020-12-20 13:49:42', NULL, '2020-12-20 13:49:42'),
(116, 29, 1, 12, 6, 0, 0, 1, 0, 0, '', '', 1, NULL, '2020-12-20 13:49:49', NULL, '2020-12-20 13:49:49'),
(117, 29, 2, 13, 6, 0, 0, 1, 0, 0, '', '', 1, NULL, '2020-12-20 13:49:59', NULL, '2020-12-20 13:49:59'),
(118, 29, 2, 5, 6, 0, 0, 1, 0, 0, '', '', 1, NULL, '2020-12-20 13:50:09', NULL, '2020-12-20 13:50:09'),
(119, 29, 3, 17, 6, 0, 0, 1, 0, 0, '', '', 1, NULL, '2020-12-20 13:50:18', NULL, '2020-12-20 13:50:18'),
(120, 30, 1, 17, 5, 0, 0, 3, 0, 0, '', '', 1, NULL, '2020-12-20 15:11:12', NULL, '2020-12-20 15:11:12'),
(121, 30, 2, 14, 5, 0, 0, 3, 0, 0, '', '', 1, NULL, '2020-12-20 15:11:19', NULL, '2020-12-20 15:11:19'),
(122, 30, 3, 18, 5, 0, 0, 3, 0, 0, '', '', 1, NULL, '2020-12-20 15:11:27', NULL, '2020-12-20 15:11:27'),
(123, 32, 1, 6, 7, 0, 0, 1, 0, 0, '', '', 1, NULL, '2020-12-22 08:28:43', NULL, '2020-12-22 08:28:43'),
(124, 32, 2, 1, 7, 0, 0, 1, 0, 0, '', '', NULL, NULL, '2020-12-22 08:30:36', NULL, '2020-12-22 08:30:36'),
(125, 33, 1, 14, 9, 0, 0, 1, 0, 0, '', '', 1, NULL, '2020-12-22 23:36:22', NULL, '2020-12-22 23:36:22'),
(126, 33, 1, 6, 9, 0, 0, 1, 0, 0, '', '', 1, NULL, '2020-12-22 23:36:29', NULL, '2020-12-22 23:36:29'),
(127, 33, 2, 1, 9, 0, 0, 1, 0, 0, '', '', 1, NULL, '2020-12-22 23:36:35', NULL, '2020-12-22 23:36:35'),
(128, 33, 2, 10, 9, 0, 0, 1, 0, 0, '', '', 1, NULL, '2020-12-22 23:36:41', NULL, '2020-12-22 23:36:41'),
(129, 34, 1, 21, 10, 0, 0, 3, 0, 0, '', '', 1, NULL, '2021-01-12 21:10:45', NULL, '2021-01-12 21:10:45'),
(130, 34, 1, 22, 10, 0, 0, 3, 0, 0, '', '', 1, NULL, '2021-01-12 21:11:16', NULL, '2021-01-12 21:11:16'),
(131, 34, 1, 23, 10, 0, 0, 3, 0, 0, '', '', 1, NULL, '2021-01-12 21:11:28', NULL, '2021-01-12 21:11:28'),
(132, 34, 1, 24, 10, 0, 0, 3, 0, 0, '', '', 1, NULL, '2021-01-12 21:11:39', NULL, '2021-01-12 21:11:39'),
(134, 34, 2, 25, 10, 0, 0, 3, 0, 0, '', '', 1, NULL, '2021-01-12 21:12:12', NULL, '2021-01-12 21:12:12'),
(135, 34, 2, 26, 10, 0, 0, 3, 0, 0, '', '', 1, NULL, '2021-01-12 21:12:43', NULL, '2021-01-12 21:12:43'),
(136, 34, 2, 27, 10, 0, 0, 3, 0, 0, '', '', 1, NULL, '2021-01-12 21:13:03', NULL, '2021-01-12 21:13:03'),
(137, 34, 2, 28, 10, 0, 0, 3, 0, 0, '', '', 1, NULL, '2021-01-12 21:13:20', NULL, '2021-01-12 21:13:20'),
(139, 34, 3, 29, 10, 0, 0, 3, 0, 0, '', '', 1, NULL, '2021-01-12 21:14:04', NULL, '2021-01-12 21:14:04'),
(141, 34, 1, 30, 10, 0, 0, 3, 0, 0, '', '', 1, NULL, '2021-01-12 21:28:25', NULL, '2021-01-12 21:28:25'),
(142, 34, 1, 31, 10, 0, 0, 3, 0, 0, '', '', 1, NULL, '2021-01-12 21:30:42', NULL, '2021-01-12 21:30:42'),
(143, 34, 2, 32, 10, 0, 0, 3, 0, 0, '', '', 1, NULL, '2021-01-12 21:30:54', NULL, '2021-01-12 21:30:54'),
(144, 34, 2, 33, 10, 0, 0, 3, 0, 0, '', '', 1, NULL, '2021-01-12 21:31:21', NULL, '2021-01-12 21:31:21'),
(145, 34, 3, 34, 10, 0, 0, 3, 0, 0, '', '', 1, NULL, '2021-01-12 21:31:34', NULL, '2021-01-12 21:31:34');

-- --------------------------------------------------------

--
-- Table structure for table `add_learning_mode_to_program_landscape`
--

CREATE TABLE `add_learning_mode_to_program_landscape` (
  `id` int(20) NOT NULL,
  `id_intake` int(10) DEFAULT NULL,
  `id_program` int(20) DEFAULT 0,
  `id_program_landscape` int(20) DEFAULT NULL,
  `id_semester` int(20) DEFAULT NULL,
  `id_course` int(20) DEFAULT NULL,
  `id_learning_mode` int(20) DEFAULT 0,
  `status` int(2) DEFAULT NULL,
  `created_by` int(20) DEFAULT NULL,
  `created_dt_tm` datetime DEFAULT current_timestamp(),
  `updated_by` int(20) DEFAULT NULL,
  `updated_dt_tm` datetime DEFAULT current_timestamp()
) ENGINE=InnoDB DEFAULT CHARSET=latin1;

--
-- Dumping data for table `add_learning_mode_to_program_landscape`
--

INSERT INTO `add_learning_mode_to_program_landscape` (`id`, `id_intake`, `id_program`, `id_program_landscape`, `id_semester`, `id_course`, `id_learning_mode`, `status`, `created_by`, `created_dt_tm`, `updated_by`, `updated_dt_tm`) VALUES
(2, 2, 3, 19, 5, 6, 17, 1, NULL, '2020-10-19 00:17:37', NULL, '2020-10-19 00:17:37'),
(3, 1, 4, 18, 2, 14, 15, 1, NULL, '2020-10-27 07:17:19', NULL, '2020-10-27 07:17:19'),
(4, 1, 4, 18, 1, 10, 15, 1, NULL, '2020-10-27 07:17:29', NULL, '2020-10-27 07:17:29'),
(5, 3, 5, 20, 1, 6, 20, 1, NULL, '2020-10-28 00:32:33', NULL, '2020-10-28 00:32:33'),
(6, 1, 6, 21, 1, 6, 21, 1, NULL, '2020-11-08 09:59:31', NULL, '2020-11-08 09:59:31'),
(7, 1, 6, 21, 2, 1, 21, 1, NULL, '2020-11-08 09:59:59', NULL, '2020-11-08 09:59:59'),
(8, 1, 6, 25, 1, 6, 21, 1, NULL, '2020-11-08 09:59:31', NULL, '2020-11-08 09:59:31'),
(9, 1, 6, 25, 2, 1, 21, 1, NULL, '2020-11-08 09:59:59', NULL, '2020-11-08 09:59:59');

-- --------------------------------------------------------

--
-- Table structure for table `add_program_objective_to_program_landscape`
--

CREATE TABLE `add_program_objective_to_program_landscape` (
  `id` int(20) NOT NULL,
  `id_intake` int(10) DEFAULT NULL,
  `id_program` int(20) DEFAULT 0,
  `id_program_landscape` int(20) DEFAULT 0,
  `id_objective` int(20) DEFAULT 0,
  `id_course` int(20) DEFAULT 0,
  `id_course_registration_type` int(20) DEFAULT 0,
  `status` int(2) DEFAULT NULL,
  `created_by` int(20) DEFAULT NULL,
  `created_dt_tm` datetime DEFAULT current_timestamp(),
  `updated_by` int(20) DEFAULT NULL,
  `updated_dt_tm` datetime DEFAULT current_timestamp(),
  `id_landscape_course_type` int(20) DEFAULT NULL
) ENGINE=InnoDB DEFAULT CHARSET=latin1;

--
-- Dumping data for table `add_program_objective_to_program_landscape`
--

INSERT INTO `add_program_objective_to_program_landscape` (`id`, `id_intake`, `id_program`, `id_program_landscape`, `id_objective`, `id_course`, `id_course_registration_type`, `status`, `created_by`, `created_dt_tm`, `updated_by`, `updated_dt_tm`, `id_landscape_course_type`) VALUES
(5, 1, 8, 28, 6, 6, 1, 1, NULL, '2020-12-09 01:40:28', NULL, '2020-12-09 01:40:28', 4),
(6, 1, 8, 28, 6, 14, 1, 1, NULL, '2020-12-14 07:19:09', NULL, '2020-12-14 07:19:09', 4),
(7, 1, 8, 28, 6, 1, 2, 1, NULL, '2020-12-14 07:19:20', NULL, '2020-12-14 07:19:20', 4),
(8, 1, 8, 28, 6, 10, 5, 1, NULL, '2020-12-14 07:19:35', NULL, '2020-12-14 07:19:35', 4),
(9, 1, 8, 28, 6, 12, 2, 1, NULL, '2020-12-16 12:06:49', NULL, '2020-12-16 12:06:49', 4),
(10, 1, 6, 29, 1, 4, 1, 1, NULL, '2020-12-20 13:47:40', NULL, '2020-12-20 13:47:40', 4),
(11, 1, 6, 29, 1, 12, 2, 1, NULL, '2020-12-20 13:48:01', NULL, '2020-12-20 13:48:01', 4),
(12, 1, 6, 29, 1, 13, 1, 1, NULL, '2020-12-20 13:48:16', NULL, '2020-12-20 13:48:16', 4),
(13, 1, 6, 29, 2, 5, 3, 1, NULL, '2020-12-20 13:48:28', NULL, '2020-12-20 13:48:28', 4),
(14, 1, 6, 29, 3, 17, 5, 1, NULL, '2020-12-20 13:48:42', NULL, '2020-12-20 13:48:42', 4),
(15, 1, 6, 30, 7, 17, 1, 1, NULL, '2020-12-20 13:48:42', NULL, '2020-12-20 13:48:42', 4),
(16, 3, 5, 30, 7, 14, 2, 1, NULL, '2020-12-20 15:10:25', NULL, '2020-12-20 15:10:25', 4),
(17, 3, 5, 30, 7, 2, 3, 0, NULL, '2020-12-20 15:10:36', NULL, '2020-12-20 15:10:36', 4),
(18, 3, 5, 30, 7, 18, 3, 1, NULL, '2020-12-20 15:10:55', NULL, '2020-12-20 15:10:55', 4),
(19, 1, 7, 32, 8, 6, 1, 1, NULL, '2020-12-22 08:28:17', NULL, '2020-12-22 08:28:17', 4),
(20, 1, 7, 32, 8, 1, 2, 1, NULL, '2020-12-22 08:30:21', NULL, '2020-12-22 08:30:21', 4),
(21, 1, 9, 33, 9, 6, 1, 1, NULL, '2020-12-22 23:35:16', NULL, '2020-12-22 23:35:16', 4),
(22, 1, 9, 33, 9, 14, 1, 1, NULL, '2020-12-22 23:35:29', NULL, '2020-12-22 23:35:29', 4),
(23, 1, 9, 33, 9, 1, 2, 1, NULL, '2020-12-22 23:35:39', NULL, '2020-12-22 23:35:39', 4),
(24, 1, 9, 33, 9, 10, 5, 1, NULL, '2020-12-22 23:35:48', NULL, '2020-12-22 23:35:48', 4),
(25, 1, 9, 33, 9, 2, 3, 1, NULL, '2020-12-22 23:35:58', NULL, '2020-12-22 23:35:58', 4),
(26, 3, 10, 34, 10, 21, 1, 1, NULL, '2021-01-12 20:46:01', NULL, '2021-01-12 20:46:01', 4),
(27, 3, 10, 34, 10, 22, 1, 1, NULL, '2021-01-12 20:46:28', NULL, '2021-01-12 20:46:28', 4),
(28, 3, 10, 34, 10, 23, 3, 1, NULL, '2021-01-12 20:50:14', NULL, '2021-01-12 20:50:14', 4),
(29, 3, 10, 34, 10, 24, 1, 1, NULL, '2021-01-12 20:50:38', NULL, '2021-01-12 20:50:38', 4),
(30, 3, 10, 34, 10, 35, 1, 0, NULL, '2021-01-12 20:52:07', NULL, '2021-01-12 20:52:07', 4),
(31, 3, 10, 34, 11, 25, 1, 1, NULL, '2021-01-12 20:52:39', NULL, '2021-01-12 20:52:39', 4),
(32, 3, 10, 34, 11, 26, 1, 1, NULL, '2021-01-12 20:52:55', NULL, '2021-01-12 20:52:55', 4),
(33, 3, 10, 34, 11, 27, 1, 1, NULL, '2021-01-12 20:53:20', NULL, '2021-01-12 20:53:20', 4),
(34, 3, 10, 34, 11, 28, 2, 1, NULL, '2021-01-12 20:53:47', NULL, '2021-01-12 20:53:47', 4),
(35, 3, 10, 34, 10, 35, 2, 0, NULL, '2021-01-12 20:54:06', NULL, '2021-01-12 20:54:06', 4),
(36, 3, 10, 34, 12, 29, 2, 1, NULL, '2021-01-12 20:54:44', NULL, '2021-01-12 20:54:44', 4),
(37, 3, 10, 34, 10, 30, 1, 1, NULL, '2021-01-12 20:55:15', NULL, '2021-01-12 20:55:15', 4),
(38, 3, 10, 34, 10, 31, 3, 1, NULL, '2021-01-12 20:55:46', NULL, '2021-01-12 20:55:46', 4),
(39, 3, 10, 34, 11, 32, 2, 1, NULL, '2021-01-12 20:56:01', NULL, '2021-01-12 20:56:01', 4),
(40, 3, 10, 34, 12, 33, 5, 1, NULL, '2021-01-12 20:56:18', NULL, '2021-01-12 20:56:18', 4),
(41, 3, 10, 34, 12, 34, 3, 1, NULL, '2021-01-12 20:56:39', NULL, '2021-01-12 20:56:39', 4);

-- --------------------------------------------------------

--
-- Table structure for table `add_temp_receipt_paid_amount`
--

CREATE TABLE `add_temp_receipt_paid_amount` (
  `id` int(20) NOT NULL,
  `id_session` varchar(580) DEFAULT '',
  `payable_amount` float(20,2) DEFAULT NULL
) ENGINE=InnoDB DEFAULT CHARSET=latin1;

-- --------------------------------------------------------

--
-- Table structure for table `advisor_has_specialization`
--

CREATE TABLE `advisor_has_specialization` (
  `id` int(20) NOT NULL,
  `id_advisor` int(20) DEFAULT 0,
  `id_specialisation` int(20) DEFAULT 0,
  `status` int(2) DEFAULT 1,
  `created_by` int(20) DEFAULT NULL,
  `created_dt_tm` datetime DEFAULT current_timestamp(),
  `updated_by` int(20) DEFAULT NULL,
  `updated_dt_tm` datetime DEFAULT current_timestamp()
) ENGINE=InnoDB DEFAULT CHARSET=latin1;

--
-- Dumping data for table `advisor_has_specialization`
--

INSERT INTO `advisor_has_specialization` (`id`, `id_advisor`, `id_specialisation`, `status`, `created_by`, `created_dt_tm`, `updated_by`, `updated_dt_tm`) VALUES
(1, 1, 3, 1, NULL, '2020-11-22 05:13:35', NULL, '2020-11-22 05:13:35');

-- --------------------------------------------------------

--
-- Table structure for table `advisor_tagging`
--

CREATE TABLE `advisor_tagging` (
  `id` int(20) NOT NULL,
  `id_advisor` int(20) DEFAULT 0,
  `id_student` int(20) DEFAULT 0,
  `status` int(2) DEFAULT NULL,
  `created_by` int(20) DEFAULT NULL,
  `created_dt_tm` datetime DEFAULT current_timestamp(),
  `updated_by` int(20) DEFAULT NULL,
  `updated_dt_tm` datetime DEFAULT current_timestamp()
) ENGINE=InnoDB DEFAULT CHARSET=latin1;

--
-- Dumping data for table `advisor_tagging`
--

INSERT INTO `advisor_tagging` (`id`, `id_advisor`, `id_student`, `status`, `created_by`, `created_dt_tm`, `updated_by`, `updated_dt_tm`) VALUES
(1, 1, 4, NULL, 1, '2020-08-06 09:26:54', NULL, '2020-08-06 09:26:54'),
(2, 2, 4, NULL, 1, '2020-08-06 09:27:09', NULL, '2020-08-06 09:27:09'),
(3, 1, 5, NULL, 1, '2020-08-07 14:26:58', NULL, '2020-08-07 14:26:58'),
(4, 2, 6, NULL, 1, '2020-08-10 13:15:39', NULL, '2020-08-10 13:15:39'),
(5, 1, 7, NULL, 1, '2020-08-10 14:31:51', NULL, '2020-08-10 14:31:51'),
(6, 1, 24, NULL, 1, '2020-09-15 04:00:57', NULL, '2020-09-15 04:00:57'),
(7, 2, 24, NULL, 1, '2020-09-15 04:01:30', NULL, '2020-09-15 04:01:30'),
(8, 1, 24, NULL, 1, '2020-09-15 04:01:49', NULL, '2020-09-15 04:01:49'),
(9, 1, 18, NULL, 1, '2020-09-15 04:34:08', NULL, '2020-09-15 04:34:08'),
(10, 1, 25, NULL, 1, '2020-09-15 04:34:08', NULL, '2020-09-15 04:34:08'),
(11, 1, 27, NULL, 1, '2020-10-10 00:40:17', NULL, '2020-10-10 00:40:17'),
(12, 1, 28, NULL, 1, '2020-10-10 01:14:56', NULL, '2020-10-10 01:14:56'),
(13, 2, 28, NULL, 1, '2020-10-10 01:15:16', NULL, '2020-10-10 01:15:16'),
(14, 2, 29, NULL, 1, '2020-10-10 01:51:00', NULL, '2020-10-10 01:51:00'),
(15, 1, 34, NULL, 1, '2020-11-09 20:53:03', NULL, '2020-11-09 20:53:03'),
(16, 1, 35, 1, 1, '2020-11-22 05:14:14', NULL, '2020-11-22 05:14:14'),
(17, 1, 31, 1, 1, '2020-11-29 23:03:36', NULL, '2020-11-29 23:03:36'),
(18, 1, 32, 1, 1, '2020-11-29 23:03:36', NULL, '2020-11-29 23:03:36'),
(19, 1, 33, 1, 1, '2020-11-29 23:03:36', NULL, '2020-11-29 23:03:36'),
(20, 1, 35, 1, 1, '2020-11-30 00:58:24', NULL, '2020-11-30 00:58:24'),
(21, 1, 35, 1, 1, '2020-11-30 00:59:08', NULL, '2020-11-30 00:59:08'),
(22, 1, 42, 1, 1, '2020-12-09 02:26:16', NULL, '2020-12-09 02:26:16');

-- --------------------------------------------------------

--
-- Table structure for table `alumni_discount`
--

CREATE TABLE `alumni_discount` (
  `id` int(20) NOT NULL,
  `name` varchar(520) DEFAULT '',
  `currency` varchar(200) DEFAULT '',
  `amount` varchar(520) DEFAULT '',
  `start_date` datetime DEFAULT current_timestamp(),
  `end_date` datetime DEFAULT current_timestamp(),
  `sibbling_status` varchar(50) DEFAULT 'Pending',
  `status` int(2) DEFAULT NULL,
  `created_by` int(20) DEFAULT NULL,
  `created_dt_tm` datetime DEFAULT current_timestamp(),
  `updated_by` int(20) DEFAULT NULL,
  `updated_dt_tm` datetime DEFAULT current_timestamp()
) ENGINE=InnoDB DEFAULT CHARSET=latin1;

--
-- Dumping data for table `alumni_discount`
--

INSERT INTO `alumni_discount` (`id`, `name`, `currency`, `amount`, `start_date`, `end_date`, `sibbling_status`, `status`, `created_by`, `created_dt_tm`, `updated_by`, `updated_dt_tm`) VALUES
(1, 'Amount', 'MYR', '100', '2020-08-01 00:00:00', '2020-08-31 00:00:00', 'Pending', 1, NULL, '2020-08-17 12:15:17', NULL, '2020-08-17 12:15:17'),
(2, 'Alumni', 'USD', '18', '2020-08-01 00:00:00', '2020-08-31 00:00:00', 'Pending', 1, NULL, '2020-08-20 04:33:38', NULL, '2020-08-20 04:33:38');

-- --------------------------------------------------------

--
-- Table structure for table `amount_calculation_type`
--

CREATE TABLE `amount_calculation_type` (
  `id` int(20) NOT NULL,
  `name` varchar(520) DEFAULT '',
  `name_optional_language` varchar(520) DEFAULT '',
  `code` varchar(50) DEFAULT '',
  `status` int(2) DEFAULT 1,
  `created_by` int(20) DEFAULT NULL,
  `created_dt_tm` datetime DEFAULT current_timestamp(),
  `updated_by` int(20) DEFAULT NULL,
  `updated_dt_tm` datetime DEFAULT current_timestamp()
) ENGINE=InnoDB DEFAULT CHARSET=latin1;

--
-- Dumping data for table `amount_calculation_type`
--

INSERT INTO `amount_calculation_type` (`id`, `name`, `name_optional_language`, `code`, `status`, `created_by`, `created_dt_tm`, `updated_by`, `updated_dt_tm`) VALUES
(1, 'FIX AMOUNT', 'FIX AMOUNT', 'FIX AMOUNT', 1, NULL, '2020-07-11 00:24:37', NULL, '2020-07-11 00:24:37'),
(2, 'CREDIT HOUR MULTIPLICATION', 'CREDIT HOUR MULTIPLICATION', 'CREDIT HOUR MULTIPLICATION', 1, NULL, '2020-07-11 00:24:55', NULL, '2020-07-11 00:24:55'),
(3, 'SUBJECT MULTIPLICATION', 'SUBJECT MULTIPLICATION', 'SUBJECT MULTIPLICATION', 1, NULL, '2020-08-20 09:17:42', NULL, '2020-08-20 09:17:42'),
(4, 'REGISTRATION', 'REGISTRATION', 'REGISTRATION', 1, NULL, '2020-08-20 09:17:53', NULL, '2020-08-20 09:17:53'),
(5, 'PER STUDENT', '', 'PER STUDENT', 1, NULL, '2020-12-18 07:39:52', NULL, '2020-12-18 07:39:52'),
(6, 'PER STUDENT PER SEMESTER', '', 'PER STUDENT PER SEMESTER', 1, NULL, '2020-12-18 07:40:42', NULL, '2020-12-18 07:40:42');

-- --------------------------------------------------------

--
-- Table structure for table `apex_status`
--

CREATE TABLE `apex_status` (
  `id` int(20) NOT NULL,
  `name` varchar(2048) DEFAULT '',
  `code` varchar(2048) DEFAULT '',
  `name_optional_language` varchar(2048) DEFAULT '',
  `status` int(2) DEFAULT 0,
  `created_by` int(20) DEFAULT NULL,
  `created_dt_tm` datetime DEFAULT current_timestamp(),
  `updated_by` int(20) DEFAULT NULL,
  `updated_dt_tm` datetime DEFAULT current_timestamp()
) ENGINE=InnoDB DEFAULT CHARSET=latin1;

--
-- Dumping data for table `apex_status`
--

INSERT INTO `apex_status` (`id`, `name`, `code`, `name_optional_language`, `status`, `created_by`, `created_dt_tm`, `updated_by`, `updated_dt_tm`) VALUES
(1, 'REGISTERED OAT', '', '', 0, NULL, '2020-08-18 12:37:45', NULL, '2020-08-18 12:37:45'),
(2, 'COMPLETED OAT', '', '', 0, NULL, '2020-08-18 12:37:45', NULL, '2020-08-18 12:37:45'),
(3, 'PASS OAT', '', '', 0, NULL, '2020-08-18 12:37:45', NULL, '2020-08-18 12:37:45'),
(4, 'FAILED OAT', '', '', 0, NULL, '2020-08-18 12:37:45', NULL, '2020-08-18 12:37:45'),
(5, 'COMPLETED FORTPOLIO', '', '', 0, NULL, '2020-08-18 12:37:45', NULL, '2020-08-18 12:37:45'),
(6, 'COMPLETED', '', '', 0, NULL, '2020-08-18 12:37:45', NULL, '2020-08-18 12:37:45'),
(7, 'RELEASED', '', '', 0, NULL, '2020-08-18 12:37:45', NULL, '2020-08-18 12:37:45'),
(8, 'CERTIFIED', '', '', 0, NULL, '2020-08-18 12:37:45', NULL, '2020-08-18 12:37:45');

-- --------------------------------------------------------

--
-- Table structure for table `applicant`
--

CREATE TABLE `applicant` (
  `id` int(20) NOT NULL,
  `id_intake` int(11) DEFAULT NULL,
  `id_program` int(11) DEFAULT NULL,
  `full_name` varchar(580) DEFAULT '',
  `salutation` varchar(120) DEFAULT '',
  `first_name` varchar(120) DEFAULT '',
  `last_name` varchar(120) DEFAULT '',
  `nric` varchar(120) DEFAULT '',
  `passport` varchar(120) DEFAULT '',
  `phone` varchar(120) DEFAULT '',
  `email_id` varchar(120) DEFAULT '',
  `contact_email` varchar(500) DEFAULT '',
  `password` varchar(120) DEFAULT '',
  `passport_expiry_date` varchar(120) DEFAULT '',
  `gender` varchar(120) DEFAULT '',
  `date_of_birth` varchar(120) DEFAULT '',
  `martial_status` varchar(120) DEFAULT '',
  `religion` varchar(120) DEFAULT '',
  `nationality` varchar(120) DEFAULT '',
  `is_hostel` int(20) DEFAULT 0,
  `id_degree_type` int(20) DEFAULT 0,
  `id_race` varchar(120) DEFAULT '',
  `mail_address1` varchar(120) DEFAULT '',
  `mail_address2` varchar(120) DEFAULT '',
  `mailing_country` int(120) DEFAULT NULL,
  `mailing_state` int(120) DEFAULT NULL,
  `mailing_city` varchar(120) DEFAULT '',
  `program_scheme` varchar(200) DEFAULT '',
  `id_program_scheme` int(20) DEFAULT 0 COMMENT 'it''s id_learning_mode after flow change',
  `id_program_has_scheme` int(20) DEFAULT 0 COMMENT 'it''s the actual id_scheme for the program',
  `id_fee_structure` int(20) DEFAULT 0,
  `id_program_landscape` int(20) DEFAULT 0,
  `id_program_requirement` int(20) DEFAULT 0,
  `id_university` int(20) DEFAULT 0,
  `id_branch` int(20) DEFAULT 0,
  `mailing_zipcode` varchar(120) DEFAULT '',
  `present_address_same_as_mailing_address` int(20) DEFAULT 0,
  `permanent_address1` varchar(120) DEFAULT '',
  `permanent_address2` varchar(120) DEFAULT '',
  `permanent_country` int(120) DEFAULT NULL,
  `permanent_state` int(120) DEFAULT NULL,
  `permanent_city` varchar(120) DEFAULT '',
  `permanent_zipcode` varchar(120) DEFAULT '',
  `sibbling_discount` varchar(50) DEFAULT '',
  `employee_discount` varchar(50) DEFAULT '',
  `alumni_discount` varchar(50) DEFAULT '',
  `applicant_status` varchar(50) DEFAULT 'Draft',
  `is_sibbling_discount` int(20) DEFAULT 3,
  `is_employee_discount` int(20) DEFAULT 3,
  `is_alumni_discount` int(2) DEFAULT 3,
  `is_apeal_applied` int(2) DEFAULT 3,
  `is_invoice_generated` int(20) DEFAULT 0,
  `id_apeal_status` int(20) DEFAULT 0,
  `phd_duration` int(20) DEFAULT 0,
  `apel_reject_reason` varchar(2048) DEFAULT '',
  `pathway` varchar(200) DEFAULT '',
  `email_verified` int(2) DEFAULT 0,
  `is_submitted` int(2) DEFAULT 0,
  `submitted_date` datetime DEFAULT NULL,
  `is_updated` int(2) DEFAULT 0,
  `id_program_structure_type` int(20) DEFAULT 0,
  `reason` varchar(2048) DEFAULT '',
  `status` int(20) DEFAULT NULL,
  `accept_date` date DEFAULT NULL,
  `approved_by` int(20) DEFAULT 0,
  `approved_dt_tm` datetime DEFAULT NULL,
  `created_by` int(20) DEFAULT NULL,
  `created_dt_tm` datetime DEFAULT current_timestamp(),
  `updated_by` int(20) DEFAULT NULL,
  `updated_dt_tm` datetime DEFAULT current_timestamp(),
  `id_type` varchar(50) DEFAULT NULL,
  `country_code` varchar(50) DEFAULT NULL,
  `english_year` varchar(20) DEFAULT NULL,
  `english_grade` varchar(20) DEFAULT NULL,
  `id_english_test` int(20) DEFAULT NULL,
  `whatsapp_number` varchar(50) DEFAULT NULL,
  `linked_in` varchar(50) DEFAULT NULL,
  `facebook_id` varchar(50) DEFAULT NULL,
  `twitter_id` varchar(50) DEFAULT NULL,
  `ig_id` varchar(50) DEFAULT NULL,
  `profile_pic` varchar(1024) DEFAULT 'default_profile.jpg',
  `step6_status` int(10) DEFAULT NULL,
  `step5_status` int(10) DEFAULT NULL,
  `step4_status` int(10) DEFAULT NULL,
  `step3_status` int(10) DEFAULT NULL,
  `step2_status` int(10) DEFAULT NULL,
  `step1_status` int(10) DEFAULT NULL,
  `applicant_comments` text DEFAULT NULL,
  `step6_comments` text DEFAULT NULL,
  `step5_comments` text DEFAULT NULL,
  `step4_comments` text DEFAULT NULL,
  `step3_comments` text DEFAULT NULL,
  `step2_comments` text DEFAULT NULL,
  `step1_comments` text DEFAULT NULL,
  `portfolio_result` int(10) DEFAULT NULL,
  `portfolio_grade` varchar(100) DEFAULT NULL,
  `challenged_test_status` int(10) DEFAULT NULL,
  `challenged_test_grade` varchar(200) DEFAULT NULL,
  `interview_result` int(10) DEFAULT NULL,
  `interview_grade` varchar(200) DEFAULT NULL
) ENGINE=InnoDB DEFAULT CHARSET=latin1;

--
-- Dumping data for table `applicant`
--

INSERT INTO `applicant` (`id`, `id_intake`, `id_program`, `full_name`, `salutation`, `first_name`, `last_name`, `nric`, `passport`, `phone`, `email_id`, `contact_email`, `password`, `passport_expiry_date`, `gender`, `date_of_birth`, `martial_status`, `religion`, `nationality`, `is_hostel`, `id_degree_type`, `id_race`, `mail_address1`, `mail_address2`, `mailing_country`, `mailing_state`, `mailing_city`, `program_scheme`, `id_program_scheme`, `id_program_has_scheme`, `id_fee_structure`, `id_program_landscape`, `id_program_requirement`, `id_university`, `id_branch`, `mailing_zipcode`, `present_address_same_as_mailing_address`, `permanent_address1`, `permanent_address2`, `permanent_country`, `permanent_state`, `permanent_city`, `permanent_zipcode`, `sibbling_discount`, `employee_discount`, `alumni_discount`, `applicant_status`, `is_sibbling_discount`, `is_employee_discount`, `is_alumni_discount`, `is_apeal_applied`, `is_invoice_generated`, `id_apeal_status`, `phd_duration`, `apel_reject_reason`, `pathway`, `email_verified`, `is_submitted`, `submitted_date`, `is_updated`, `id_program_structure_type`, `reason`, `status`, `accept_date`, `approved_by`, `approved_dt_tm`, `created_by`, `created_dt_tm`, `updated_by`, `updated_dt_tm`, `id_type`, `country_code`, `english_year`, `english_grade`, `id_english_test`, `whatsapp_number`, `linked_in`, `facebook_id`, `twitter_id`, `ig_id`, `profile_pic`, `step6_status`, `step5_status`, `step4_status`, `step3_status`, `step2_status`, `step1_status`, `applicant_comments`, `step6_comments`, `step5_comments`, `step4_comments`, `step3_comments`, `step2_comments`, `step1_comments`, `portfolio_result`, `portfolio_grade`, `challenged_test_status`, `challenged_test_grade`, `interview_result`, `interview_grade`) VALUES
(116, 3, 10, 'Mr. Developper Testing One', '1', 'Developper', 'Testing One', '80001', '', '80001', 'dt1@eag.com', '', '202cb962ac59075b964b07152d234b70', '', 'Male', '2021-01-16', 'Single', '2', 'Malaysian', 1, 2, '5', 'No 1 , KL ', 'KL', 110, 1, 'KL', 'Online - Part Time', 29, 1, 24, 34, 1, 9, 9, '12341231', 1, ' No 1, KL', 'KL', 110, 1, 'KL', '12312', '', 'Yes', '', 'Approved', 3, 1, 3, 1, 61, 8, 1, '', 'APEL', 1, 1, '2021-01-13 16:45:12', 1, 1, '', NULL, NULL, 1, '2021-01-13 00:00:00', NULL, '2021-01-12 21:42:23', NULL, '2021-01-12 21:42:23', NULL, NULL, NULL, NULL, NULL, NULL, NULL, NULL, NULL, NULL, 'default_profile.jpg', NULL, NULL, NULL, NULL, NULL, NULL, 'd', NULL, NULL, NULL, NULL, NULL, NULL, NULL, NULL, NULL, NULL, NULL, NULL),
(120, 3, 10, 'Ms. Hazna Ahmad', '3', 'Hazna', 'Ahmad', '710202022222', '', '0126015943', 'hazzna@gmail.com', '', '45b9a75b20ef4a98f9a159143c636fcf', '', 'Female', '1974-01-05', 'Married', '1', '1', 1, 1, '1', '57 JALAN SWEI INTAN 3', 'TAMAN SERI INTAN', 110, 5, 'Ampang', '', 29, 1, 0, 0, 0, 9, 9, '68000', 1, '57 JALAN SWEI INTAN 3', 'TAMAN SERI INTAN', 110, 5, 'Ampang', '68000', '', '', '', 'Draft', 3, 3, 3, 3, 0, 0, 0, '', '', 1, 0, NULL, 1, 1, '', NULL, NULL, 0, NULL, NULL, '2021-01-13 16:54:15', NULL, '2021-01-13 16:54:15', NULL, NULL, NULL, NULL, NULL, NULL, NULL, NULL, NULL, NULL, 'default_profile.jpg', NULL, NULL, NULL, NULL, NULL, NULL, NULL, NULL, NULL, NULL, NULL, NULL, NULL, NULL, NULL, NULL, NULL, NULL, NULL),
(122, 3, 10, 'Mr. Testing  one', '1', 'Testing ', 'one', 'BRMV2M1', '', '1234567893', 'test1@gmail.com', '', '245cf079454dc9a3374a7c076de247cc', '', 'Male', '2021-01-15', 'Single', '3', '3', 1, 2, '', 'add one', 'two', 1, 17, 'city', 'Online - Part Time', 29, 3, 25, 34, 0, 9, 9, '12333', 1, 'add one', 'two', 3, 19, 'city', '12333', '', '', '', 'Draft', 3, 3, 3, 3, 0, 0, 0, '', 'DIRECT ENTRY', 1, 1, '2021-01-15 02:20:35', 1, 1, '', NULL, NULL, 0, NULL, NULL, '2021-01-14 12:47:23', NULL, '2021-01-14 12:47:23', 'PASSPORT', '+61', '', '', 1, NULL, NULL, NULL, NULL, NULL, 'default_profile.jpg', NULL, NULL, NULL, NULL, NULL, NULL, NULL, NULL, NULL, NULL, NULL, NULL, NULL, NULL, NULL, NULL, NULL, NULL, NULL),
(123, 3, 10, 'Mr. Developper Testing Two', '1', 'Developper', 'Testing Two', '80002', '', '8000211111', 'dt2@eag.com', '', '202cb962ac59075b964b07152d234b70', '', 'Male', '2021-01-12', 'Single', '3', '1', 1, 2, '5', 'KL', 'KL', 110, 1, 'KL', 'Online - Full Time', 31, 1, 23, 34, 0, 9, 9, '123', 1, 'KL', 'KL', 110, 1, 'KL', '123', '', 'Yes', '', 'Draft', 3, 1, 3, 3, 62, 0, 0, '', 'DIRECT ENTRY', 1, 1, '2021-01-15 02:24:41', 1, 1, '', NULL, NULL, 1, '2021-01-15 00:00:00', NULL, '2021-01-14 12:51:28', NULL, '2021-01-14 12:51:28', 'NRIC', '+61', '', '', 0, NULL, NULL, NULL, NULL, NULL, 'default_profile.jpg', NULL, NULL, NULL, NULL, NULL, NULL, NULL, NULL, NULL, NULL, NULL, NULL, NULL, NULL, NULL, NULL, NULL, NULL, NULL),
(124, 3, 10, 'Mr. zolhisam yunus', '1', 'zolhisam', 'yunus', 'A123456', '', '0123995943', 'zolhisay@gmail.com', '', '6e8ca3f0cd944ec7a80f8f3369b6638f', '', 'Male', '1970-01-01', 'Married', '1', '4', 1, 2, '', '57 JALAN SERI INTAN 3', 'TAMAN SERI INTAN', 110, 5, 'Ampang', 'Online - Part Time', 29, 3, 25, 34, 0, 9, 9, '68000', 1, '57 JALAN SERI INTAN 3', 'TAMAN SERI INTAN', 110, 5, 'Ampang', '68000', '', '', '', 'Approved', 3, 3, 3, 3, 67, 0, 1, '', 'DIRECT ENTRY', 1, 1, '2021-01-15 14:41:30', 1, 1, '', NULL, NULL, 1, '2021-01-15 00:00:00', NULL, '2021-01-14 19:56:09', NULL, '2021-01-14 19:56:09', 'PASSPORT', '+61', '', '', 1, NULL, NULL, NULL, NULL, NULL, 'default_profile.jpg', NULL, NULL, NULL, NULL, NULL, NULL, NULL, NULL, NULL, NULL, NULL, NULL, NULL, NULL, NULL, NULL, NULL, NULL, NULL),
(125, 3, 10, 'Mr. HH 01', '1', 'HH', '01', '789', '', '7894561230', 'hh01@g.com', '', '1b819199cc41378a4da4d4949e5ddbd2', '', 'Male', '2020-01-01', 'Single', '15', '1', 1, 2, '5', 'No. 12/1 A', 'Paradise street', 110, 9, 'Johor Bahru', 'Online - Full Time', 31, 1, 23, 34, 0, 9, 9, '79100', 0, 'No. 12/1 A', 'Paradise street', 110, 9, 'Johor Bahru', '79100', '', '', '', 'Draft', 3, 3, 3, 3, 63, 0, 1, '', 'DIRECT ENTRY', 1, 1, '2021-01-15 11:06:01', 1, 1, '', NULL, NULL, 1, '2021-01-15 00:00:00', NULL, '2021-01-14 21:20:25', NULL, '2021-01-14 21:20:25', 'NRIC', '+61', '', '', 0, NULL, NULL, NULL, NULL, NULL, 'default_profile.jpg', NULL, NULL, NULL, NULL, NULL, NULL, NULL, NULL, NULL, NULL, NULL, NULL, NULL, NULL, NULL, NULL, NULL, NULL, NULL),
(126, 3, 10, 'Mr. KK 01', '1', 'KK', '01', '123', '', '1234567790', 'kk01@g.com', '', '3f468f63dff832fd26bf14683b095b5d', '', 'Male', '1992-01-01', 'Single', '4', '4', 1, 2, '', 'No. 007', 'Building - Saturn', 110, 9, 'Johor', 'Online - Full Time', 31, 3, 23, 34, 0, 9, 9, '75000', 1, 'No. 007', 'Building - Saturn', 110, 9, 'Johor', '75000', '', '', '', 'Draft', 3, 3, 3, 3, 64, 0, 1, '', 'DIRECT ENTRY', 1, 1, '2021-01-15 12:35:07', 1, 1, '', NULL, NULL, 1, '2021-01-15 00:00:00', NULL, '2021-01-14 22:52:58', NULL, '2021-01-14 22:52:58', 'NRIC', '+61', '', '', 1, NULL, NULL, NULL, NULL, NULL, 'default_profile.jpg', NULL, NULL, NULL, NULL, NULL, NULL, NULL, NULL, NULL, NULL, NULL, NULL, NULL, NULL, NULL, NULL, NULL, NULL, NULL),
(127, 3, 10, 'Mr. Ezz Ali', '1', 'Ezz', 'Ali', '123123', '', '1139646066', 'ezzittech@gmail.com', '', 'e10adc3949ba59abbe56e057f20f883e', '', 'Male', '1991-01-01', 'Single', '1', '4', 1, 2, '', 'Jalan Ampang', '', 110, 6, 'Ampang', 'Online - Part Time', 29, 3, 25, 34, 0, 9, 9, '50450', 1, 'Jalan Ampang', '', 110, 6, 'Ampang', '50450', '', '', '', 'Migrated', 3, 3, 3, 3, 66, 0, 1, '', 'DIRECT ENTRY', 1, 1, '2021-01-15 13:40:48', 1, 1, '', NULL, NULL, 1, '2021-01-15 15:07:55', NULL, '2021-01-15 00:03:46', NULL, '2021-01-15 00:03:46', 'PASSPORT', '+61', '', '', 1, NULL, NULL, NULL, NULL, NULL, 'default_profile.jpg', NULL, NULL, NULL, NULL, NULL, NULL, NULL, NULL, NULL, NULL, NULL, NULL, NULL, NULL, NULL, NULL, NULL, NULL, NULL),
(128, 3, 10, 'Mr. Salam K.', '1', 'Salam', 'K.', '09778866', '', '0182343385', 'eng.abdulsalam@yahoo.com', '', 'e10adc3949ba59abbe56e057f20f883e', '', 'Male', '2000-01-01', 'Married', '1', '1', 1, 2, '1', 'C-7-7, Megan Phileo Promenade Block C, Hampshire Park', '', 110, 6, 'Kuala Lumpur', 'Online - Full Time', 31, 1, 23, 34, 0, 9, 9, '50450', 1, 'C-7-7, Megan Phileo Promenade Block C, Hampshire Park', '', 110, 6, 'Kuala Lumpur', '50450', '', '', '', 'Migrated', 3, 3, 3, 3, 65, 0, 1, '', 'DIRECT ENTRY', 1, 1, '2021-01-15 14:07:40', 1, 1, '', NULL, NULL, 1, '2021-01-15 15:09:47', NULL, '2021-01-15 00:29:11', NULL, '2021-01-15 00:29:11', 'PASSPORT', '+61', '', '', 0, NULL, NULL, NULL, NULL, NULL, 'default_profile.jpg', NULL, NULL, NULL, NULL, NULL, NULL, NULL, NULL, NULL, NULL, NULL, NULL, NULL, NULL, NULL, NULL, NULL, NULL, NULL),
(129, 3, 10, 'Mr. Developper Testing Four', '1', 'Developper', 'Testing Four', '80004', '', '8000000004', 'dt4@eag.com', '', '202cb962ac59075b964b07152d234b70', '', 'Male', '2002-01-29', '', '3', '1', 1, 2, '3', 'KL', 'KL', 110, 1, 'KL', 'Online - Part Time', 29, 1, 25, 34, 0, 9, 9, '12345', 1, 'KL', 'KL', 110, 1, 'KL', '12345', '', '', '', 'Draft', 3, 3, 3, 3, 0, 0, 1, '', 'DIRECT ENTRY', 1, 1, '2021-01-15 20:51:35', 1, 1, '', NULL, NULL, 0, NULL, NULL, '2021-01-15 07:16:35', NULL, '2021-01-15 07:16:35', 'NRIC', '+61', '', '', 0, NULL, NULL, NULL, NULL, NULL, 'default_profile.jpg', NULL, NULL, NULL, NULL, NULL, NULL, NULL, NULL, NULL, NULL, NULL, NULL, NULL, NULL, NULL, NULL, NULL, NULL, NULL),
(130, 3, 10, 'Mr. Developper Testing Five', '1', 'Developper', 'Testing Five', '80005', '', '8000000005', 'dt5@eag.com', '', '202cb962ac59075b964b07152d234b70', '', 'Male', '2021-01-13', 'Single', '4', '1', 1, 2, '3', 'KL', 'KL', 110, 1, 'KL', 'Online - Part Time', 29, 1, 25, 34, 0, 9, 9, '12345', 1, 'KL', 'KL', 110, 1, 'KL', '12345', '', '', '', 'Migrated', 3, 3, 3, 3, 68, 0, 1, '', 'DIRECT ENTRY', 1, 1, '2021-01-16 00:14:43', 1, 1, '', NULL, NULL, 1, '2021-01-16 00:00:00', NULL, '2021-01-15 10:38:12', NULL, '2021-01-15 10:38:12', 'NRIC', '+61', '', '', 0, '999999999', 'www.vk88888.com', 'www.vk88888.com', 'www.vk88888.com', 'www.vk88888.com', '75da8db6e1ac110031b2835bac9102fc.png', NULL, NULL, NULL, NULL, NULL, NULL, NULL, NULL, NULL, NULL, NULL, NULL, NULL, NULL, NULL, NULL, NULL, NULL, NULL),
(131, 3, 10, 'Ms. HANIZA ahmad', '3', 'HANIZA', 'ahmad', 'a123789', '', '0193574124', 'hazna@creativebytes.com.my', '', '8a3f87dbc621ec58f8c540429eb5313c', '', 'Female', '1978-01-01', 'Married', '1', '4', 1, 2, '', 'B-0-8 Jalan Pinggiran Cempaka', 'Taman Cempaka', 110, 5, 'Ampang', 'Online - Part Time', 29, 3, 25, 34, 0, 9, 9, '68000', 1, 'B-0-8 Jalan Pinggiran Cempaka', 'Taman Cempaka', 110, 5, 'Ampang', '68000', '', '', '', 'Submitted', 3, 3, 3, 3, 0, 0, 1, '', 'DIRECT ENTRY', 1, 1, '2021-01-16 12:18:30', 1, 1, '', NULL, NULL, 0, NULL, NULL, '2021-01-15 11:13:44', NULL, '2021-01-15 11:13:44', 'PASSPORT', '+61', '2020', '120', 1, '', '', '', '', '', 'd413dcfb92ed1364b8053c779ba146cb.jpg', NULL, NULL, NULL, NULL, NULL, NULL, NULL, NULL, NULL, NULL, NULL, NULL, NULL, NULL, NULL, NULL, NULL, NULL, NULL),
(132, 3, 10, 'Ms. Ma. Cristina Leyson', '3', 'Ma. Cristina', 'Leyson', 'P1712008A', '', '639158867822', 'kaye.ilcmarketing@gmail.com', '', 'b98ba340154b41f28f5dc65b5122891f', '', 'Female', '1987-09-16', 'Single', '9', '4', 1, 2, '', 'B38 L31 Ph1 Cityhomes Resortville', '', 146, 162, 'Dasmarinas', 'Online - Part Time', 29, 3, 25, 34, 0, 9, 9, '4114', 1, 'B38 L31 Ph1 Cityhomes Resortville', '', 146, 162, 'Dasmarinas', '4114', '', '', '', 'Submitted', 3, 3, 3, 3, 0, 0, 1, '', 'DIRECT ENTRY', 1, 1, '2021-01-17 01:27:58', 1, 1, '', NULL, NULL, 0, NULL, NULL, '2021-01-16 11:46:00', NULL, '2021-01-16 11:46:00', 'PASSPORT', '+61', '', '', 1, '+639951024112', 'https://www.linkedin.com/in/kayeleyson/', 'https://www.facebook.com/kayeleyson12/', 'https://twitter.com/KayeLeyson_', 'https://www.instagram.com/kaye.leyson/', 'default_profile.jpg', NULL, NULL, NULL, NULL, NULL, NULL, NULL, NULL, NULL, NULL, NULL, NULL, NULL, NULL, NULL, NULL, NULL, NULL, NULL),
(133, 3, 10, 'Mrs. Mohd Tej', '2', 'Mohd', 'Tej', 'NRI', '', '12312331', 'nric@G.COM', '', '45b7a98aa964e7a1cbcfee04a5fcc76b', '', 'Female', '2021-01-17', 'Married', '4', '2', 1, 2, '', 'addres one', 'two', 3, 19, 'city', 'Online - Part Time', 29, 3, 25, 34, 0, 9, 9, '123456', 1, 'addres one', 'two', 3, 19, 'city', '123456', '', '', '', 'Pending documents', 3, 3, 3, 3, 0, 0, 1, '', 'DIRECT ENTRY', 1, 1, '2021-01-17 02:09:39', 1, 1, '', NULL, NULL, 0, NULL, NULL, '2021-01-16 12:36:34', NULL, '2021-01-16 12:36:34', 'NRIC', '+61', '1990', 'A', 1, 'w', 'l', 'f', 't', 'i', 'default_profile.jpg', 1, 1, 2, 1, 1, 1, 'asdf', 'vvvv', 'v', 'Reupload', 'v', 'v', 'c', NULL, NULL, NULL, NULL, NULL, NULL),
(134, 3, 10, 'Mr. Developper Testing Six', '1', 'Developper', 'Testing Six', 'NRIC', '', '8888888806', 'dt6@eag.com', '', '202cb962ac59075b964b07152d234b70', '', 'Male', '2021-01-18', 'Single', '5', '1', 1, 2, '5', 'KL', 'KL', 1, 17, 'KL', 'Online - Part Time', 29, 1, 25, 34, 0, 9, 9, '12345', 1, 'KL', 'KL', 1, 17, 'KL', '12345', '', '', '', 'Migrated', 3, 3, 3, 3, 0, 0, 1, '', 'DIRECT ENTRY', 1, 1, '2021-01-17 21:32:35', 1, 1, '', NULL, NULL, 0, NULL, NULL, '2021-01-17 06:21:54', NULL, '2021-01-17 06:21:54', 'NRIC', '+61', '', '', 0, '999999999', 'www.vk88888.com', 'www.vk88888.com', 'www.vk88888.com', 'www.vk88888.com', 'default_profile.jpg', 1, 1, 1, NULL, 1, 1, 'Approved', 'Verified', 'Verified', 'Ver', NULL, 'Verified', 'Verified', NULL, NULL, NULL, NULL, NULL, NULL),
(135, NULL, NULL, 'Ms. kira asd', '3', 'kira', 'asd', 'nriciiii', '', '234234', 'a@a.com', '', '0cc175b9c0f1b6a831c399e269772661', '', '', '', '', '', '', 0, 0, '', '', '', NULL, NULL, '', '', 0, 0, 0, 0, 0, 0, 0, '', 0, '', '', NULL, NULL, '', '', '', '', '', 'Draft', 3, 3, 3, 3, 0, 0, 0, '', '', 1, 0, NULL, 0, 0, '', NULL, NULL, 0, NULL, NULL, '2021-01-17 09:10:08', NULL, '2021-01-17 09:10:08', 'NRIC', '+61', NULL, NULL, NULL, NULL, NULL, NULL, NULL, NULL, 'default_profile.jpg', NULL, NULL, NULL, NULL, NULL, NULL, NULL, NULL, NULL, NULL, NULL, NULL, NULL, NULL, NULL, NULL, NULL, NULL, NULL),
(136, 3, 10, 'Mr. LL 01', '1', 'LL', '01', '123456', '', '123456', 'll01@g.com', '', '5f4dcc3b5aa765d61d8327deb882cf99', '', 'Male', '0202-01-01', '', '5', '1', 1, 2, '5', 'No. 12/1 A', 'Paradise street', 1, 1, 'Johor Bahru', 'Online - Full Time', 31, 1, 23, 34, 0, 9, 9, '79100', 1, 'No. 12/1 A', 'Paradise street', 1, 1, 'Johor Bahru', '79100', '', '', '', 'Approved', 3, 3, 3, 3, 0, 0, 1, '', 'DIRECT ENTRY', 1, 1, '2021-01-18 07:38:55', 1, 1, '', NULL, NULL, 0, NULL, NULL, '2021-01-17 17:57:52', NULL, '2021-01-17 17:57:52', 'NRIC', '+93', '', '', 0, '123456', 'll01', '', '', 'll01', 'b330d8ed3de6fe2afa6639bcdcd25b31.jpg', 1, 1, 1, 1, 0, 0, 'Approved', '', '', '', 'Verified', '', '', 0, '', 0, '', 0, ''),
(137, 3, 10, 'Mr. MM 01', '1', 'MM', '01', 'LM05789', '', '0101010101', 'mm01@g.com', '', '9eb5a09ebc3e0b9cff10e49b7fdbd399', '', 'Male', '1942-01-01', '', '7', '9', 1, 2, '', 'No. 007', 'Building - Saturn', 1, 9, 'Johor', 'Online - Part Time', 29, 3, 25, 34, 0, 9, 9, '75000', 1, 'No. 007', 'Building - Saturn', 1, 9, 'Johor', '75000', '', '', '', 'Migrated', 3, 3, 3, 3, 76, 0, 1, '', 'DIRECT ENTRY', 1, 1, '2021-01-18 09:57:10', 1, 1, '', NULL, NULL, 0, NULL, NULL, '2021-01-17 20:06:26', NULL, '2021-01-17 20:06:26', 'PASSPORT', '+355', '1990', 'A', 1, '', '', '', '', '', '93f27d23afd21ee4f7a5d6a8b8794984.jpg', 1, 1, 1, 1, 1, 0, 'Approved', '', '', '', 'verified', '', '', 0, '', 0, '', 0, ''),
(138, NULL, NULL, 'Ms. NN 01', '3', 'NN', '01', '1347', '', '7896', 'nn01@g.com', '', '4f77d57c7f30adbdc3c3aa9cd94e2bf5', '', 'Female', '2013-04-01', 'Single', '2', '1', 1, 0, '2', '', '', NULL, NULL, '', '', 0, 0, 0, 0, 0, 0, 0, '', 0, '', '', NULL, NULL, '', '', '', '', '', 'Draft', 3, 3, 3, 3, 0, 0, 0, '', '', 1, 0, NULL, 1, 0, '', NULL, NULL, 0, NULL, NULL, '2021-01-17 23:17:19', NULL, '2021-01-17 23:17:19', 'NRIC', '+61', NULL, NULL, NULL, NULL, NULL, NULL, NULL, NULL, 'default_profile.jpg', NULL, NULL, NULL, NULL, NULL, NULL, NULL, NULL, NULL, NULL, NULL, NULL, NULL, NULL, NULL, NULL, NULL, NULL, NULL),
(139, 3, 10, 'Ms. PP 01', '3', 'PP', '01', '7198', '', '934789', 'pp01@g.com', '', 'c2cca5c59b1f2e38b24b496c08c9632a', '', 'Female', '1990-01-03', '', '8', '1', 1, 2, '2', 'No. 12/1 A', 'Paradise street', 1, 9, 'Johor Bahru', 'Online - Full Time', 31, 1, 23, 34, 0, 9, 9, '79100', 1, 'No. 12/1 A', 'Paradise street', 1, 9, 'Johor Bahru', '79100', '', '', '', 'Submitted', 3, 3, 3, 3, 0, 0, 1, '', 'DIRECT ENTRY', 1, 1, '2021-01-18 22:56:43', 1, 1, '', NULL, NULL, 0, NULL, NULL, '2021-01-18 09:14:11', NULL, '2021-01-18 09:14:11', 'NRIC', '+92', '', '', 0, '0402344689', '', '', '', '', '0eb157a070a376642ef4b14b8ee24769.jpg', NULL, NULL, 1, NULL, 0, 1, NULL, NULL, NULL, '', NULL, '', '', NULL, NULL, NULL, NULL, NULL, NULL);

-- --------------------------------------------------------

--
-- Table structure for table `applicant_has_alumni_discount`
--

CREATE TABLE `applicant_has_alumni_discount` (
  `id` int(20) NOT NULL,
  `id_applicant` int(20) DEFAULT NULL,
  `alumni_name` varchar(520) DEFAULT '',
  `alumni_nric` varchar(520) DEFAULT '',
  `alumni_email` varchar(520) DEFAULT '',
  `alumni_status` varchar(50) DEFAULT 'Pending',
  `reason` varchar(500) DEFAULT '',
  `status` int(2) DEFAULT NULL,
  `rejected_by` int(20) DEFAULT 0,
  `rejected_on` datetime DEFAULT NULL,
  `created_by` int(20) DEFAULT NULL,
  `created_dt_tm` datetime DEFAULT current_timestamp(),
  `updated_by` int(20) DEFAULT NULL,
  `updated_dt_tm` datetime DEFAULT current_timestamp()
) ENGINE=InnoDB DEFAULT CHARSET=latin1;

--
-- Dumping data for table `applicant_has_alumni_discount`
--

INSERT INTO `applicant_has_alumni_discount` (`id`, `id_applicant`, `alumni_name`, `alumni_nric`, `alumni_email`, `alumni_status`, `reason`, `status`, `rejected_by`, `rejected_on`, `created_by`, `created_dt_tm`, `updated_by`, `updated_dt_tm`) VALUES
(11, 30, 'aa', '234234', 'a@a.com', 'Pending', '', NULL, 0, NULL, NULL, '2020-08-22 23:46:42', NULL, '2020-08-22 23:46:42'),
(12, 31, 'Alumni ', '123', 'alimni1@cms.com', 'Approved', '', NULL, 1, '2020-08-24 00:33:00', NULL, '2020-08-23 09:12:11', NULL, '2020-08-23 09:12:11');

-- --------------------------------------------------------

--
-- Table structure for table `applicant_has_discount`
--

CREATE TABLE `applicant_has_discount` (
  `id` int(20) NOT NULL,
  `id_applicant` int(20) DEFAULT NULL,
  `id_discount` bigint(20) DEFAULT NULL,
  `status` int(2) DEFAULT NULL,
  `created_by` int(20) DEFAULT NULL,
  `created_dt_tm` datetime DEFAULT current_timestamp(),
  `updated_by` int(20) DEFAULT NULL,
  `updated_dt_tm` datetime DEFAULT current_timestamp()
) ENGINE=InnoDB DEFAULT CHARSET=latin1;

--
-- Dumping data for table `applicant_has_discount`
--

INSERT INTO `applicant_has_discount` (`id`, `id_applicant`, `id_discount`, `status`, `created_by`, `created_dt_tm`, `updated_by`, `updated_dt_tm`) VALUES
(2, 131, 3, NULL, NULL, '2021-01-16 22:19:39', NULL, '2021-01-16 22:19:39'),
(3, 133, 3, NULL, NULL, '2021-01-16 12:39:19', NULL, '2021-01-16 12:39:19'),
(4, 134, 3, NULL, NULL, '2021-01-17 08:02:28', NULL, '2021-01-17 08:02:28'),
(5, 136, 3, NULL, NULL, '2021-01-17 18:08:39', NULL, '2021-01-17 18:08:39'),
(8, 137, 4, NULL, NULL, '2021-01-17 20:26:20', NULL, '2021-01-17 20:26:20'),
(9, 139, 4, NULL, NULL, '2021-01-18 09:26:12', NULL, '2021-01-18 09:26:12');

-- --------------------------------------------------------

--
-- Table structure for table `applicant_has_document`
--

CREATE TABLE `applicant_has_document` (
  `id` int(20) NOT NULL,
  `id_applicant` int(20) DEFAULT NULL,
  `id_document` varchar(520) DEFAULT '',
  `file_name` varchar(520) DEFAULT '',
  `file` varchar(500) DEFAULT '',
  `reason` varchar(500) DEFAULT '',
  `status` int(2) DEFAULT NULL,
  `created_by` int(20) DEFAULT NULL,
  `created_dt_tm` datetime DEFAULT current_timestamp(),
  `updated_by` int(20) DEFAULT NULL,
  `updated_dt_tm` datetime DEFAULT current_timestamp()
) ENGINE=InnoDB DEFAULT CHARSET=latin1;

--
-- Dumping data for table `applicant_has_document`
--

INSERT INTO `applicant_has_document` (`id`, `id_applicant`, `id_document`, `file_name`, `file`, `reason`, `status`, `created_by`, `created_dt_tm`, `updated_by`, `updated_dt_tm`) VALUES
(2, 26, '2', '7 days lock down order.pdf', '', '', NULL, NULL, '2020-08-19 22:01:31', NULL, '2020-08-19 22:01:31'),
(3, 47, '2', 'Nature 1.jpg', '96195e828c30169c643b11c027724759.jpg', '', NULL, NULL, '2020-09-12 12:47:22', NULL, '2020-09-12 12:47:22'),
(5, 48, '1', 'Temp Comforts.png', '3379c9e286c0a7e031b30f4d27b256ff.png', '', NULL, NULL, '2020-09-13 14:26:16', NULL, '2020-09-13 14:26:16'),
(6, 48, '3', 'Kiru_Matsamudra.jpeg', '7c4f78a592c0ea5fa3b9e7d576390df1.jpeg', '', NULL, NULL, '2020-09-13 14:26:16', NULL, '2020-09-13 14:26:16'),
(7, 49, '2', 'soooocute.png', '3c722b02d7898704083b5241009ff33a.png', '', NULL, NULL, '2020-09-15 05:04:21', NULL, '2020-09-15 05:04:21'),
(8, 49, '1', 'Screenshot from 2020-03-17 23-54-22.png', '022f080124c308a977f155ccec3b1327.png', '', NULL, NULL, '2020-09-15 05:04:21', NULL, '2020-09-15 05:04:21'),
(9, 51, '2', 'student marks entry.png', '28acbcd054820945f1767b65a0c99ae7.png', '', NULL, NULL, '2020-10-08 22:09:41', NULL, '2020-10-08 22:09:41'),
(10, 51, '1', 'taralabalu mata.jpg', '4e4de032279ffdd505f5fbb57af14c2b.jpg', '', NULL, NULL, '2020-10-08 22:09:41', NULL, '2020-10-08 22:09:41'),
(11, 52, '2', 'soooocute.png', 'd38ca48329d03a6ca6fe7fc93a9704f2.png', '', NULL, NULL, '2020-10-10 00:53:20', NULL, '2020-10-10 00:53:20'),
(12, 52, '1', 'taralabalu mata.jpg', '17c9dd5f7d0ca5ca3f087dc52376b994.jpg', '', NULL, NULL, '2020-10-10 00:53:20', NULL, '2020-10-10 00:53:20'),
(13, 53, '1', 'student marks entry.png', '9a5f2e173278ed0adc848401f39b62aa.png', '', NULL, NULL, '2020-10-10 01:28:55', NULL, '2020-10-10 01:28:55'),
(14, 53, '3', 'Temp Comforts.png', '512da440d68f405ce7880463839a0d77.png', '', NULL, NULL, '2020-10-10 01:28:55', NULL, '2020-10-10 01:28:55'),
(15, 54, '2', 'Selection_001.png', 'c4024f00804d814f74b2aefbfe29e81b.png', '', NULL, NULL, '2020-10-27 07:18:34', NULL, '2020-10-27 07:18:34'),
(16, 54, '1', 'Screenshot from 2020-03-17 23-45-27.png', '4adad3ad5e499c15e0c3f5260cfecfff.png', '', NULL, NULL, '2020-10-27 07:18:34', NULL, '2020-10-27 07:18:34'),
(17, 55, '3', 'student marks entry.png', 'bc3187df82bc82b867bc6bd2c639c603.png', '', NULL, NULL, '2020-11-08 10:05:42', NULL, '2020-11-08 10:05:42'),
(18, 55, '1', 'Selection_001.png', '6bb95e2d01de4e64f355b090d3a09e5e.png', '', NULL, NULL, '2020-11-08 10:05:42', NULL, '2020-11-08 10:05:42'),
(19, 56, '3', 'sponser.jpeg', '6a0be1deba7212cb942c553434cca78c.jpeg', '', NULL, NULL, '2020-11-08 22:10:47', NULL, '2020-11-08 22:10:47'),
(20, 56, '1', 'Screenshot from 2020-03-17 23-45-27.png', '978e5c04fd85543faa1a78435cbd6118.png', '', NULL, NULL, '2020-11-08 22:10:47', NULL, '2020-11-08 22:10:47'),
(21, 57, '3', 'soooocute.png', 'a56b5af7bd3d74641ddb12850f457183.png', '', NULL, NULL, '2020-11-08 22:15:18', NULL, '2020-11-08 22:15:18'),
(22, 57, '1', 'Screenshot from 2020-03-17 23-54-22.png', 'e8262051f1caaadb10afaee42fe02d31.png', '', NULL, NULL, '2020-11-08 22:15:18', NULL, '2020-11-08 22:15:18'),
(23, 58, '3', 'student marks entry.png', '0e8feb78d07392f5adf84caacfa7f0c5.png', '', NULL, NULL, '2020-11-09 11:53:19', NULL, '2020-11-09 11:53:19'),
(24, 58, '1', 'Screenshot from 2020-09-24 18-52-55.png', 'dcb533a3253b516629066b635388eab1.png', '', NULL, NULL, '2020-11-09 11:53:19', NULL, '2020-11-09 11:53:19'),
(25, 59, '3', 'Documents Required For Hazna.jpeg', '8bc7c69799cb3c880d9eea59c94b39f1.jpeg', '', NULL, NULL, '2020-11-09 12:02:36', NULL, '2020-11-09 12:02:36'),
(26, 59, '1', 'scholarship.jpeg', '4ea4bfce6350d0f189d9a2e7d512b0e0.jpeg', '', NULL, NULL, '2020-11-09 12:02:36', NULL, '2020-11-09 12:02:36'),
(27, 60, '3', 'zoho_invoice.pdf', '9adfcccb1d7c2965447dc07e40b067ba.pdf', '', NULL, NULL, '2020-11-09 20:40:09', NULL, '2020-11-09 20:40:09'),
(28, 60, '1', 'zoho_invoice.pdf', 'e1ce24433016d94c0c7b528e529d343b.pdf', '', NULL, NULL, '2020-11-09 20:40:09', NULL, '2020-11-09 20:40:09'),
(29, 61, '3', 'student marks entry.png', 'e9288d9edc8747d976cc2b7d61a46943.png', '', NULL, NULL, '2020-11-10 09:46:25', NULL, '2020-11-10 09:46:25'),
(30, 61, '1', 'taralabalu mata.jpg', 'b59380a67ff92c84385d38d879023b10.jpg', '', NULL, NULL, '2020-11-10 09:46:25', NULL, '2020-11-10 09:46:25'),
(31, 67, '4', '123.png', '4e4625014065ff460ee039cfd06e3f69.png', '', NULL, NULL, '2020-11-15 10:13:48', NULL, '2020-11-15 10:13:48'),
(32, 70, '1', 'alyce-68052.png', 'a51c50600e1161f7cac458ef8b06979b.png', '', NULL, NULL, '2020-12-02 05:09:13', NULL, '2020-12-02 05:09:13'),
(33, 70, '3', 'alyce-68052.png', '5d1a856e357673074bedd292eaceea09.png', '', NULL, NULL, '2020-12-02 05:09:13', NULL, '2020-12-02 05:09:13'),
(34, 72, '1', 'Selection_003.png', '8da5a594ee55cc5667eddada1fa33f26.png', '', NULL, NULL, '2020-12-07 11:25:11', NULL, '2020-12-07 11:25:11'),
(35, 72, '3', 'vachana 98.png', '92495220103b299ad7fed195e74808e7.png', '', NULL, NULL, '2020-12-07 11:25:11', NULL, '2020-12-07 11:25:11'),
(36, 75, '1', '55f8f3e1-4980-470f-8328-b04eefa06f60.jpeg', 'cfabee7272010915f4ad9c799c1e9d0f.jpeg', '', NULL, NULL, '2020-12-07 19:13:55', NULL, '2020-12-07 19:13:55'),
(37, 76, '1', 'vachana 1.png', '6cea28df3d614a462f92f45995d27317.png', '', NULL, NULL, '2020-12-08 02:41:09', NULL, '2020-12-08 02:41:09'),
(38, 76, '2', 'taralabalu mata.jpg', '64fe0bbd3c235de24d4af44860ea2fab.jpg', '', NULL, NULL, '2020-12-08 02:41:09', NULL, '2020-12-08 02:41:09'),
(39, 85, '1', 'scholarship_programme partner_programme.png', '5a87e80d2c2f5fa8c01101e66d42888e.png', '', NULL, NULL, '2020-12-10 00:28:46', NULL, '2020-12-10 00:28:46'),
(40, 86, '1', 'sponser.jpeg', '22ecc363be35308fa9b2b8247c0282df.jpeg', '', NULL, NULL, '2020-12-12 10:47:03', NULL, '2020-12-12 10:47:03'),
(41, 87, '1', 'vachana90.png', '49562c47c6b21b657375cdd2843a62f5.png', '', NULL, NULL, '2020-12-12 10:56:22', NULL, '2020-12-12 10:56:22'),
(42, 88, '1', 'vachana91.png', '1d22b3e4e4af6f566943cb0c68a2e8d2.png', '', NULL, NULL, '2020-12-12 11:40:36', NULL, '2020-12-12 11:40:36'),
(43, 89, '1', 'vachana91.png', '6c8baa1a9bc46fdce4b5ff9cad908e18.png', '', NULL, NULL, '2020-12-15 10:25:44', NULL, '2020-12-15 10:25:44'),
(44, 92, '1', 'adad.png', '423931e2d1e83aad1d4291c659b7a03e.png', '', NULL, NULL, '2020-12-18 13:05:41', NULL, '2020-12-18 13:05:41'),
(45, 93, '1', 'bydget_transfer 1.jpeg', '7a9c8439062cbc8141fe5f1fbd3f3158.jpeg', '', NULL, NULL, '2020-12-18 13:16:36', NULL, '2020-12-18 13:16:36'),
(46, 94, '1', 'address link.png', '9d199283ab363f4f2d02f2873a712c39.png', '', NULL, NULL, '2020-12-19 14:31:13', NULL, '2020-12-19 14:31:13'),
(47, 96, '1', 'adad.png', 'cce8e13097c97071b0dafc68ee6fa831.png', '', NULL, NULL, '2020-12-20 13:53:45', NULL, '2020-12-20 13:53:45'),
(48, 96, '3', 'CCAvenue Reg1.png', 'ab03ae3ded6ea49d3ca1aabad9ed5888.png', '', NULL, NULL, '2020-12-20 13:53:45', NULL, '2020-12-20 13:53:45'),
(50, 97, '3', 'budget 1.jpeg', '8fdbaccb02fca82c7c4f86b0e2c7e918.jpeg', '', NULL, NULL, '2020-12-20 14:00:03', NULL, '2020-12-20 14:00:03'),
(51, 98, '1', 'budget 1.jpeg', '7d97f80d289e52f3a23595578b5b69c8.jpeg', '', NULL, NULL, '2020-12-20 14:28:58', NULL, '2020-12-20 14:28:58'),
(52, 99, '1', '94037266_998686023883261_6203691611776352256_n.jpg', '70519362c60c1910c85bd67d09a3d9c4.jpg', '', NULL, NULL, '2020-12-20 14:31:28', NULL, '2020-12-20 14:31:28'),
(53, 103, '1', 'asset 1.jpeg', '32eb5b186bc90097d6d4a6abdbff66a3.jpeg', '', NULL, NULL, '2020-12-23 11:34:47', NULL, '2020-12-23 11:34:47'),
(54, 103, '3', 'case2.jpeg', '9851a77f0adf43adce24863d253c58d2.jpeg', '', NULL, NULL, '2020-12-23 11:34:47', NULL, '2020-12-23 11:34:47'),
(55, 104, '1', 'asset 2.jpeg', 'cc9a9f3b037c175e06009ac67735384c.jpeg', '', NULL, NULL, '2020-12-23 11:43:08', NULL, '2020-12-23 11:43:08'),
(56, 104, '3', '93840612_998685977216599_2575674106246594560_n.jpg', '508cf79c37dee321bc3b229f639a432b.jpg', '', NULL, NULL, '2020-12-23 11:43:08', NULL, '2020-12-23 11:43:08'),
(57, 105, '1', 'adad.png', '735d5ef134a868f291b838277276b81a.png', '', NULL, NULL, '2020-12-23 11:47:41', NULL, '2020-12-23 11:47:41'),
(58, 105, '3', 'bydget_transfer 1.jpeg', 'f764d61f3f91e5c4bcd44b7cbc08fd62.jpeg', '', NULL, NULL, '2020-12-23 11:47:41', NULL, '2020-12-23 11:47:41'),
(59, 106, '1', 'cigar.png', '9fc89f4b7dee5a35ebd0543ee70a12bf.png', '', NULL, NULL, '2020-12-23 12:08:18', NULL, '2020-12-23 12:08:18'),
(60, 106, '3', 'Ekart Logistics.png', '168e3ddbfdd465617352deaf0d6465ca.png', '', NULL, NULL, '2020-12-23 12:08:18', NULL, '2020-12-23 12:08:18'),
(61, 111, '1', 'asset disposal.jpeg', '1b59f8e756cac5d07d1029d7fee6ab3c.jpeg', '', NULL, NULL, '2020-12-25 11:33:58', NULL, '2020-12-25 11:33:58'),
(62, 111, '3', '94037266_998686023883261_6203691611776352256_n.jpg', '806d21b17ba18276cb2e10ac82d04b21.jpg', '', NULL, NULL, '2020-12-25 11:33:58', NULL, '2020-12-25 11:33:58'),
(63, 112, '1', 'case1.jpeg', '1aca1c1238bec59137d2aec8f47a523a.jpeg', '', NULL, NULL, '2020-12-25 11:39:11', NULL, '2020-12-25 11:39:11'),
(64, 112, '3', 'FLipkart Issue Resolve 24102020.png', '68dde197b320887f698b1bacd335853a.png', '', NULL, NULL, '2020-12-25 11:39:11', NULL, '2020-12-25 11:39:11'),
(65, 113, '1', 'budget 1.jpeg', 'b7155f0e6106f143b5c050d82034bc02.jpeg', '', NULL, NULL, '2020-12-25 11:48:48', NULL, '2020-12-25 11:48:48'),
(66, 113, '3', '6000 runs ipl.png', '874f4d7442aeb98d4d41b38174d5dc58.png', '', NULL, NULL, '2020-12-25 11:48:48', NULL, '2020-12-25 11:48:48'),
(67, 116, '1', 'address link.png', '054ec43c7b06c87a5814978d96042286.png', '', NULL, NULL, '2021-01-12 22:08:50', NULL, '2021-01-12 22:08:50'),
(68, 116, '3', 'case1.jpeg', 'a3525666c93b60141a8831b029ac2dba.jpeg', '', NULL, NULL, '2021-01-12 22:08:50', NULL, '2021-01-12 22:08:50'),
(69, 118, '1', '20200310_160641848614_02ff35_shutterstock_97376669.jpg', '3f7b2af40b947b1b316bed247aa052ad.jpg', '', NULL, NULL, '2021-01-13 00:07:02', NULL, '2021-01-13 00:07:02'),
(70, 120, '1', 'USTY System Setup Requirements.docx', '760d91732f761ba9faa35ec381a902c3.docx', '', NULL, NULL, '2021-01-13 17:22:06', NULL, '2021-01-13 17:22:06'),
(71, 120, '3', 'Appendix 2 Grade.docx', 'f47bbf80aa679c614ec18c4f135ae4e0.docx', '', NULL, NULL, '2021-01-13 17:22:07', NULL, '2021-01-13 17:22:07'),
(72, 121, '1', 'adad.png', '5c1399aad90cf46e8f0b4dcd3242731b.png', '', NULL, NULL, '2021-01-14 11:06:55', NULL, '2021-01-14 11:06:55'),
(73, 121, '3', 'asset 2.jpeg', '13c7555c7e55404e9bfef7559634395f.jpeg', '', NULL, NULL, '2021-01-14 11:06:55', NULL, '2021-01-14 11:06:55'),
(74, 123, '1', 'asset 1.jpeg', '843503c43b277f4b8b5e176ca521c1d2.jpeg', '', NULL, NULL, '2021-01-14 12:54:27', NULL, '2021-01-14 12:54:27'),
(75, 123, '3', 'cigar.png', '1c756b71faefe230bcf77a0c78ccc075.png', '', NULL, NULL, '2021-01-14 12:54:27', NULL, '2021-01-14 12:54:27'),
(76, 125, '1', '20200310_160641848614_02ff35_shutterstock_97376669.jpg', 'c208e3b3b02a78e5ce0ca144273902be.jpg', '', NULL, NULL, '2021-01-14 21:25:03', NULL, '2021-01-14 21:25:03'),
(77, 127, '1', 'passwport sample.jpg', 'df25b2c0ca3191bcbfd664011ec5aa13.jpg', '', NULL, NULL, '2021-01-15 00:10:31', NULL, '2021-01-15 00:10:31'),
(78, 127, '2', 'photo sample.png', '978e4f0a478afcaa942fd76d678175ca.png', '', NULL, NULL, '2021-01-15 00:10:31', NULL, '2021-01-15 00:10:31'),
(79, 127, '3', 'transcript sample.jpg', 'b2ee8352b713dddebbc734998b93fa44.jpg', '', NULL, NULL, '2021-01-15 00:10:31', NULL, '2021-01-15 00:10:31'),
(80, 128, '1', 'Screenshot (2).png', '4330e2115a31b1ad6ce43ec7c792f993.png', '', NULL, NULL, '2021-01-15 00:37:03', NULL, '2021-01-15 00:37:03'),
(81, 128, '2', 'Screenshot (22).png', 'b05b0e43ac2a885c0572c58402fe19ca.png', '', NULL, NULL, '2021-01-15 00:37:03', NULL, '2021-01-15 00:37:03'),
(82, 128, '3', 'agenda signing cermony.pdf', '6a4fb4249489588af7a59378486327b4.pdf', '', NULL, NULL, '2021-01-15 00:37:03', NULL, '2021-01-15 00:37:03'),
(83, 128, '4', 'kaye submission.jpeg', '8bc5e8b7206c3510c615b9c251617d37.jpeg', '', NULL, NULL, '2021-01-15 00:37:03', NULL, '2021-01-15 00:37:03'),
(84, 129, '1', 'CCAvenue Reg1.png', '9c32a24f36c915efe1fbee09762d8c2d.png', '', NULL, NULL, '2021-01-15 07:19:44', NULL, '2021-01-15 07:19:44'),
(85, 129, '2', 'CCAvenue Reg2.png', 'dd80eeda735fc2254e33ebeef5eade76.png', '', NULL, NULL, '2021-01-15 07:19:44', NULL, '2021-01-15 07:19:44'),
(86, 129, '3', 'cigar.png', 'd13c0e471264a45e09663179540cdbf0.png', '', NULL, NULL, '2021-01-15 07:19:44', NULL, '2021-01-15 07:19:44'),
(87, 129, '4', 'coffee LtfCycle.png', 'd7c6e1e59db7f75c16fabf7649211048.png', '', NULL, NULL, '2021-01-15 07:19:44', NULL, '2021-01-15 07:19:44'),
(88, 130, '1', 'Anti.png', 'b912c392526d6740707624a0ebbcc975.png', '', NULL, NULL, '2021-01-15 10:43:49', NULL, '2021-01-15 10:43:49'),
(89, 130, '2', 'CCAvenue Reg1.png', '81cae8d87a9aca2782c75386a676ed32.png', '', NULL, NULL, '2021-01-15 10:43:49', NULL, '2021-01-15 10:43:49'),
(90, 130, '3', 'chandrajja.jpeg', '48159879e4c3cde0d9e45f9457f8060f.jpeg', '', NULL, NULL, '2021-01-15 10:43:49', NULL, '2021-01-15 10:43:49'),
(91, 130, '4', 'case2.jpeg', '038b0d3e376c611e676474d21273fc87.jpeg', '', NULL, NULL, '2021-01-15 10:43:49', NULL, '2021-01-15 10:43:49'),
(92, 131, '1', 'EAG APEL.png', '4cb898d9316d14ae0d5f30617b47897c.png', '', NULL, NULL, '2021-01-15 22:48:21', NULL, '2021-01-15 22:48:21'),
(93, 132, '1', 'Passport.jpg', '67edf0a863ed6a6d27d6f97706e2f845.jpg', '', NULL, NULL, '2021-01-16 11:57:42', NULL, '2021-01-16 11:57:42'),
(94, 132, '2', 'square.png', 'b7dde1f08fb2eda8c22746de75750a88.png', '', NULL, NULL, '2021-01-16 11:57:42', NULL, '2021-01-16 11:57:42'),
(95, 133, '1', 'OFFER_LETTER_Mr. poi kirn_kiran.pdf', 'b506da5f78c2a09f548dbb6833f0e1e5.pdf', 'Reupload', 2, NULL, '2021-01-16 12:37:52', NULL, '2021-01-16 12:37:52'),
(97, 134, '1', 'asset 1.jpeg', 'f695018be0d7383384da1c91606b586c.jpeg', 'Valid', 1, NULL, '2021-01-17 08:02:09', NULL, '2021-01-17 08:02:09'),
(98, 134, '2', 'asset 2.jpeg', '0ce031a81cc1d5c3f0854c42c3cb275c.jpeg', 'Valid', 1, NULL, '2021-01-17 08:02:09', NULL, '2021-01-17 08:02:09'),
(99, 134, '3', 'asset disposal.jpeg', 'f1c0994e77157a03d67dd43c80a23407.jpeg', 'Valid', 1, NULL, '2021-01-17 08:02:09', NULL, '2021-01-17 08:02:09'),
(100, 136, '1', '20200310_160641848614_02ff35_shutterstock_97376669.jpg', '9a66abe69e91eeb16785f67a173e9ae6.jpg', 'Verified', 1, NULL, '2021-01-17 18:06:28', NULL, '2021-01-17 18:06:28'),
(101, 136, '2', 'checkbox.jpg', '0144535b7c41295d98492c8c9543a3f2.jpg', 'Not correct', 2, NULL, '2021-01-17 18:06:28', NULL, '2021-01-17 18:06:28'),
(102, 137, '1', 'passport.jpg', '6f2db4c90a0f74b69f1d3aef65c90fd4.jpg', '', 1, NULL, '2021-01-17 20:18:37', NULL, '2021-01-17 20:18:37'),
(103, 139, '2', 'wom.jpg', '65787a218aa90ff223f867a21eee4db6.jpg', '', 1, NULL, '2021-01-18 09:25:40', NULL, '2021-01-18 09:25:40'),
(104, 139, '1', 'passport.jpg', '6b39a40b7307756d71b3e5aed9c15de6.jpg', '', 1, NULL, '2021-01-18 09:25:57', NULL, '2021-01-18 09:25:57');

-- --------------------------------------------------------

--
-- Table structure for table `applicant_has_employee_discount`
--

CREATE TABLE `applicant_has_employee_discount` (
  `id` int(20) NOT NULL,
  `id_applicant` int(20) DEFAULT NULL,
  `employee_name` varchar(520) DEFAULT '',
  `employee_nric` varchar(520) DEFAULT '',
  `employee_designation` varchar(520) DEFAULT '',
  `employee_status` varchar(50) DEFAULT 'Pending',
  `reason` varchar(500) DEFAULT '',
  `status` int(2) DEFAULT NULL,
  `rejected_by` int(20) DEFAULT 0,
  `rejected_on` datetime DEFAULT NULL,
  `created_by` int(20) DEFAULT NULL,
  `created_dt_tm` datetime DEFAULT current_timestamp(),
  `updated_by` int(20) DEFAULT NULL,
  `updated_dt_tm` datetime DEFAULT current_timestamp()
) ENGINE=InnoDB DEFAULT CHARSET=latin1;

--
-- Dumping data for table `applicant_has_employee_discount`
--

INSERT INTO `applicant_has_employee_discount` (`id`, `id_applicant`, `employee_name`, `employee_nric`, `employee_designation`, `employee_status`, `reason`, `status`, `rejected_by`, `rejected_on`, `created_by`, `created_dt_tm`, `updated_by`, `updated_dt_tm`) VALUES
(13, 30, 'ddddd', 'wrewrwer', 'sasdfsa', 'Pending', '', NULL, 0, NULL, NULL, '2020-08-22 23:46:42', NULL, '2020-08-22 23:46:42'),
(14, 31, 'Name', 'NRIC111', 'Staff', 'Approved', '', NULL, 1, '2020-08-24 00:32:44', NULL, '2020-08-23 09:12:11', NULL, '2020-08-23 09:12:11'),
(15, 43, 'Emp1', 'NR12212', 'Employee', 'Approved', '', NULL, 1, '2020-08-26 02:33:00', NULL, '2020-08-25 04:07:14', NULL, '2020-08-25 04:07:14'),
(16, 44, 'Employyee 1', 'NREM12', 'Staff', 'Approved', '', NULL, 1, '2020-08-28 02:03:22', NULL, '2020-08-27 13:30:35', NULL, '2020-08-27 13:30:35'),
(17, 45, 'Nurulah Khan', 'NR123221', 'Academic Staff Staff', 'Pending', '', NULL, 0, NULL, NULL, '2020-09-02 11:44:17', NULL, '2020-09-02 11:44:17'),
(18, 46, 'Mohammad', '78372462', 'Ass. Lecturer', 'Pending', '', NULL, 0, NULL, NULL, '2020-09-02 11:56:40', NULL, '2020-09-02 11:56:40'),
(19, 47, 'Name 8', 'NRIC8', 'Staff', 'Approved', '', NULL, 1, '2020-09-13 01:26:56', NULL, '2020-09-12 12:49:55', NULL, '2020-09-12 12:49:55'),
(20, 48, 'Fathima Begum', 'NR782318', 'Staff', 'Approved', '', NULL, 1, '2020-09-14 02:58:40', NULL, '2020-09-13 14:26:55', NULL, '2020-09-13 14:26:55'),
(21, 51, 'Name', 'NRIC', 'Employee', 'Approved', '', NULL, 1, '2020-10-09 10:43:40', NULL, '2020-10-08 22:10:15', NULL, '2020-10-08 22:10:15'),
(22, 55, 'Nameezullah Khan', 'ABC123', 'Admin Associate', 'Approved', '', NULL, 1, '2020-11-09 01:09:51', NULL, '2020-11-08 10:06:58', NULL, '2020-11-08 10:06:58'),
(23, 56, 'Nameez Hakim', 'NR00001221', 'Designing Head', 'Approved', '', NULL, 1, '2020-11-09 12:00:19', NULL, '2020-11-08 22:11:09', NULL, '2020-11-08 22:11:09'),
(24, 59, 'hafiz Ullah han', 'NR1234', 'Admin Data Provider', 'Approved', '', NULL, 1, '2020-11-10 01:34:02', NULL, '2020-11-09 12:03:08', NULL, '2020-11-09 12:03:08'),
(25, 60, 'Aeu employee discount', '5646565656', 'Faculty', 'Approved', '', NULL, 1, '2020-11-10 10:14:34', NULL, '2020-11-09 20:40:34', NULL, '2020-11-09 20:40:34'),
(26, 61, 'Neena Hatis', 'NR0011', 'Staff', 'Reject', 'Not Selected', NULL, 1, '2020-11-11 00:02:18', NULL, '2020-11-10 09:46:56', NULL, '2020-11-10 09:46:56'),
(27, 67, 'Lal', '789', 'VP', 'Approved', '', NULL, 1, '2020-11-15 23:50:37', NULL, '2020-11-15 10:14:11', NULL, '2020-11-15 10:14:11'),
(28, 70, 'Mohd Ismail', '80957314424', 'Trainer', 'Pending', '', NULL, 0, NULL, NULL, '2020-12-02 05:10:00', NULL, '2020-12-02 05:10:00'),
(29, 72, 'asxsa', 'dasda', 'dsadas', 'Approved', '', NULL, 1, '2020-12-08 00:57:36', NULL, '2020-12-07 11:25:33', NULL, '2020-12-07 11:25:33'),
(30, 76, 'eweq', 'ewqewqewqw', 'eqweqweq', 'Approved', '', NULL, 1, '2020-12-08 20:23:23', NULL, '2020-12-08 02:41:22', NULL, '2020-12-08 02:41:22'),
(31, 79, 'MU - Johor', '789', 'VP', 'Approved', '', NULL, 1, '2020-12-08 22:26:02', NULL, '2020-12-08 08:52:56', NULL, '2020-12-08 08:52:56'),
(32, 83, 'qwerty', '789', 'VP', 'Approved', '', NULL, 1, '2020-12-10 10:21:48', NULL, '2020-12-09 20:45:43', NULL, '2020-12-09 20:45:43'),
(33, 85, 'NAME', 'NRIC', '1234', 'Approved', '', NULL, 1, '2020-12-10 14:21:49', NULL, '2020-12-10 00:29:00', NULL, '2020-12-10 00:29:00'),
(34, 86, 'EMployee Discount', '123', 'Designation', 'Approved', '', NULL, 1, '2020-12-13 00:18:49', NULL, '2020-12-12 10:47:19', NULL, '2020-12-12 10:47:19'),
(35, 89, '123', '1', '1', 'Approved', '', NULL, 1, '2020-12-16 00:07:31', NULL, '2020-12-15 10:25:53', NULL, '2020-12-15 10:25:53'),
(36, 92, 'NAME', 'NRIC', '1234', 'Approved', '', NULL, 1, '2020-12-19 02:38:38', NULL, '2020-12-18 13:05:52', NULL, '2020-12-18 13:05:52'),
(37, 93, 'NDSSMAD', 'dDamda', '12321edas', 'Approved', '', NULL, 1, '2020-12-19 02:48:08', NULL, '2020-12-18 13:16:45', NULL, '2020-12-18 13:16:45'),
(38, 95, 'dasdad', 'dasdsa', 'dasdad', 'Approved', '', NULL, 1, '2020-12-20 04:04:54', NULL, '2020-12-19 14:32:57', NULL, '2020-12-19 14:32:57'),
(39, 96, '123', '123', '123', 'Approved', '', NULL, 1, '2020-12-21 03:31:32', NULL, '2020-12-20 13:53:54', NULL, '2020-12-20 13:53:54'),
(40, 98, '123', '123', '123', 'Approved', '', NULL, 1, '2020-12-21 04:13:13', NULL, '2020-12-20 14:29:06', NULL, '2020-12-20 14:29:06'),
(41, 101, 'Poshini S', '789', 'VP', 'Approved', '', NULL, 1, '2020-12-23 22:27:45', NULL, '2020-12-23 08:52:41', NULL, '2020-12-23 08:52:41'),
(42, 103, 'Name', 'Name', '123', 'Approved', '', NULL, 1, '2020-12-24 01:21:38', NULL, '2020-12-23 11:35:00', NULL, '2020-12-23 11:35:00'),
(43, 104, '111', '1', '1', 'Approved', '', NULL, 1, '2020-12-24 01:21:48', NULL, '2020-12-23 11:43:17', NULL, '2020-12-23 11:43:17'),
(44, 108, 'Buddha', '1498', 'SP', 'Approved', '', NULL, 1, '2020-12-24 18:44:19', NULL, '2020-12-24 05:10:26', NULL, '2020-12-24 05:10:26'),
(45, 112, 'NAME', 'NAME', 'NAME', 'Reject', 'Not Adauote uantity', NULL, 1, '2020-12-26 01:22:30', NULL, '2020-12-25 11:39:27', NULL, '2020-12-25 11:39:27'),
(46, 113, 'NAME', 'NAme', 'Name', 'Approved', '', NULL, 1, '2020-12-26 01:22:44', NULL, '2020-12-25 11:49:03', NULL, '2020-12-25 11:49:03'),
(47, 116, 'Name', 'NRIC', 'Designation', 'Approved', '', NULL, 1, '2021-01-13 16:51:38', NULL, '2021-01-12 22:10:54', NULL, '2021-01-12 22:10:54'),
(48, 118, 'Zhi Ruo', '1498', 'VP', 'Pending', '', NULL, 0, NULL, NULL, '2021-01-13 00:07:56', NULL, '2021-01-13 00:07:56'),
(49, 119, 'Ying Yue', '741258', 'SP', 'Pending', '', NULL, 0, NULL, NULL, '2021-01-13 00:55:07', NULL, '2021-01-13 00:55:07'),
(50, 121, 'Name', '123', '123', 'Pending', '', NULL, 0, NULL, NULL, '2021-01-14 11:07:52', NULL, '2021-01-14 11:07:52'),
(51, 123, 'dasda', 'dadad', 'dadad', 'Approved', '', NULL, 1, '2021-01-15 02:49:13', NULL, '2021-01-14 12:54:36', NULL, '2021-01-14 12:54:36');

-- --------------------------------------------------------

--
-- Table structure for table `applicant_has_sibbling_discount`
--

CREATE TABLE `applicant_has_sibbling_discount` (
  `id` int(20) NOT NULL,
  `id_applicant` int(20) DEFAULT NULL,
  `sibbling_name` varchar(520) DEFAULT '',
  `sibbling_nric` varchar(520) DEFAULT '',
  `sibbling_status` varchar(50) DEFAULT 'Pending',
  `reason` varchar(500) DEFAULT '',
  `status` int(2) DEFAULT NULL,
  `rejected_by` int(20) DEFAULT 0,
  `rejected_on` datetime DEFAULT NULL,
  `created_by` int(20) DEFAULT NULL,
  `created_dt_tm` datetime DEFAULT current_timestamp(),
  `updated_by` int(20) DEFAULT NULL,
  `updated_dt_tm` datetime DEFAULT current_timestamp()
) ENGINE=InnoDB DEFAULT CHARSET=latin1;

--
-- Dumping data for table `applicant_has_sibbling_discount`
--

INSERT INTO `applicant_has_sibbling_discount` (`id`, `id_applicant`, `sibbling_name`, `sibbling_nric`, `sibbling_status`, `reason`, `status`, `rejected_by`, `rejected_on`, `created_by`, `created_dt_tm`, `updated_by`, `updated_dt_tm`) VALUES
(16, 30, 'dddd', '23423423', 'Pending', '', NULL, 0, NULL, NULL, '2020-08-22 23:46:42', NULL, '2020-08-22 23:46:42'),
(17, 31, 'Name', 'NRIC111', 'Approved', '', NULL, 1, '2020-08-24 00:32:06', NULL, '2020-08-23 09:12:11', NULL, '2020-08-23 09:12:11'),
(18, 42, 'Sibbling One', 'NRS1', 'Pending', '', NULL, 0, NULL, NULL, '2020-08-25 03:47:37', NULL, '2020-08-25 03:47:37');

-- --------------------------------------------------------

--
-- Table structure for table `applicant_last_login`
--

CREATE TABLE `applicant_last_login` (
  `id` bigint(20) NOT NULL,
  `id_applicant` bigint(20) NOT NULL,
  `session_data` varchar(2048) NOT NULL,
  `machine_ip` varchar(1024) NOT NULL,
  `user_agent` varchar(128) NOT NULL,
  `agent_string` varchar(1024) NOT NULL,
  `platform` varchar(128) NOT NULL,
  `created_dt_tm` datetime DEFAULT current_timestamp()
) ENGINE=InnoDB DEFAULT CHARSET=utf8;

--
-- Dumping data for table `applicant_last_login`
--

INSERT INTO `applicant_last_login` (`id`, `id_applicant`, `session_data`, `machine_ip`, `user_agent`, `agent_string`, `platform`, `created_dt_tm`) VALUES
(46, 24, '{\"applicant_name\":\"Mr. Kiran kumar\",\"email_id\":\"a@a.com\"}', '49.206.4.152', 'Chrome 78.0.3904.97', 'Mozilla/5.0 (X11; Linux x86_64) AppleWebKit/537.36 (KHTML, like Gecko) Chrome/78.0.3904.97 Safari/537.36', 'Linux', '2020-08-19 09:18:51'),
(47, 25, '{\"applicant_name\":\"Mr. kir as\",\"email_id\":\"n@n.com\"}', '49.206.4.152', 'Chrome 78.0.3904.97', 'Mozilla/5.0 (X11; Linux x86_64) AppleWebKit/537.36 (KHTML, like Gecko) Chrome/78.0.3904.97 Safari/537.36', 'Linux', '2020-08-19 21:01:45'),
(48, 26, '{\"applicant_name\":\"Miss. yati baizur\",\"email_id\":\"yati@oum.com\"}', '49.206.4.152', 'Chrome 78.0.3904.97', 'Mozilla/5.0 (X11; Linux x86_64) AppleWebKit/537.36 (KHTML, like Gecko) Chrome/78.0.3904.97 Safari/537.36', 'Linux', '2020-08-19 21:56:25'),
(49, 27, '{\"applicant_name\":\"Mr. Albert Einstein\",\"email_id\":\"alb@cms.com\"}', '157.49.93.131', 'Chrome 83.0.4103.116', 'Mozilla/5.0 (X11; Linux x86_64) AppleWebKit/537.36 (KHTML, like Gecko) Chrome/83.0.4103.116 Safari/537.36', 'Linux', '2020-08-20 04:26:39'),
(50, 28, '{\"applicant_name\":\"Mr. Student One\",\"email_id\":\"s1@cms.com\"}', '157.49.93.131', 'Chrome 83.0.4103.116', 'Mozilla/5.0 (X11; Linux x86_64) AppleWebKit/537.36 (KHTML, like Gecko) Chrome/83.0.4103.116 Safari/537.36', 'Linux', '2020-08-20 07:03:56'),
(51, 29, '{\"applicant_name\":\"Mr. Student Two\",\"email_id\":\"s2@cms.com\"}', '157.49.65.159', 'Chrome 83.0.4103.116', 'Mozilla/5.0 (X11; Linux x86_64) AppleWebKit/537.36 (KHTML, like Gecko) Chrome/83.0.4103.116 Safari/537.36', 'Linux', '2020-08-20 11:54:32'),
(52, 30, '{\"applicant_name\":\"Mr. aeu1 aeu1\",\"email_id\":\"aeu1@gmail.com\"}', '49.206.4.152', 'Chrome 78.0.3904.97', 'Mozilla/5.0 (X11; Linux x86_64) AppleWebKit/537.36 (KHTML, like Gecko) Chrome/78.0.3904.97 Safari/537.36', 'Linux', '2020-08-22 23:21:20'),
(53, 30, '{\"applicant_name\":\". aeu1 aeu1\",\"email_id\":\"aeu1@gmail.com\"}', '27.59.159.190', 'Chrome 84.0.4147.135', 'Mozilla/5.0 (Macintosh; Intel Mac OS X 10_13_6) AppleWebKit/537.36 (KHTML, like Gecko) Chrome/84.0.4147.135 Safari/537.36', 'Mac OS X', '2020-08-23 08:54:07'),
(54, 31, '{\"applicant_name\":\"Mr. Testing One\",\"email_id\":\"t1@cms.com\"}', '157.45.62.6', 'Chrome 83.0.4103.116', 'Mozilla/5.0 (X11; Linux x86_64) AppleWebKit/537.36 (KHTML, like Gecko) Chrome/83.0.4103.116 Safari/537.36', 'Linux', '2020-08-23 09:09:05'),
(55, 31, '{\"applicant_name\":\". Testing One\",\"email_id\":\"t1@cms.com\"}', '157.45.62.6', 'Chrome 83.0.4103.116', 'Mozilla/5.0 (X11; Linux x86_64) AppleWebKit/537.36 (KHTML, like Gecko) Chrome/83.0.4103.116 Safari/537.36', 'Linux', '2020-08-23 11:47:15'),
(56, 32, '{\"applicant_name\":\"Mr. Testing Two\",\"email_id\":\"t2@cms.com\"}', '157.45.62.6', 'Chrome 83.0.4103.116', 'Mozilla/5.0 (X11; Linux x86_64) AppleWebKit/537.36 (KHTML, like Gecko) Chrome/83.0.4103.116 Safari/537.36', 'Linux', '2020-08-23 12:17:17'),
(57, 33, '{\"applicant_name\":\"Mr. Testing Three\",\"email_id\":\"t3@cms.com\"}', '157.45.62.6', 'Chrome 83.0.4103.116', 'Mozilla/5.0 (X11; Linux x86_64) AppleWebKit/537.36 (KHTML, like Gecko) Chrome/83.0.4103.116 Safari/537.36', 'Linux', '2020-08-23 12:22:35'),
(58, 34, '{\"applicant_name\":\"Mr. Testing Four\",\"email_id\":\"t4@cms.com\"}', '157.45.62.6', 'Chrome 83.0.4103.116', 'Mozilla/5.0 (X11; Linux x86_64) AppleWebKit/537.36 (KHTML, like Gecko) Chrome/83.0.4103.116 Safari/537.36', 'Linux', '2020-08-23 12:35:26'),
(59, 30, '{\"applicant_name\":\". aeu1 aeu1\",\"email_id\":\"aeu1@gmail.com\"}', '27.59.178.90', 'Chrome 84.0.4147.135', 'Mozilla/5.0 (Macintosh; Intel Mac OS X 10_13_6) AppleWebKit/537.36 (KHTML, like Gecko) Chrome/84.0.4147.135 Safari/537.36', 'Mac OS X', '2020-08-23 18:46:06'),
(60, 35, '{\"applicant_name\":\"Miss. testing4 4\",\"email_id\":\"testing4@gmail.com\"}', '49.206.4.152', 'Chrome 78.0.3904.97', 'Mozilla/5.0 (X11; Linux x86_64) AppleWebKit/537.36 (KHTML, like Gecko) Chrome/78.0.3904.97 Safari/537.36', 'Linux', '2020-08-23 19:33:47'),
(61, 35, '{\"applicant_name\":\"DATIN. testing4 4\",\"email_id\":\"testing4@gmail.com\"}', '27.59.178.90', 'Chrome 84.0.4147.135', 'Mozilla/5.0 (Macintosh; Intel Mac OS X 10_13_6) AppleWebKit/537.36 (KHTML, like Gecko) Chrome/84.0.4147.135 Safari/537.36', 'Mac OS X', '2020-08-23 19:37:07'),
(62, 35, '{\"applicant_name\":\"DATIN. testing4 4\",\"email_id\":\"testing4@gmail.com\"}', '49.206.4.152', 'Chrome 78.0.3904.97', 'Mozilla/5.0 (X11; Linux x86_64) AppleWebKit/537.36 (KHTML, like Gecko) Chrome/78.0.3904.97 Safari/537.36', 'Linux', '2020-08-23 19:58:30'),
(63, 36, '{\"applicant_name\":\"Mr. Testing Five\",\"email_id\":\"t5@cms.com\"}', '157.45.75.202', 'Chrome 83.0.4103.116', 'Mozilla/5.0 (X11; Linux x86_64) AppleWebKit/537.36 (KHTML, like Gecko) Chrome/83.0.4103.116 Safari/537.36', 'Linux', '2020-08-24 05:21:04'),
(64, 37, '{\"applicant_name\":\"Mr. Testing Six\",\"email_id\":\"t6@cms.com\"}', '157.45.71.199', 'Chrome 83.0.4103.116', 'Mozilla/5.0 (X11; Linux x86_64) AppleWebKit/537.36 (KHTML, like Gecko) Chrome/83.0.4103.116 Safari/537.36', 'Linux', '2020-08-24 07:34:41'),
(65, 38, '{\"applicant_name\":\"Mr. Testing Seven\",\"email_id\":\"t7@cms.com\"}', '157.45.71.199', 'Chrome 83.0.4103.116', 'Mozilla/5.0 (X11; Linux x86_64) AppleWebKit/537.36 (KHTML, like Gecko) Chrome/83.0.4103.116 Safari/537.36', 'Linux', '2020-08-24 08:01:28'),
(66, 39, '{\"applicant_name\":\"Mr. Testing Eight\",\"email_id\":\"t8@cms.com\"}', '157.45.71.199', 'Chrome 83.0.4103.116', 'Mozilla/5.0 (X11; Linux x86_64) AppleWebKit/537.36 (KHTML, like Gecko) Chrome/83.0.4103.116 Safari/537.36', 'Linux', '2020-08-24 08:05:10'),
(67, 40, '{\"applicant_name\":\"Mr. Testing Nine\",\"email_id\":\"t9@cms.com\"}', '157.45.71.199', 'Chrome 83.0.4103.116', 'Mozilla/5.0 (X11; Linux x86_64) AppleWebKit/537.36 (KHTML, like Gecko) Chrome/83.0.4103.116 Safari/537.36', 'Linux', '2020-08-24 08:08:03'),
(68, 41, '{\"applicant_name\":\"Mr. aeu3 aeu3\",\"email_id\":\"aeu3@gmail.com\"}', '49.206.4.152', 'Chrome 78.0.3904.97', 'Mozilla/5.0 (X11; Linux x86_64) AppleWebKit/537.36 (KHTML, like Gecko) Chrome/78.0.3904.97 Safari/537.36', 'Linux', '2020-08-24 20:40:34'),
(69, 42, '{\"applicant_name\":\"Mr. Deepa Govindarajoo\",\"email_id\":\"dg@cms.com\"}', '157.45.72.147', 'Chrome 83.0.4103.116', 'Mozilla/5.0 (X11; Linux x86_64) AppleWebKit/537.36 (KHTML, like Gecko) Chrome/83.0.4103.116 Safari/537.36', 'Linux', '2020-08-25 03:38:50'),
(70, 43, '{\"applicant_name\":\"Mr. Jury Tise\",\"email_id\":\"jt@cms.com\"}', '157.45.72.147', 'Chrome 83.0.4103.116', 'Mozilla/5.0 (X11; Linux x86_64) AppleWebKit/537.36 (KHTML, like Gecko) Chrome/83.0.4103.116 Safari/537.36', 'Linux', '2020-08-25 03:58:07'),
(71, 43, '{\"applicant_name\":\"AG. Jury Tise\",\"email_id\":\"jt@cms.com\"}', '157.45.89.27', 'Chrome 83.0.4103.116', 'Mozilla/5.0 (X11; Linux x86_64) AppleWebKit/537.36 (KHTML, like Gecko) Chrome/83.0.4103.116 Safari/537.36', 'Linux', '2020-08-25 08:05:09'),
(72, 43, '{\"applicant_name\":\"AG. Jury Tise\",\"email_id\":\"jt@cms.com\"}', '157.45.88.85', 'Chrome 83.0.4103.116', 'Mozilla/5.0 (X11; Linux x86_64) AppleWebKit/537.36 (KHTML, like Gecko) Chrome/83.0.4103.116 Safari/537.36', 'Linux', '2020-08-25 13:58:44'),
(73, 29, '{\"applicant_name\":\"AG. Student Two\",\"email_id\":\"s2@cms.com\"}', '157.49.175.138', 'Chrome 83.0.4103.116', 'Mozilla/5.0 (X11; Linux x86_64) AppleWebKit/537.36 (KHTML, like Gecko) Chrome/83.0.4103.116 Safari/537.36', 'Linux', '2020-08-27 04:38:29'),
(74, 29, '{\"applicant_name\":\"AG. Student Two\",\"email_id\":\"s2@cms.com\"}', '117.230.154.205', 'Chrome 83.0.4103.116', 'Mozilla/5.0 (X11; Linux x86_64) AppleWebKit/537.36 (KHTML, like Gecko) Chrome/83.0.4103.116 Safari/537.36', 'Linux', '2020-08-27 10:31:29'),
(75, 44, '{\"applicant_name\":\"Miss. Vasanthi Krishnan\",\"email_id\":\"vask@cms.com\"}', '157.49.109.47', 'Chrome 83.0.4103.116', 'Mozilla/5.0 (X11; Linux x86_64) AppleWebKit/537.36 (KHTML, like Gecko) Chrome/83.0.4103.116 Safari/537.36', 'Linux', '2020-08-27 13:27:57'),
(76, 42, '{\"applicant_name\":\"DATINDR. Deepa Govindarajoo\",\"email_id\":\"dg@cms.com\"}', '49.206.4.152', 'Chrome 78.0.3904.97', 'Mozilla/5.0 (X11; Linux x86_64) AppleWebKit/537.36 (KHTML, like Gecko) Chrome/78.0.3904.97 Safari/537.36', 'Linux', '2020-08-27 17:42:15'),
(77, 42, '{\"applicant_name\":\"DATINDR. Deepa Govindarajoo\",\"email_id\":\"dg@cms.com\"}', '49.206.4.152', 'Chrome 78.0.3904.97', 'Mozilla/5.0 (X11; Linux x86_64) AppleWebKit/537.36 (KHTML, like Gecko) Chrome/78.0.3904.97 Safari/537.36', 'Linux', '2020-08-27 19:12:19'),
(78, 42, '{\"applicant_name\":\"DATINDR. Deepa Govindarajoo\",\"email_id\":\"dg@cms.com\"}', '42.190.31.233', 'Chrome 84.0.4147.135', 'Mozilla/5.0 (Windows NT 10.0; Win64; x64) AppleWebKit/537.36 (KHTML, like Gecko) Chrome/84.0.4147.135 Safari/537.36', 'Windows 10', '2020-08-27 20:08:02'),
(79, 42, '{\"applicant_name\":\"DATINDR. Deepa Govindarajoo\",\"email_id\":\"dg@cms.com\"}', '42.190.31.233', 'Chrome 84.0.4147.135', 'Mozilla/5.0 (Windows NT 10.0; Win64; x64) AppleWebKit/537.36 (KHTML, like Gecko) Chrome/84.0.4147.135 Safari/537.36', 'Windows 10', '2020-08-27 23:19:09'),
(80, 45, '{\"applicant_name\":\"Mr. Noraini Bulkainih\",\"email_id\":\"nor@cms.com\"}', '157.45.54.157', 'Chrome 83.0.4103.116', 'Mozilla/5.0 (X11; Linux x86_64) AppleWebKit/537.36 (KHTML, like Gecko) Chrome/83.0.4103.116 Safari/537.36', 'Linux', '2020-09-02 11:40:48'),
(81, 46, '{\"applicant_name\":\"Miss. Fathima Mohammad\",\"email_id\":\"fatm@cms.com\"}', '157.45.54.157', 'Chrome 83.0.4103.116', 'Mozilla/5.0 (X11; Linux x86_64) AppleWebKit/537.36 (KHTML, like Gecko) Chrome/83.0.4103.116 Safari/537.36', 'Linux', '2020-09-02 11:53:27'),
(82, 45, '{\"applicant_name\":\"DATINSETIA. Noraini Bulkainih\",\"email_id\":\"nor@cms.com\"}', '49.206.4.152', 'Chrome 78.0.3904.97', 'Mozilla/5.0 (X11; Linux x86_64) AppleWebKit/537.36 (KHTML, like Gecko) Chrome/78.0.3904.97 Safari/537.36', 'Linux', '2020-09-02 19:15:59'),
(83, 47, '{\"applicant_name\":\"Miss. Student Eight\",\"email_id\":\"s8@cms.com\"}', '157.49.161.86', 'Chrome 83.0.4103.116', 'Mozilla/5.0 (X11; Linux x86_64) AppleWebKit/537.36 (KHTML, like Gecko) Chrome/83.0.4103.116 Safari/537.36', 'Linux', '2020-09-12 12:43:28'),
(84, 48, '{\"applicant_name\":\"Mrs. Sadhullah Beeg\",\"email_id\":\"sb@cms.com\"}', '157.49.178.137', 'Chrome 85.0.4183.102', 'Mozilla/5.0 (X11; Linux x86_64) AppleWebKit/537.36 (KHTML, like Gecko) Chrome/85.0.4183.102 Safari/537.36', 'Linux', '2020-09-13 14:20:38'),
(85, 49, '{\"applicant_name\":\"Mr. Syed Thousif\",\"email_id\":\"syf@cms.com\"}', '157.49.176.43', 'Chrome 85.0.4183.102', 'Mozilla/5.0 (X11; Linux x86_64) AppleWebKit/537.36 (KHTML, like Gecko) Chrome/85.0.4183.102 Safari/537.36', 'Linux', '2020-09-15 05:01:50'),
(86, 50, '{\"applicant_name\":\"Mr. kiran kiran\",\"email_id\":\"h@h.com\"}', '49.206.4.152', 'Chrome 78.0.3904.97', 'Mozilla/5.0 (X11; Linux x86_64) AppleWebKit/537.36 (KHTML, like Gecko) Chrome/78.0.3904.97 Safari/537.36', 'Linux', '2020-09-17 19:00:26'),
(87, 51, '{\"applicant_name\":\"Mr. Ragina Federar\",\"email_id\":\"rf@cms.com\"}', '157.49.126.255', 'Chrome 85.0.4183.121', 'Mozilla/5.0 (X11; Linux x86_64) AppleWebKit/537.36 (KHTML, like Gecko) Chrome/85.0.4183.121 Safari/537.36', 'Linux', '2020-10-08 21:59:37'),
(88, 52, '{\"applicant_name\":\"Miss. Ragina Federer\",\"email_id\":\"rf@cms.com\"}', '157.45.32.248', 'Chrome 85.0.4183.121', 'Mozilla/5.0 (X11; Linux x86_64) AppleWebKit/537.36 (KHTML, like Gecko) Chrome/85.0.4183.121 Safari/537.36', 'Linux', '2020-10-10 00:45:57'),
(89, 53, '{\"applicant_name\":\"Mr. Naani Haris\",\"email_id\":\"nh@cms.com\"}', '157.45.32.248', 'Chrome 85.0.4183.121', 'Mozilla/5.0 (X11; Linux x86_64) AppleWebKit/537.36 (KHTML, like Gecko) Chrome/85.0.4183.121 Safari/537.36', 'Linux', '2020-10-10 01:22:06'),
(90, 54, '{\"applicant_name\":\"Miss. Haleel Ahmed\",\"email_id\":\"ah@cms.com\"}', '157.49.185.42', 'Chrome 85.0.4183.121', 'Mozilla/5.0 (X11; Linux x86_64) AppleWebKit/537.36 (KHTML, like Gecko) Chrome/85.0.4183.121 Safari/537.36', 'Linux', '2020-10-27 07:12:29'),
(91, 55, '{\"applicant_name\":\"Mr. Student One\",\"email_id\":\"s1@cms.com\"}', '157.49.84.10', 'Chrome 85.0.4183.121', 'Mozilla/5.0 (X11; Linux x86_64) AppleWebKit/537.36 (KHTML, like Gecko) Chrome/85.0.4183.121 Safari/537.36', 'Linux', '2020-11-08 07:11:38'),
(92, 56, '{\"applicant_name\":\"DRHAJI. Student Two\",\"email_id\":\"s2@cms.com\"}', '157.49.69.52', 'Chrome 85.0.4183.121', 'Mozilla/5.0 (X11; Linux x86_64) AppleWebKit/537.36 (KHTML, like Gecko) Chrome/85.0.4183.121 Safari/537.36', 'Linux', '2020-11-08 21:51:30'),
(93, 57, '{\"applicant_name\":\"MRS. Student Three\",\"email_id\":\"s3@cms.com\"}', '42.105.117.240', 'Chrome 85.0.4183.121', 'Mozilla/5.0 (X11; Linux x86_64) AppleWebKit/537.36 (KHTML, like Gecko) Chrome/85.0.4183.121 Safari/537.36', 'Linux', '2020-11-08 22:13:14'),
(94, 58, '{\"applicant_name\":\"AG. Student Four\",\"email_id\":\"s4@cms.com\"}', '117.230.12.209', 'Chrome 85.0.4183.121', 'Mozilla/5.0 (X11; Linux x86_64) AppleWebKit/537.36 (KHTML, like Gecko) Chrome/85.0.4183.121 Safari/537.36', 'Linux', '2020-11-09 11:50:02'),
(95, 59, '{\"applicant_name\":\"MDM. Student  Five\",\"email_id\":\"s5@cms.com\"}', '117.230.12.209', 'Chrome 85.0.4183.121', 'Mozilla/5.0 (X11; Linux x86_64) AppleWebKit/537.36 (KHTML, like Gecko) Chrome/85.0.4183.121 Safari/537.36', 'Linux', '2020-11-09 11:59:50'),
(96, 60, '{\"applicant_name\":\"DATIN. AEU1 AEU\",\"email_id\":\"aeutesting1@gmail.com\"}', '49.206.4.152', 'Chrome 78.0.3904.97', 'Mozilla/5.0 (X11; Linux x86_64) AppleWebKit/537.36 (KHTML, like Gecko) Chrome/78.0.3904.97 Safari/537.36', 'Linux', '2020-11-09 20:37:10'),
(97, 61, '{\"applicant_name\":\"MR. Student Seven\",\"email_id\":\"s7@cms.com\"}', '157.49.92.240', 'Chrome 85.0.4183.121', 'Mozilla/5.0 (X11; Linux x86_64) AppleWebKit/537.36 (KHTML, like Gecko) Chrome/85.0.4183.121 Safari/537.36', 'Linux', '2020-11-10 09:17:24'),
(98, 62, '{\"applicant_name\":\"AG. aeutesting2 2\",\"email_id\":\"aeutesting2@gmail.com\"}', '49.206.4.152', 'Chrome 78.0.3904.97', 'Mozilla/5.0 (X11; Linux x86_64) AppleWebKit/537.36 (KHTML, like Gecko) Chrome/78.0.3904.97 Safari/537.36', 'Linux', '2020-11-10 19:52:10'),
(99, 63, '{\"applicant_name\":\"DATUKSERIDR. aeutesting 1\",\"email_id\":\"q@a.com\"}', '49.206.4.152', 'Chrome 86.0.4240.183', 'Mozilla/5.0 (Windows NT 10.0; Win64; x64) AppleWebKit/537.36 (KHTML, like Gecko) Chrome/86.0.4240.183 Safari/537.36', 'Windows 10', '2020-11-10 21:17:41'),
(100, 64, '{\"applicant_name\":\"DR. 1 1\",\"email_id\":\"1@gmail.com\"}', '49.206.4.152', 'Chrome 86.0.4240.198', 'Mozilla/5.0 (Windows NT 10.0; Win64; x64) AppleWebKit/537.36 (KHTML, like Gecko) Chrome/86.0.4240.198 Safari/537.36', 'Windows 10', '2020-11-12 21:45:37'),
(101, 66, '{\"applicant_name\":\"MS. Himawari N\",\"email_id\":\"himawari@g.com\"}', '49.206.12.198', 'Chrome 86.0.4240.198', 'Mozilla/5.0 (Windows NT 10.0; Win64; x64) AppleWebKit/537.36 (KHTML, like Gecko) Chrome/86.0.4240.198 Safari/537.36', 'Windows 10', '2020-11-14 12:10:48'),
(102, 66, '{\"applicant_name\":\"MS. Himawari N\",\"email_id\":\"himawari@g.com\"}', '49.206.12.198', 'Chrome 86.0.4240.198', 'Mozilla/5.0 (Windows NT 10.0; Win64; x64) AppleWebKit/537.36 (KHTML, like Gecko) Chrome/86.0.4240.198 Safari/537.36', 'Windows 10', '2020-11-15 01:59:47'),
(103, 66, '{\"applicant_name\":\"MS. Himawari N\",\"email_id\":\"himawari@g.com\"}', '49.206.12.198', 'Chrome 86.0.4240.198', 'Mozilla/5.0 (Windows NT 10.0; Win64; x64) AppleWebKit/537.36 (KHTML, like Gecko) Chrome/86.0.4240.198 Safari/537.36', 'Windows 10', '2020-11-15 04:54:51'),
(104, 66, '{\"applicant_name\":\"MS. Himawari N\",\"email_id\":\"himawari@g.com\"}', '49.206.12.198', 'Chrome 86.0.4240.198', 'Mozilla/5.0 (Windows NT 10.0; Win64; x64) AppleWebKit/537.36 (KHTML, like Gecko) Chrome/86.0.4240.198 Safari/537.36', 'Windows 10', '2020-11-15 09:52:25'),
(105, 67, '{\"applicant_name\":\"MR. Masav Z\",\"email_id\":\"masav@g.com\"}', '49.206.12.198', 'Chrome 86.0.4240.198', 'Mozilla/5.0 (Windows NT 10.0; Win64; x64) AppleWebKit/537.36 (KHTML, like Gecko) Chrome/86.0.4240.198 Safari/537.36', 'Windows 10', '2020-11-15 10:06:47'),
(106, 67, '{\"applicant_name\":\"MR. Masav Z\",\"email_id\":\"masav@g.com\"}', '157.49.80.109', 'Chrome 85.0.4183.121', 'Mozilla/5.0 (X11; Linux x86_64) AppleWebKit/537.36 (KHTML, like Gecko) Chrome/85.0.4183.121 Safari/537.36', 'Linux', '2020-11-16 04:28:32'),
(107, 68, '{\"applicant_name\":\"DR. Student Eleven\",\"email_id\":\"s11@cms.com\"}', '49.206.4.152', 'Chrome 87.0.4280.66', 'Mozilla/5.0 (X11; Linux x86_64) AppleWebKit/537.36 (KHTML, like Gecko) Chrome/87.0.4280.66 Safari/537.36', 'Linux', '2020-11-28 18:17:47'),
(108, 69, '{\"applicant_name\":\"DR. Demo Student One\",\"email_id\":\"ds1@cms.com\"}', '49.206.4.152', 'Chrome 87.0.4280.66', 'Mozilla/5.0 (X11; Linux x86_64) AppleWebKit/537.36 (KHTML, like Gecko) Chrome/87.0.4280.66 Safari/537.36', 'Linux', '2020-11-29 23:29:29'),
(109, 70, '{\"applicant_name\":\"DR. aeu applicant\",\"email_id\":\"aeuapplicant1@gmail.com\"}', '49.206.4.152', 'Chrome 78.0.3904.97', 'Mozilla/5.0 (X11; Linux x86_64) AppleWebKit/537.36 (KHTML, like Gecko) Chrome/78.0.3904.97 Safari/537.36', 'Linux', '2020-12-02 05:06:04'),
(110, 57, '{\"applicant_name\":\"MRS. Student Three\",\"email_id\":\"s3@cms.com\"}', '49.206.4.152', 'Chrome 87.0.4280.66', 'Mozilla/5.0 (X11; Linux x86_64) AppleWebKit/537.36 (KHTML, like Gecko) Chrome/87.0.4280.66 Safari/537.36', 'Linux', '2020-12-02 05:49:39'),
(111, 70, '{\"applicant_name\":\"DR. aeu applicant\",\"email_id\":\"aeuapplicant1@gmail.com\"}', '42.190.11.118', 'Chrome 87.0.4280.66', 'Mozilla/5.0 (Windows NT 10.0; Win64; x64) AppleWebKit/537.36 (KHTML, like Gecko) Chrome/87.0.4280.66 Safari/537.36', 'Windows 10', '2020-12-02 23:19:12'),
(112, 71, '{\"applicant_name\":\"HAJI. aeu demo testing one\",\"email_id\":\"aeudemo1@gmail.com\"}', '49.206.4.152', 'Chrome 78.0.3904.97', 'Mozilla/5.0 (X11; Linux x86_64) AppleWebKit/537.36 (KHTML, like Gecko) Chrome/78.0.3904.97 Safari/537.36', 'Linux', '2020-12-07 00:13:22'),
(113, 72, '{\"applicant_name\":\"DATUKSERIDR. Developper Testing1\",\"email_id\":\"dt1@cms.com\"}', '117.230.61.17', 'Chrome 87.0.4280.66', 'Mozilla/5.0 (X11; Linux x86_64) AppleWebKit/537.36 (KHTML, like Gecko) Chrome/87.0.4280.66 Safari/537.36', 'Linux', '2020-12-07 11:22:24'),
(114, 72, '{\"applicant_name\":\"DATUKSERIDR. Developper Testing1\",\"email_id\":\"dt1@cms.com\"}', '117.230.61.17', 'Chrome 87.0.4280.66', 'Mozilla/5.0 (X11; Linux x86_64) AppleWebKit/537.36 (KHTML, like Gecko) Chrome/87.0.4280.66 Safari/537.36', 'Linux', '2020-12-07 11:43:28'),
(115, 74, '{\"applicant_name\":\"DRHAJI. aeu demo testing\",\"email_id\":\"aeudemo2@gmail.com\"}', '49.206.4.152', 'Chrome 78.0.3904.97', 'Mozilla/5.0 (X11; Linux x86_64) AppleWebKit/537.36 (KHTML, like Gecko) Chrome/78.0.3904.97 Safari/537.36', 'Linux', '2020-12-07 19:04:58'),
(116, 75, '{\"applicant_name\":\"DATUKSERIDR. aeu testing\",\"email_id\":\"aeudemo3@gmail.com\"}', '49.206.4.152', 'Chrome 78.0.3904.97', 'Mozilla/5.0 (X11; Linux x86_64) AppleWebKit/537.36 (KHTML, like Gecko) Chrome/78.0.3904.97 Safari/537.36', 'Linux', '2020-12-07 19:12:08'),
(117, 75, '{\"applicant_name\":\"DATUKSERIDR. aeu testing\",\"email_id\":\"aeudemo3@gmail.com\"}', '49.206.4.152', 'Chrome 78.0.3904.97', 'Mozilla/5.0 (X11; Linux x86_64) AppleWebKit/537.36 (KHTML, like Gecko) Chrome/78.0.3904.97 Safari/537.36', 'Linux', '2020-12-07 22:18:30'),
(118, 75, '{\"applicant_name\":\"DATUKSERIDR. aeu testing\",\"email_id\":\"aeudemo3@gmail.com\"}', '42.190.11.118', 'Chrome 87.0.4280.88', 'Mozilla/5.0 (Windows NT 10.0; Win64; x64) AppleWebKit/537.36 (KHTML, like Gecko) Chrome/87.0.4280.88 Safari/537.36', 'Windows 10', '2020-12-07 22:19:59'),
(119, 76, '{\"applicant_name\":\"DR. Developper Testing3\",\"email_id\":\"dt3@cms.com\"}', '223.186.176.100', 'Chrome 87.0.4280.66', 'Mozilla/5.0 (X11; Linux x86_64) AppleWebKit/537.36 (KHTML, like Gecko) Chrome/87.0.4280.66 Safari/537.36', 'Linux', '2020-12-08 02:38:28'),
(120, 76, '{\"applicant_name\":\"DR. Developper Testing3\",\"email_id\":\"dt3@cms.com\"}', '223.186.176.100', 'Chrome 87.0.4280.66', 'Mozilla/5.0 (X11; Linux x86_64) AppleWebKit/537.36 (KHTML, like Gecko) Chrome/87.0.4280.66 Safari/537.36', 'Linux', '2020-12-08 06:52:01'),
(121, 77, '{\"applicant_name\":\"MR. AA A\",\"email_id\":\"aeudemo0801@gmail.com\"}', '49.206.4.152', 'Chrome 87.0.4280.88', 'Mozilla/5.0 (Windows NT 10.0; Win64; x64) AppleWebKit/537.36 (KHTML, like Gecko) Chrome/87.0.4280.88 Safari/537.36', 'Windows 10', '2020-12-08 08:16:47'),
(122, 78, '{\"applicant_name\":\"MS. BB B\",\"email_id\":\"aeudemo0802@gmail.com\"}', '49.206.4.152', 'Chrome 87.0.4280.88', 'Mozilla/5.0 (Windows NT 10.0; Win64; x64) AppleWebKit/537.36 (KHTML, like Gecko) Chrome/87.0.4280.88 Safari/537.36', 'Windows 10', '2020-12-08 08:32:25'),
(123, 79, '{\"applicant_name\":\"HAJI. CC C\",\"email_id\":\"aeudemo0803@gmail.com\"}', '49.206.4.152', 'Chrome 87.0.4280.88', 'Mozilla/5.0 (Windows NT 10.0; Win64; x64) AppleWebKit/537.36 (KHTML, like Gecko) Chrome/87.0.4280.88 Safari/537.36', 'Windows 10', '2020-12-08 08:50:13'),
(124, 79, '{\"applicant_name\":\"HAJI. CC C\",\"email_id\":\"aeudemo0803@gmail.com\"}', '223.186.176.100', 'Chrome 87.0.4280.66', 'Mozilla/5.0 (X11; Linux x86_64) AppleWebKit/537.36 (KHTML, like Gecko) Chrome/87.0.4280.66 Safari/537.36', 'Linux', '2020-12-08 09:51:06'),
(125, 80, '{\"applicant_name\":\"HAJI. Developper Testing4\",\"email_id\":\"dt4@cms.com\"}', '223.186.176.100', 'Chrome 87.0.4280.66', 'Mozilla/5.0 (X11; Linux x86_64) AppleWebKit/537.36 (KHTML, like Gecko) Chrome/87.0.4280.66 Safari/537.36', 'Linux', '2020-12-08 09:53:40'),
(126, 81, '{\"applicant_name\":\"MS. Hazna Testing\",\"email_id\":\"haznademo1@gmail.com\"}', '49.206.4.152', 'Chrome 78.0.3904.97', 'Mozilla/5.0 (X11; Linux x86_64) AppleWebKit/537.36 (KHTML, like Gecko) Chrome/78.0.3904.97 Safari/537.36', 'Linux', '2020-12-09 01:35:42'),
(127, 82, '{\"applicant_name\":\"MR. Kiran  testing\",\"email_id\":\"11@gmail.com\"}', '49.206.4.152', 'Chrome 78.0.3904.97', 'Mozilla/5.0 (X11; Linux x86_64) AppleWebKit/537.36 (KHTML, like Gecko) Chrome/78.0.3904.97 Safari/537.36', 'Linux', '2020-12-09 01:47:21'),
(128, 81, '{\"applicant_name\":\"MS. Hazna Testing\",\"email_id\":\"haznademo1@gmail.com\"}', '42.105.116.125', 'Chrome 87.0.4280.66', 'Mozilla/5.0 (X11; Linux x86_64) AppleWebKit/537.36 (KHTML, like Gecko) Chrome/87.0.4280.66 Safari/537.36', 'Linux', '2020-12-09 13:51:14'),
(129, 83, '{\"applicant_name\":\"DRHAJI. DD D\",\"email_id\":\"aeudemo1001@gmail.com\"}', '49.206.4.152', 'Chrome 87.0.4280.88', 'Mozilla/5.0 (Windows NT 10.0; Win64; x64) AppleWebKit/537.36 (KHTML, like Gecko) Chrome/87.0.4280.88 Safari/537.36', 'Windows 10', '2020-12-09 20:42:22'),
(130, 84, '{\"applicant_name\":\"MR. mohd redza yusman yunus\",\"email_id\":\"m.redza@aeu.edu.my\"}', '115.164.52.49', 'Chrome 87.0.4280.88', 'Mozilla/5.0 (Windows NT 10.0; Win64; x64) AppleWebKit/537.36 (KHTML, like Gecko) Chrome/87.0.4280.88 Safari/537.36', 'Windows 10', '2020-12-09 21:12:54'),
(131, 85, '{\"applicant_name\":\"MR. Developper Testing5\",\"email_id\":\"dt5@cms.com\"}', '157.45.71.122', 'Chrome 87.0.4280.66', 'Mozilla/5.0 (X11; Linux x86_64) AppleWebKit/537.36 (KHTML, like Gecko) Chrome/87.0.4280.66 Safari/537.36', 'Linux', '2020-12-10 00:25:13'),
(132, 86, '{\"applicant_name\":\"MR. Student 6\",\"email_id\":\"s6@cms.com\"}', '42.105.117.54', 'Chrome 87.0.4280.66', 'Mozilla/5.0 (X11; Linux x86_64) AppleWebKit/537.36 (KHTML, like Gecko) Chrome/87.0.4280.66 Safari/537.36', 'Linux', '2020-12-12 10:44:51'),
(133, 87, '{\"applicant_name\":\"MRS. Student 7\",\"email_id\":\"ss7@cms.com\"}', '42.105.117.54', 'Chrome 87.0.4280.66', 'Mozilla/5.0 (X11; Linux x86_64) AppleWebKit/537.36 (KHTML, like Gecko) Chrome/87.0.4280.66 Safari/537.36', 'Linux', '2020-12-12 10:54:35'),
(134, 87, '{\"applicant_name\":\"MRS. Student 7\",\"email_id\":\"ss7@cms.com\"}', '42.105.117.190', 'Chrome 87.0.4280.66', 'Mozilla/5.0 (X11; Linux x86_64) AppleWebKit/537.36 (KHTML, like Gecko) Chrome/87.0.4280.66 Safari/537.36', 'Linux', '2020-12-12 11:16:31'),
(135, 88, '{\"applicant_name\":\"DR. Student 8\",\"email_id\":\"s8@cms.com\"}', '42.105.117.140', 'Chrome 87.0.4280.66', 'Mozilla/5.0 (X11; Linux x86_64) AppleWebKit/537.36 (KHTML, like Gecko) Chrome/87.0.4280.66 Safari/537.36', 'Linux', '2020-12-12 11:36:28'),
(136, 61, '{\"applicant_name\":\"MR. Student Seven\",\"email_id\":\"s7@cms.com\"}', '157.45.79.144', 'Chrome 87.0.4280.66', 'Mozilla/5.0 (X11; Linux x86_64) AppleWebKit/537.36 (KHTML, like Gecko) Chrome/87.0.4280.66 Safari/537.36', 'Linux', '2020-12-15 09:54:56'),
(137, 89, '{\"applicant_name\":\"MR. Developper Testing 6\",\"email_id\":\"dt6@cms.com\"}', '157.45.79.144', 'Chrome 87.0.4280.66', 'Mozilla/5.0 (X11; Linux x86_64) AppleWebKit/537.36 (KHTML, like Gecko) Chrome/87.0.4280.66 Safari/537.36', 'Linux', '2020-12-15 10:24:10'),
(138, 90, '{\"applicant_name\":\"AG. Haz testing one\",\"email_id\":\"9009@gmail.com\"}', '49.206.4.152', 'Chrome 78.0.3904.97', 'Mozilla/5.0 (X11; Linux x86_64) AppleWebKit/537.36 (KHTML, like Gecko) Chrome/78.0.3904.97 Safari/537.36', 'Linux', '2020-12-17 02:13:31'),
(139, 91, '{\"applicant_name\":\"AG. Student 90 90\",\"email_id\":\"09@gmail.com\"}', '49.206.4.152', 'Chrome 78.0.3904.97', 'Mozilla/5.0 (X11; Linux x86_64) AppleWebKit/537.36 (KHTML, like Gecko) Chrome/78.0.3904.97 Safari/537.36', 'Linux', '2020-12-17 02:25:16'),
(140, 92, '{\"applicant_name\":\"DR. Developper Testing 7\",\"email_id\":\"dt7@cms.com\"}', '42.105.116.144', 'Chrome 87.0.4280.66', 'Mozilla/5.0 (X11; Linux x86_64) AppleWebKit/537.36 (KHTML, like Gecko) Chrome/87.0.4280.66 Safari/537.36', 'Linux', '2020-12-18 13:02:43'),
(141, 93, '{\"applicant_name\":\"HAJI. Developper Testing 8\",\"email_id\":\"dt8@cms.com\"}', '42.105.116.144', 'Chrome 87.0.4280.66', 'Mozilla/5.0 (X11; Linux x86_64) AppleWebKit/537.36 (KHTML, like Gecko) Chrome/87.0.4280.66 Safari/537.36', 'Linux', '2020-12-18 13:13:42'),
(142, 94, '{\"applicant_name\":\"DATUKSERIDR. Developper Testing 9\",\"email_id\":\"dt9@cms.com\"}', '117.230.62.170', 'Chrome 87.0.4280.66', 'Mozilla/5.0 (X11; Linux x86_64) AppleWebKit/537.36 (KHTML, like Gecko) Chrome/87.0.4280.66 Safari/537.36', 'Linux', '2020-12-19 14:26:59'),
(143, 95, '{\"applicant_name\":\"HAJI. Developper Testing 10\",\"email_id\":\"dt10@cms.com\"}', '117.230.62.170', 'Chrome 87.0.4280.66', 'Mozilla/5.0 (X11; Linux x86_64) AppleWebKit/537.36 (KHTML, like Gecko) Chrome/87.0.4280.66 Safari/537.36', 'Linux', '2020-12-19 14:28:51'),
(144, 96, '{\"applicant_name\":\"EN. Developper Testing 11\",\"email_id\":\"dt11@cms.com\"}', '42.105.117.194', 'Chrome 87.0.4280.66', 'Mozilla/5.0 (X11; Linux x86_64) AppleWebKit/537.36 (KHTML, like Gecko) Chrome/87.0.4280.66 Safari/537.36', 'Linux', '2020-12-20 13:51:51'),
(145, 97, '{\"applicant_name\":\"MDM. Developper Testing 12\",\"email_id\":\"dt12@cms.com\"}', '42.105.117.194', 'Chrome 87.0.4280.66', 'Mozilla/5.0 (X11; Linux x86_64) AppleWebKit/537.36 (KHTML, like Gecko) Chrome/87.0.4280.66 Safari/537.36', 'Linux', '2020-12-20 13:57:46'),
(146, 98, '{\"applicant_name\":\"HAJI. developper Testing 13\",\"email_id\":\"dt13@cms.com\"}', '42.105.117.53', 'Chrome 87.0.4280.66', 'Mozilla/5.0 (X11; Linux x86_64) AppleWebKit/537.36 (KHTML, like Gecko) Chrome/87.0.4280.66 Safari/537.36', 'Linux', '2020-12-20 14:27:41'),
(147, 99, '{\"applicant_name\":\"EN. Developper Testing 14\",\"email_id\":\"dt14@cms.com\"}', '42.105.117.53', 'Chrome 87.0.4280.66', 'Mozilla/5.0 (X11; Linux x86_64) AppleWebKit/537.36 (KHTML, like Gecko) Chrome/87.0.4280.66 Safari/537.36', 'Linux', '2020-12-20 14:30:06'),
(148, 100, '{\"applicant_name\":\"MR. AA 01\",\"email_id\":\"aa01@gmail.com\"}', '49.206.4.152', 'Chrome 87.0.4280.88', 'Mozilla/5.0 (Windows NT 10.0; Win64; x64) AppleWebKit/537.36 (KHTML, like Gecko) Chrome/87.0.4280.88 Safari/537.36', 'Windows 10', '2020-12-23 00:02:38'),
(149, 101, '{\"applicant_name\":\"MRS. AA 02\",\"email_id\":\"aa02@gmail.com\"}', '49.206.4.152', 'Chrome 87.0.4280.88', 'Mozilla/5.0 (Windows NT 10.0; Win64; x64) AppleWebKit/537.36 (KHTML, like Gecko) Chrome/87.0.4280.88 Safari/537.36', 'Windows 10', '2020-12-23 08:47:51'),
(150, 102, '{\"applicant_name\":\"AG. AA 03\",\"email_id\":\"aa03@gmail.com\"}', '49.206.4.152', 'Chrome 87.0.4280.88', 'Mozilla/5.0 (Windows NT 10.0; Win64; x64) AppleWebKit/537.36 (KHTML, like Gecko) Chrome/87.0.4280.88 Safari/537.36', 'Windows 10', '2020-12-23 09:06:41'),
(151, 103, '{\"applicant_name\":\"AG. Developper Testing 15\",\"email_id\":\"dt15@cms.com\"}', '157.45.71.122', 'Chrome 87.0.4280.66', 'Mozilla/5.0 (X11; Linux x86_64) AppleWebKit/537.36 (KHTML, like Gecko) Chrome/87.0.4280.66 Safari/537.36', 'Linux', '2020-12-23 11:33:00'),
(152, 104, '{\"applicant_name\":\"DR. Developper Testing 16\",\"email_id\":\"dt16@cms.com\"}', '157.45.71.122', 'Chrome 87.0.4280.66', 'Mozilla/5.0 (X11; Linux x86_64) AppleWebKit/537.36 (KHTML, like Gecko) Chrome/87.0.4280.66 Safari/537.36', 'Linux', '2020-12-23 11:41:23'),
(153, 105, '{\"applicant_name\":\"EN. Developper Testing 17\",\"email_id\":\"dt17@cms.com\"}', '157.45.71.122', 'Chrome 87.0.4280.66', 'Mozilla/5.0 (X11; Linux x86_64) AppleWebKit/537.36 (KHTML, like Gecko) Chrome/87.0.4280.66 Safari/537.36', 'Linux', '2020-12-23 11:45:47'),
(154, 104, '{\"applicant_name\":\"DR. Developper Testing 16\",\"email_id\":\"dt16@cms.com\"}', '157.45.71.122', 'Chrome 87.0.4280.66', 'Mozilla/5.0 (X11; Linux x86_64) AppleWebKit/537.36 (KHTML, like Gecko) Chrome/87.0.4280.66 Safari/537.36', 'Linux', '2020-12-23 11:57:07'),
(155, 105, '{\"applicant_name\":\"EN. Developper Testing 17\",\"email_id\":\"dt17@cms.com\"}', '157.45.71.122', 'Chrome 87.0.4280.66', 'Mozilla/5.0 (X11; Linux x86_64) AppleWebKit/537.36 (KHTML, like Gecko) Chrome/87.0.4280.66 Safari/537.36', 'Linux', '2020-12-23 11:58:48'),
(156, 106, '{\"applicant_name\":\"DATUKSERIDR. Developper Testing 18\",\"email_id\":\"dt18@cms.com\"}', '157.45.71.122', 'Chrome 87.0.4280.66', 'Mozilla/5.0 (X11; Linux x86_64) AppleWebKit/537.36 (KHTML, like Gecko) Chrome/87.0.4280.66 Safari/537.36', 'Linux', '2020-12-23 12:06:51'),
(157, 104, '{\"applicant_name\":\"DR. Developper Testing 16\",\"email_id\":\"dt16@cms.com\"}', '157.45.71.122', 'Chrome 87.0.4280.66', 'Mozilla/5.0 (X11; Linux x86_64) AppleWebKit/537.36 (KHTML, like Gecko) Chrome/87.0.4280.66 Safari/537.36', 'Linux', '2020-12-23 12:31:01'),
(158, 107, '{\"applicant_name\":\"EN. BB 01\",\"email_id\":\"bb01@gmail.com\"}', '49.206.4.152', 'Chrome 87.0.4280.88', 'Mozilla/5.0 (Windows NT 10.0; Win64; x64) AppleWebKit/537.36 (KHTML, like Gecko) Chrome/87.0.4280.88 Safari/537.36', 'Windows 10', '2020-12-24 04:23:26'),
(159, 108, '{\"applicant_name\":\"MR. BB 02\",\"email_id\":\"bb02@gmail.com\"}', '49.206.4.152', 'Chrome 87.0.4280.88', 'Mozilla/5.0 (Windows NT 10.0; Win64; x64) AppleWebKit/537.36 (KHTML, like Gecko) Chrome/87.0.4280.88 Safari/537.36', 'Windows 10', '2020-12-24 05:08:24'),
(160, 109, '{\"applicant_name\":\"MRS. BB 03\",\"email_id\":\"bb03@gmail.com\"}', '49.206.4.152', 'Chrome 87.0.4280.88', 'Mozilla/5.0 (Windows NT 10.0; Win64; x64) AppleWebKit/537.36 (KHTML, like Gecko) Chrome/87.0.4280.88 Safari/537.36', 'Windows 10', '2020-12-24 08:11:17'),
(161, 110, '{\"applicant_name\":\"MR. BB 04\",\"email_id\":\"bb04@gmail.com\"}', '49.206.4.152', 'Chrome 87.0.4280.88', 'Mozilla/5.0 (Windows NT 10.0; Win64; x64) AppleWebKit/537.36 (KHTML, like Gecko) Chrome/87.0.4280.88 Safari/537.36', 'Windows 10', '2020-12-24 08:22:19'),
(162, 107, '{\"applicant_name\":\"EN. BB 01\",\"email_id\":\"bb01@gmail.com\"}', '49.206.4.152', 'Chrome 87.0.4280.88', 'Mozilla/5.0 (Windows NT 10.0; Win64; x64) AppleWebKit/537.36 (KHTML, like Gecko) Chrome/87.0.4280.88 Safari/537.36', 'Windows 10', '2020-12-24 08:28:20'),
(163, 109, '{\"applicant_name\":\"MRS. BB 03\",\"email_id\":\"bb03@gmail.com\"}', '49.206.4.152', 'Chrome 87.0.4280.88', 'Mozilla/5.0 (Windows NT 10.0; Win64; x64) AppleWebKit/537.36 (KHTML, like Gecko) Chrome/87.0.4280.88 Safari/537.36', 'Windows 10', '2020-12-24 08:32:14'),
(164, 110, '{\"applicant_name\":\"MR. BB 04\",\"email_id\":\"bb04@gmail.com\"}', '49.206.4.152', 'Chrome 87.0.4280.88', 'Mozilla/5.0 (Windows NT 10.0; Win64; x64) AppleWebKit/537.36 (KHTML, like Gecko) Chrome/87.0.4280.88 Safari/537.36', 'Windows 10', '2020-12-24 08:32:36'),
(165, 111, '{\"applicant_name\":\"DR. PHD Testing 1\",\"email_id\":\"phdt1@cms.com\"}', '157.45.8.126', 'Chrome 87.0.4280.66', 'Mozilla/5.0 (X11; Linux x86_64) AppleWebKit/537.36 (KHTML, like Gecko) Chrome/87.0.4280.66 Safari/537.36', 'Linux', '2020-12-25 11:31:49'),
(166, 112, '{\"applicant_name\":\"HE. PHD Testing 2\",\"email_id\":\"phdt2@cms.com\"}', '157.45.8.126', 'Chrome 87.0.4280.66', 'Mozilla/5.0 (X11; Linux x86_64) AppleWebKit/537.36 (KHTML, like Gecko) Chrome/87.0.4280.66 Safari/537.36', 'Linux', '2020-12-25 11:37:35'),
(167, 113, '{\"applicant_name\":\"MS. pHD Testing 3\",\"email_id\":\"phdt3@cms.com\"}', '157.45.8.126', 'Firefox 84.0', 'Mozilla/5.0 (X11; Ubuntu; Linux x86_64; rv:84.0) Gecko/20100101 Firefox/84.0', 'Linux', '2020-12-25 11:46:17'),
(168, 112, '{\"applicant_name\":\"HE. PHD Testing 2\",\"email_id\":\"phdt2@cms.com\"}', '157.45.8.126', 'Chrome 87.0.4280.66', 'Mozilla/5.0 (X11; Linux x86_64) AppleWebKit/537.36 (KHTML, like Gecko) Chrome/87.0.4280.66 Safari/537.36', 'Linux', '2020-12-25 12:09:51'),
(169, 113, '{\"applicant_name\":\"MS. pHD Testing 3\",\"email_id\":\"phdt3@cms.com\"}', '157.45.8.126', 'Chrome 87.0.4280.66', 'Mozilla/5.0 (X11; Linux x86_64) AppleWebKit/537.36 (KHTML, like Gecko) Chrome/87.0.4280.66 Safari/537.36', 'Linux', '2020-12-25 12:10:06'),
(170, 114, '{\"applicant_name\":\"MDM. phd testing4\",\"email_id\":\"phd4@cms.com\"}', '157.45.236.152', 'Chrome 87.0.4280.88', 'Mozilla/5.0 (Windows NT 10.0; Win64; x64) AppleWebKit/537.36 (KHTML, like Gecko) Chrome/87.0.4280.88 Safari/537.36', 'Windows 10', '2020-12-26 09:29:51'),
(171, 115, '{\"applicant_name\":\"Mrs. Testing demo\",\"email_id\":\"13231@gmail.com\"}', '49.206.15.129', 'Chrome 78.0.3904.97', 'Mozilla/5.0 (X11; Linux x86_64) AppleWebKit/537.36 (KHTML, like Gecko) Chrome/78.0.3904.97 Safari/537.36', 'Linux', '2021-01-12 19:56:00'),
(172, 116, '{\"applicant_name\":\"Mr. Developper Testing One\",\"email_id\":\"dt1@eag.com\"}', '157.45.212.92', 'Chrome 87.0.4280.66', 'Mozilla/5.0 (X11; Linux x86_64) AppleWebKit/537.36 (KHTML, like Gecko) Chrome/87.0.4280.66 Safari/537.36', 'Linux', '2021-01-12 21:44:46'),
(173, 117, '{\"applicant_name\":\"Ms. hazna ahmad\",\"email_id\":\"hazzna@gmail.com\"}', '42.190.11.118', 'Chrome 87.0.4280.141', 'Mozilla/5.0 (Windows NT 10.0; Win64; x64) AppleWebKit/537.36 (KHTML, like Gecko) Chrome/87.0.4280.141 Safari/537.36', 'Windows 10', '2021-01-12 22:03:25'),
(174, 118, '{\"applicant_name\":\"Mr. FF 01\",\"email_id\":\"ff01@g.com\"}', '49.206.15.129', 'Chrome 87.0.4280.141', 'Mozilla/5.0 (Windows NT 10.0; Win64; x64) AppleWebKit/537.36 (KHTML, like Gecko) Chrome/87.0.4280.141 Safari/537.36', 'Windows 10', '2021-01-12 22:19:30'),
(175, 119, '{\"applicant_name\":\"Ms. GG 01\",\"email_id\":\"gg01@g.com\"}', '49.206.15.129', 'Chrome 87.0.4280.141', 'Mozilla/5.0 (Windows NT 10.0; Win64; x64) AppleWebKit/537.36 (KHTML, like Gecko) Chrome/87.0.4280.141 Safari/537.36', 'Windows 10', '2021-01-13 00:51:24'),
(176, 116, '{\"applicant_name\":\"Mr. Developper Testing One\",\"email_id\":\"dt1@eag.com\"}', '157.45.178.184', 'Chrome 87.0.4280.66', 'Mozilla/5.0 (X11; Linux x86_64) AppleWebKit/537.36 (KHTML, like Gecko) Chrome/87.0.4280.66 Safari/537.36', 'Linux', '2021-01-13 01:00:22'),
(177, 120, '{\"applicant_name\":\"Ms. Hazna Ahmad\",\"email_id\":\"hazzna@gmail.com\"}', '42.190.11.118', 'Chrome 87.0.4280.141', 'Mozilla/5.0 (Windows NT 10.0; Win64; x64) AppleWebKit/537.36 (KHTML, like Gecko) Chrome/87.0.4280.141 Safari/537.36', 'Windows 10', '2021-01-13 16:54:28'),
(178, 120, '{\"applicant_name\":\"Ms. Hazna Ahmad\",\"email_id\":\"hazzna@gmail.com\"}', '42.190.11.118', 'Chrome 87.0.4280.141', 'Mozilla/5.0 (Windows NT 10.0; Win64; x64) AppleWebKit/537.36 (KHTML, like Gecko) Chrome/87.0.4280.141 Safari/537.36', 'Windows 10', '2021-01-14 05:03:37'),
(179, 121, '{\"applicant_name\":\"Mr. Developpper Testing two\",\"email_id\":\"dt2@eag.com\"}', '157.45.81.150', 'Chrome 87.0.4280.66', 'Mozilla/5.0 (X11; Linux x86_64) AppleWebKit/537.36 (KHTML, like Gecko) Chrome/87.0.4280.66 Safari/537.36', 'Linux', '2021-01-14 11:03:24'),
(180, 122, '{\"applicant_name\":\"Mr. Testing  one\",\"email_id\":\"test1@gmail.com\"}', '49.206.15.129', 'Chrome 78.0.3904.97', 'Mozilla/5.0 (X11; Linux x86_64) AppleWebKit/537.36 (KHTML, like Gecko) Chrome/78.0.3904.97 Safari/537.36', 'Linux', '2021-01-14 12:47:27'),
(181, 123, '{\"applicant_name\":\"Mr. Developper Testing Two\",\"email_id\":\"dt2@eag.com\"}', '157.45.81.150', 'Chrome 87.0.4280.66', 'Mozilla/5.0 (X11; Linux x86_64) AppleWebKit/537.36 (KHTML, like Gecko) Chrome/87.0.4280.66 Safari/537.36', 'Linux', '2021-01-14 12:51:33'),
(182, 123, '{\"applicant_name\":\"Mr. Developper Testing Two\",\"email_id\":\"dt2@eag.com\"}', '49.206.15.129', 'Chrome 78.0.3904.97', 'Mozilla/5.0 (X11; Linux x86_64) AppleWebKit/537.36 (KHTML, like Gecko) Chrome/78.0.3904.97 Safari/537.36', 'Linux', '2021-01-14 13:50:41'),
(183, 124, '{\"applicant_name\":\"Mr. zolhisam yunus\",\"email_id\":\"zolhisay@gmail.com\"}', '42.190.11.118', 'Chrome 87.0.4280.141', 'Mozilla/5.0 (Windows NT 10.0; Win64; x64) AppleWebKit/537.36 (KHTML, like Gecko) Chrome/87.0.4280.141 Safari/537.36', 'Windows 10', '2021-01-14 19:56:57'),
(184, 125, '{\"applicant_name\":\"Mr. HH 01\",\"email_id\":\"hh01@g.com\"}', '49.206.15.129', 'Chrome 87.0.4280.141', 'Mozilla/5.0 (Windows NT 10.0; Win64; x64) AppleWebKit/537.36 (KHTML, like Gecko) Chrome/87.0.4280.141 Safari/537.36', 'Windows 10', '2021-01-14 21:20:34'),
(185, 126, '{\"applicant_name\":\"Mr. KK 01\",\"email_id\":\"kk01@g.com\"}', '49.206.15.129', 'Chrome 87.0.4280.141', 'Mozilla/5.0 (Windows NT 10.0; Win64; x64) AppleWebKit/537.36 (KHTML, like Gecko) Chrome/87.0.4280.141 Safari/537.36', 'Windows 10', '2021-01-14 22:53:10'),
(186, 125, '{\"applicant_name\":\"Mr. HH 01\",\"email_id\":\"hh01@g.com\"}', '49.206.15.129', 'Chrome 87.0.4280.141', 'Mozilla/5.0 (Windows NT 10.0; Win64; x64) AppleWebKit/537.36 (KHTML, like Gecko) Chrome/87.0.4280.141 Safari/537.36', 'Windows 10', '2021-01-14 23:02:19'),
(187, 126, '{\"applicant_name\":\"Mr. KK 01\",\"email_id\":\"kk01@g.com\"}', '49.206.15.129', 'Chrome 87.0.4280.141', 'Mozilla/5.0 (Windows NT 10.0; Win64; x64) AppleWebKit/537.36 (KHTML, like Gecko) Chrome/87.0.4280.141 Safari/537.36', 'Windows 10', '2021-01-14 23:03:55'),
(188, 124, '{\"applicant_name\":\"Mr. zolhisam yunus\",\"email_id\":\"zolhisay@gmail.com\"}', '42.190.11.118', 'Chrome 87.0.4280.141', 'Mozilla/5.0 (Windows NT 10.0; Win64; x64) AppleWebKit/537.36 (KHTML, like Gecko) Chrome/87.0.4280.141 Safari/537.36', 'Windows 10', '2021-01-14 23:39:13'),
(189, 127, '{\"applicant_name\":\"Mr. Ezz Ali\",\"email_id\":\"ezzittech@gmail.com\"}', '202.187.26.167', 'Chrome 87.0.4280.141', 'Mozilla/5.0 (Windows NT 10.0; Win64; x64) AppleWebKit/537.36 (KHTML, like Gecko) Chrome/87.0.4280.141 Safari/537.36', 'Windows 10', '2021-01-15 00:04:04'),
(190, 128, '{\"applicant_name\":\"Mr. Salam K.\",\"email_id\":\"eng.abdulsalam@yahoo.com\"}', '202.187.26.167', 'Chrome 87.0.4280.141', 'Mozilla/5.0 (Windows NT 10.0; Win64; x64) AppleWebKit/537.36 (KHTML, like Gecko) Chrome/87.0.4280.141 Safari/537.36', 'Windows 10', '2021-01-15 00:29:22'),
(191, 128, '{\"applicant_name\":\"Mr. Salam K.\",\"email_id\":\"eng.abdulsalam@yahoo.com\"}', '49.206.15.129', 'Chrome 78.0.3904.97', 'Mozilla/5.0 (X11; Linux x86_64) AppleWebKit/537.36 (KHTML, like Gecko) Chrome/78.0.3904.97 Safari/537.36', 'Linux', '2021-01-15 00:43:57'),
(192, 128, '{\"applicant_name\":\"Mr. Salam K.\",\"email_id\":\"eng.abdulsalam@yahoo.com\"}', '49.206.15.129', 'Chrome 78.0.3904.97', 'Mozilla/5.0 (X11; Linux x86_64) AppleWebKit/537.36 (KHTML, like Gecko) Chrome/78.0.3904.97 Safari/537.36', 'Linux', '2021-01-15 00:53:27'),
(193, 128, '{\"applicant_name\":\"Mr. Salam K.\",\"email_id\":\"eng.abdulsalam@yahoo.com\"}', '49.206.15.129', 'Chrome 78.0.3904.97', 'Mozilla/5.0 (X11; Linux x86_64) AppleWebKit/537.36 (KHTML, like Gecko) Chrome/78.0.3904.97 Safari/537.36', 'Linux', '2021-01-15 01:03:29'),
(194, 124, '{\"applicant_name\":\"Mr. zolhisam yunus\",\"email_id\":\"zolhisay@gmail.com\"}', '42.190.11.118', 'Chrome 87.0.4280.141', 'Mozilla/5.0 (Windows NT 10.0; Win64; x64) AppleWebKit/537.36 (KHTML, like Gecko) Chrome/87.0.4280.141 Safari/537.36', 'Windows 10', '2021-01-15 06:22:49'),
(195, 129, '{\"applicant_name\":\"Mr. Developper Testing Four\",\"email_id\":\"dt4@eag.com\"}', '117.230.157.52', 'Chrome 89.0.4381.0', 'Mozilla/5.0 (X11; Linux x86_64) AppleWebKit/537.36 (KHTML, like Gecko) Chrome/89.0.4381.0 Safari/537.36 Edg/89.0.760.0', 'Linux', '2021-01-15 07:16:43'),
(196, 130, '{\"applicant_name\":\"Mr. Developper Testing Five\",\"email_id\":\"dt5@eag.com\",\"applicant_profile_pic\":\"default_profile.jpg\"}', '117.230.21.197', 'Chrome 89.0.4381.0', 'Mozilla/5.0 (X11; Linux x86_64) AppleWebKit/537.36 (KHTML, like Gecko) Chrome/89.0.4381.0 Safari/537.36 Edg/89.0.760.0', 'Linux', '2021-01-15 10:41:09'),
(197, 131, '{\"applicant_name\":\"Ms. HANIZA ahmad\",\"email_id\":\"hazna@creativebytes.com.my\",\"applicant_profile_pic\":\"default_profile.jpg\"}', '42.190.11.118', 'Chrome 87.0.4280.141', 'Mozilla/5.0 (Windows NT 10.0; Win64; x64) AppleWebKit/537.36 (KHTML, like Gecko) Chrome/87.0.4280.141 Safari/537.36', 'Windows 10', '2021-01-15 11:13:54'),
(198, 131, '{\"applicant_name\":\"Ms. HANIZA ahmad\",\"email_id\":\"hazna@creativebytes.com.my\",\"applicant_profile_pic\":\"default_profile.jpg\"}', '42.190.11.118', 'Chrome 87.0.4280.141', 'Mozilla/5.0 (Windows NT 10.0; Win64; x64) AppleWebKit/537.36 (KHTML, like Gecko) Chrome/87.0.4280.141 Safari/537.36', 'Windows 10', '2021-01-15 22:37:20'),
(199, 132, '{\"applicant_name\":\"Ms. Ma. Cristina Leyson\",\"email_id\":\"kaye.ilcmarketing@gmail.com\",\"applicant_profile_pic\":\"default_profile.jpg\"}', '180.191.239.105', 'Chrome 87.0.4280.141', 'Mozilla/5.0 (Windows NT 10.0; Win64; x64) AppleWebKit/537.36 (KHTML, like Gecko) Chrome/87.0.4280.141 Safari/537.36', 'Windows 10', '2021-01-16 11:46:13'),
(200, 133, '{\"applicant_name\":\"Mrs. Mohd Tej\",\"email_id\":\"nric@G.COM\",\"applicant_profile_pic\":\"default_profile.jpg\"}', '49.206.15.129', 'Chrome 78.0.3904.97', 'Mozilla/5.0 (X11; Linux x86_64) AppleWebKit/537.36 (KHTML, like Gecko) Chrome/78.0.3904.97 Safari/537.36', 'Linux', '2021-01-16 12:36:38'),
(201, 131, '{\"applicant_name\":\"Ms. HANIZA ahmad\",\"email_id\":\"hazna@creativebytes.com.my\",\"applicant_profile_pic\":\"default_profile.jpg\"}', '42.190.11.118', 'Chrome 87.0.4280.141', 'Mozilla/5.0 (Windows NT 10.0; Win64; x64) AppleWebKit/537.36 (KHTML, like Gecko) Chrome/87.0.4280.141 Safari/537.36', 'Windows 10', '2021-01-17 00:42:49'),
(202, 131, '{\"applicant_name\":\"Ms. HANIZA ahmad\",\"email_id\":\"hazna@creativebytes.com.my\",\"applicant_profile_pic\":\"default_profile.jpg\"}', '42.190.11.118', 'Chrome 87.0.4280.141', 'Mozilla/5.0 (Windows NT 10.0; Win64; x64) AppleWebKit/537.36 (KHTML, like Gecko) Chrome/87.0.4280.141 Safari/537.36', 'Windows 10', '2021-01-17 00:45:16'),
(203, 131, '{\"applicant_name\":\"Ms. HANIZA ahmad\",\"email_id\":\"hazna@creativebytes.com.my\",\"applicant_profile_pic\":\"default_profile.jpg\"}', '49.206.15.129', 'Chrome 78.0.3904.97', 'Mozilla/5.0 (X11; Linux x86_64) AppleWebKit/537.36 (KHTML, like Gecko) Chrome/78.0.3904.97 Safari/537.36', 'Linux', '2021-01-17 00:45:39'),
(204, 131, '{\"applicant_name\":\"Ms. HANIZA ahmad\",\"email_id\":\"hazna@creativebytes.com.my\",\"applicant_profile_pic\":\"default_profile.jpg\"}', '49.206.15.129', 'Chrome 78.0.3904.97', 'Mozilla/5.0 (X11; Linux x86_64) AppleWebKit/537.36 (KHTML, like Gecko) Chrome/78.0.3904.97 Safari/537.36', 'Linux', '2021-01-17 00:59:58'),
(205, 131, '{\"applicant_name\":\"Ms. HANIZA ahmad\",\"email_id\":\"hazna@creativebytes.com.my\",\"applicant_profile_pic\":\"default_profile.jpg\"}', '49.206.15.129', 'Chrome 78.0.3904.97', 'Mozilla/5.0 (X11; Linux x86_64) AppleWebKit/537.36 (KHTML, like Gecko) Chrome/78.0.3904.97 Safari/537.36', 'Linux', '2021-01-17 04:50:48'),
(206, 131, '{\"applicant_name\":\"Ms. HANIZA ahmad\",\"email_id\":\"hazna@creativebytes.com.my\",\"applicant_profile_pic\":\"default_profile.jpg\"}', '42.190.11.118', 'Chrome 87.0.4280.141', 'Mozilla/5.0 (Windows NT 10.0; Win64; x64) AppleWebKit/537.36 (KHTML, like Gecko) Chrome/87.0.4280.141 Safari/537.36', 'Windows 10', '2021-01-17 04:53:18'),
(207, 134, '{\"applicant_name\":\"Mr. Developper Testing Six\",\"email_id\":\"dt6@eag.com\",\"applicant_profile_pic\":\"default_profile.jpg\"}', '117.230.159.43', 'Chrome 89.0.4381.0', 'Mozilla/5.0 (X11; Linux x86_64) AppleWebKit/537.36 (KHTML, like Gecko) Chrome/89.0.4381.0 Safari/537.36 Edg/89.0.760.0', 'Linux', '2021-01-17 06:22:00'),
(208, 135, '{\"applicant_name\":\"Ms. kira asd\",\"email_id\":\"a@a.com\",\"applicant_profile_pic\":\"default_profile.jpg\"}', '49.206.15.129', 'Chrome 78.0.3904.97', 'Mozilla/5.0 (X11; Linux x86_64) AppleWebKit/537.36 (KHTML, like Gecko) Chrome/78.0.3904.97 Safari/537.36', 'Linux', '2021-01-17 09:10:15'),
(209, 131, '{\"applicant_name\":\"Ms. HANIZA ahmad\",\"email_id\":\"hazna@creativebytes.com.my\",\"applicant_profile_pic\":\"default_profile.jpg\"}', '49.206.15.129', 'Chrome 78.0.3904.97', 'Mozilla/5.0 (X11; Linux x86_64) AppleWebKit/537.36 (KHTML, like Gecko) Chrome/78.0.3904.97 Safari/537.36', 'Linux', '2021-01-17 09:32:59'),
(210, 131, '{\"applicant_name\":\"Ms. HANIZA ahmad\",\"email_id\":\"hazna@creativebytes.com.my\",\"applicant_profile_pic\":\"d413dcfb92ed1364b8053c779ba146cb.jpg\"}', '42.190.11.118', 'Chrome 87.0.4280.141', 'Mozilla/5.0 (Windows NT 10.0; Win64; x64) AppleWebKit/537.36 (KHTML, like Gecko) Chrome/87.0.4280.141 Safari/537.36', 'Windows 10', '2021-01-17 17:08:55'),
(211, 136, '{\"applicant_name\":\"Mr. LL 01\",\"email_id\":\"ll01@g.com\",\"applicant_profile_pic\":\"default_profile.jpg\"}', '49.206.15.129', 'Chrome 87.0.4280.141', 'Mozilla/5.0 (Windows NT 10.0; Win64; x64) AppleWebKit/537.36 (KHTML, like Gecko) Chrome/87.0.4280.141 Safari/537.36', 'Windows 10', '2021-01-17 17:58:02'),
(212, 136, '{\"applicant_name\":\"Mr. LL 01\",\"email_id\":\"ll01@g.com\",\"applicant_profile_pic\":\"default_profile.jpg\"}', '49.206.15.129', 'Chrome 87.0.4280.141', 'Mozilla/5.0 (Windows NT 10.0; Win64; x64) AppleWebKit/537.36 (KHTML, like Gecko) Chrome/87.0.4280.141 Safari/537.36', 'Windows 10', '2021-01-17 17:59:14'),
(213, 136, '{\"applicant_name\":\"Mr. LL 01\",\"email_id\":\"ll01@g.com\",\"applicant_profile_pic\":\"9d816baae3259b47de3ba2b09f4d55ef.jpg\"}', '49.206.15.129', 'Chrome 87.0.4280.141', 'Mozilla/5.0 (Windows NT 10.0; Win64; x64) AppleWebKit/537.36 (KHTML, like Gecko) Chrome/87.0.4280.141 Safari/537.36', 'Windows 10', '2021-01-17 18:19:05'),
(214, 137, '{\"applicant_name\":\"Mr. MM 01\",\"email_id\":\"mm01@g.com\",\"applicant_profile_pic\":\"default_profile.jpg\"}', '49.206.15.129', 'Chrome 87.0.4280.141', 'Mozilla/5.0 (Windows NT 10.0; Win64; x64) AppleWebKit/537.36 (KHTML, like Gecko) Chrome/87.0.4280.141 Safari/537.36', 'Windows 10', '2021-01-17 20:06:34'),
(215, 137, '{\"applicant_name\":\"Mr. MM 01\",\"email_id\":\"mm01@g.com\",\"applicant_profile_pic\":\"93f27d23afd21ee4f7a5d6a8b8794984.jpg\"}', '49.206.15.129', 'Chrome 87.0.4280.141', 'Mozilla/5.0 (Windows NT 10.0; Win64; x64) AppleWebKit/537.36 (KHTML, like Gecko) Chrome/87.0.4280.141 Safari/537.36', 'Windows 10', '2021-01-17 23:11:33'),
(216, 138, '{\"applicant_name\":\"Ms. NN 01\",\"email_id\":\"nn01@g.com\",\"applicant_profile_pic\":\"default_profile.jpg\"}', '49.206.15.129', 'Chrome 87.0.4280.141', 'Mozilla/5.0 (Windows NT 10.0; Win64; x64) AppleWebKit/537.36 (KHTML, like Gecko) Chrome/87.0.4280.141 Safari/537.36', 'Windows 10', '2021-01-17 23:17:24'),
(217, 137, '{\"applicant_name\":\"Mr. MM 01\",\"email_id\":\"mm01@g.com\",\"applicant_profile_pic\":\"93f27d23afd21ee4f7a5d6a8b8794984.jpg\"}', '49.206.15.129', 'Chrome 87.0.4280.141', 'Mozilla/5.0 (Windows NT 10.0; Win64; x64) AppleWebKit/537.36 (KHTML, like Gecko) Chrome/87.0.4280.141 Safari/537.36', 'Windows 10', '2021-01-17 23:18:54'),
(218, 137, '{\"applicant_name\":\"Mr. MM 01\",\"email_id\":\"mm01@g.com\",\"applicant_profile_pic\":\"93f27d23afd21ee4f7a5d6a8b8794984.jpg\"}', '49.206.15.129', 'Chrome 87.0.4280.141', 'Mozilla/5.0 (Windows NT 10.0; Win64; x64) AppleWebKit/537.36 (KHTML, like Gecko) Chrome/87.0.4280.141 Safari/537.36', 'Windows 10', '2021-01-17 23:18:55'),
(219, 139, '{\"applicant_name\":\"Ms. PP 01\",\"email_id\":\"pp01@g.com\",\"applicant_profile_pic\":\"default_profile.jpg\"}', '49.206.15.129', 'Chrome 87.0.4280.141', 'Mozilla/5.0 (Windows NT 10.0; Win64; x64) AppleWebKit/537.36 (KHTML, like Gecko) Chrome/87.0.4280.141 Safari/537.36', 'Windows 10', '2021-01-18 09:14:17');

-- --------------------------------------------------------

--
-- Table structure for table `applicant_status`
--

CREATE TABLE `applicant_status` (
  `id` int(20) NOT NULL,
  `name` varchar(2048) DEFAULT '',
  `code` varchar(2048) DEFAULT '',
  `name_optional_language` varchar(2048) DEFAULT '',
  `status` int(2) DEFAULT 0,
  `created_by` int(20) DEFAULT NULL,
  `created_dt_tm` datetime DEFAULT current_timestamp(),
  `updated_by` int(20) DEFAULT NULL,
  `updated_dt_tm` datetime DEFAULT current_timestamp()
) ENGINE=InnoDB DEFAULT CHARSET=latin1;

--
-- Dumping data for table `applicant_status`
--

INSERT INTO `applicant_status` (`id`, `name`, `code`, `name_optional_language`, `status`, `created_by`, `created_dt_tm`, `updated_by`, `updated_dt_tm`) VALUES
(1, 'NEW/LEAD', '', '', 0, NULL, '2020-08-18 12:37:45', NULL, '2020-08-18 12:37:45'),
(2, 'SUBMITTED', '', '', 0, NULL, '2020-08-18 12:37:45', NULL, '2020-08-18 12:37:45'),
(3, 'INCOMPLETE', '', '', 0, NULL, '2020-08-18 12:37:45', NULL, '2020-08-18 12:37:45'),
(4, 'NOTQUALIFIED', '', '', 0, NULL, '2020-08-18 12:37:45', NULL, '2020-08-18 12:37:45'),
(5, 'OFFERED', '', '', 0, NULL, '2020-08-18 12:37:45', NULL, '2020-08-18 12:37:45'),
(6, 'OFFERED CONDITIONALLY', '', '', 0, NULL, '2020-08-18 12:37:45', NULL, '2020-08-18 12:37:45'),
(7, 'REGISTERED', '', '', 0, NULL, '2020-08-18 12:37:45', NULL, '2020-08-18 12:37:45'),
(8, 'REGISTERED CONDITIONALLY', '', '', 0, NULL, '2020-08-18 12:37:45', NULL, '2020-08-18 12:37:45'),
(9, 'COMPLETED', '', '', 0, NULL, '2020-08-18 12:37:45', NULL, '2020-08-18 12:37:45'),
(10, 'GRADUATED', '', '', 0, NULL, '2020-08-18 12:37:45', NULL, '2020-08-18 12:37:45'),
(11, 'DESEASED', '', '', 0, NULL, '2020-08-18 12:37:45', NULL, '2020-08-18 12:37:45'),
(12, 'WITHDRAW', '', '', 0, NULL, '2020-08-18 12:37:45', NULL, '2020-08-18 12:37:45'),
(13, 'DISMISSED/SUSPENDED', '', '', 0, NULL, '2020-08-18 12:37:45', NULL, '2020-08-18 12:37:45');

-- --------------------------------------------------------

--
-- Table structure for table `apply_change_programme`
--

CREATE TABLE `apply_change_programme` (
  `id` int(20) NOT NULL,
  `id_student` int(20) DEFAULT NULL,
  `reason` varchar(580) DEFAULT '',
  `id_programme` int(20) DEFAULT NULL,
  `id_intake` int(20) DEFAULT NULL,
  `id_new_programme` int(20) DEFAULT NULL,
  `id_new_intake` int(20) DEFAULT NULL,
  `id_new_semester` int(20) DEFAULT NULL,
  `id_new_program_scheme` int(20) DEFAULT 0,
  `id_new_program_has_scheme` int(20) DEFAULT 0,
  `fee` float(20,2) DEFAULT NULL,
  `reject_reason` varchar(2048) DEFAULT '',
  `status` int(2) DEFAULT 1,
  `created_by` int(20) DEFAULT NULL,
  `created_dt_tm` datetime DEFAULT current_timestamp(),
  `updated_by` int(20) DEFAULT NULL,
  `updated_dt_tm` datetime DEFAULT current_timestamp()
) ENGINE=InnoDB DEFAULT CHARSET=latin1;

--
-- Dumping data for table `apply_change_programme`
--

INSERT INTO `apply_change_programme` (`id`, `id_student`, `reason`, `id_programme`, `id_intake`, `id_new_programme`, `id_new_intake`, `id_new_semester`, `id_new_program_scheme`, `id_new_program_has_scheme`, `fee`, `reject_reason`, `status`, `created_by`, `created_dt_tm`, `updated_by`, `updated_dt_tm`) VALUES
(1, 5, 'Not Interested', 1, 1, 2, 1, 1, 7, 0, 9639.00, '', 1, 1, '2020-08-17 12:37:44', NULL, '2020-08-17 12:37:44'),
(2, 11, 'Chaning', 2, 1, 1, 1, 1, 4, 0, 400.00, '', 1, 1, '2020-08-20 06:01:26', NULL, '2020-08-20 06:01:26'),
(3, 32, 'REason', 6, 1, 6, 1, 3, 21, 2, 0.00, '', 0, 1, '2020-11-16 11:59:00', NULL, '2020-11-16 11:59:00');

-- --------------------------------------------------------

--
-- Table structure for table `apply_change_scheme`
--

CREATE TABLE `apply_change_scheme` (
  `id` int(20) NOT NULL,
  `id_student` int(20) DEFAULT NULL,
  `reason` varchar(580) DEFAULT '',
  `id_intake` int(20) DEFAULT 0,
  `id_programme` int(20) DEFAULT 0,
  `id_program_scheme` int(20) DEFAULT 0,
  `id_new_semester` int(20) DEFAULT 0,
  `id_new_program_scheme` int(20) DEFAULT 0,
  `fee` float(20,2) DEFAULT NULL,
  `status` int(2) DEFAULT 1,
  `created_by` int(20) DEFAULT NULL,
  `created_dt_tm` datetime DEFAULT current_timestamp(),
  `updated_by` int(20) DEFAULT NULL,
  `updated_dt_tm` datetime DEFAULT current_timestamp()
) ENGINE=InnoDB DEFAULT CHARSET=latin1;

--
-- Dumping data for table `apply_change_scheme`
--

INSERT INTO `apply_change_scheme` (`id`, `id_student`, `reason`, `id_intake`, `id_programme`, `id_program_scheme`, `id_new_semester`, `id_new_program_scheme`, `fee`, `status`, `created_by`, `created_dt_tm`, `updated_by`, `updated_dt_tm`) VALUES
(1, 5, '123', 1, 2, 7, 1, 6, 1000.00, 1, 1, '2020-08-17 12:50:20', NULL, '2020-08-17 12:50:20'),
(2, 11, 'Changing Scheme', 1, 2, 7, 1, 6, 700.00, 1, 1, '2020-08-20 05:45:55', NULL, '2020-08-20 05:45:55'),
(3, 12, 'Reason', 1, 3, 8, 1, 11, 1000.00, 1, 1, '2020-08-21 13:42:14', NULL, '2020-08-21 13:42:14');

-- --------------------------------------------------------

--
-- Table structure for table `apply_change_status`
--

CREATE TABLE `apply_change_status` (
  `id` int(20) NOT NULL,
  `id_student` int(20) DEFAULT NULL,
  `id_program` int(20) DEFAULT 0,
  `id_change_status` int(20) DEFAULT NULL,
  `id_semester` int(20) DEFAULT NULL,
  `reason` varchar(580) DEFAULT '',
  `status` int(2) DEFAULT NULL,
  `created_by` int(20) DEFAULT NULL,
  `created_dt_tm` datetime DEFAULT current_timestamp(),
  `updated_by` int(20) DEFAULT NULL,
  `updated_dt_tm` datetime DEFAULT current_timestamp()
) ENGINE=InnoDB DEFAULT CHARSET=latin1;

--
-- Dumping data for table `apply_change_status`
--

INSERT INTO `apply_change_status` (`id`, `id_student`, `id_program`, `id_change_status`, `id_semester`, `reason`, `status`, `created_by`, `created_dt_tm`, `updated_by`, `updated_dt_tm`) VALUES
(1, 4, 0, 1, 1, 'Droping The Course', 1, 1, '2020-08-17 08:35:57', NULL, '2020-08-17 08:35:57'),
(2, 4, 0, 1, 1, 'Dropping', 1, 1, '2020-08-17 12:25:49', NULL, '2020-08-17 12:25:49'),
(3, 4, 0, 1, 2, 'Reason', 1, 1, '2020-08-17 12:26:56', NULL, '2020-08-17 12:26:56'),
(4, 12, 3, 1, 1, 'Not Proper ', 1, 1, '2020-08-21 13:39:30', NULL, '2020-08-21 13:39:30'),
(5, 29, 4, 1, 1, 'Inactive Due To Not Attending', 0, 1, '2020-11-01 20:29:10', NULL, '2020-11-01 20:29:10'),
(6, 35, 6, 1, 2, 'asdfsdfads', 1, 1, '2020-11-12 21:36:50', NULL, '2020-11-12 21:36:50'),
(7, 52, 4, 2, 1, 'quit', 0, 1, '2020-12-17 02:34:55', NULL, '2020-12-17 02:34:55');

-- --------------------------------------------------------

--
-- Table structure for table `asset_category`
--

CREATE TABLE `asset_category` (
  `id` int(20) NOT NULL,
  `name` varchar(580) DEFAULT '',
  `code` varchar(50) DEFAULT '',
  `description` varchar(580) DEFAULT '',
  `status` int(2) DEFAULT NULL,
  `created_by` int(20) DEFAULT NULL,
  `created_dt_tm` datetime DEFAULT current_timestamp(),
  `updated_by` int(20) DEFAULT NULL,
  `updated_dt_tm` datetime DEFAULT current_timestamp()
) ENGINE=InnoDB DEFAULT CHARSET=latin1;

-- --------------------------------------------------------

--
-- Table structure for table `asset_disposal`
--

CREATE TABLE `asset_disposal` (
  `id` int(20) NOT NULL,
  `id_disposal_type` int(20) DEFAULT NULL,
  `date_time` datetime DEFAULT current_timestamp(),
  `reason` varchar(580) DEFAULT '',
  `status` int(2) DEFAULT NULL,
  `created_by` int(20) DEFAULT NULL,
  `created_dt_tm` datetime DEFAULT current_timestamp(),
  `updated_by` int(20) DEFAULT NULL,
  `updated_dt_tm` datetime DEFAULT current_timestamp()
) ENGINE=InnoDB DEFAULT CHARSET=latin1;

-- --------------------------------------------------------

--
-- Table structure for table `asset_disposal_detail`
--

CREATE TABLE `asset_disposal_detail` (
  `id` int(20) NOT NULL,
  `id_asset_disposal` int(20) NOT NULL,
  `id_asset` int(20) DEFAULT NULL,
  `asset_code` varchar(50) DEFAULT NULL,
  `status` int(2) DEFAULT NULL,
  `created_by` int(20) DEFAULT NULL,
  `created_dt_tm` datetime DEFAULT current_timestamp(),
  `updated_by` int(20) DEFAULT NULL,
  `updated_dt_tm` datetime DEFAULT current_timestamp()
) ENGINE=InnoDB DEFAULT CHARSET=latin1;

-- --------------------------------------------------------

--
-- Table structure for table `asset_item`
--

CREATE TABLE `asset_item` (
  `id` int(20) NOT NULL,
  `name` varchar(580) DEFAULT '',
  `code` varchar(50) DEFAULT '',
  `description` varchar(580) DEFAULT '',
  `id_asset_category` int(20) DEFAULT NULL,
  `id_asset_sub_category` int(20) DEFAULT NULL,
  `status` int(2) DEFAULT NULL,
  `created_by` int(20) DEFAULT NULL,
  `created_dt_tm` datetime DEFAULT current_timestamp(),
  `updated_by` int(20) DEFAULT NULL,
  `updated_dt_tm` datetime DEFAULT current_timestamp()
) ENGINE=InnoDB DEFAULT CHARSET=latin1;

-- --------------------------------------------------------

--
-- Table structure for table `asset_order`
--

CREATE TABLE `asset_order` (
  `id` int(20) NOT NULL,
  `id_grn` int(20) DEFAULT 0,
  `id_po` int(20) DEFAULT NULL,
  `id_po_detail` int(20) DEFAULT NULL,
  `asset_order_number` varchar(50) DEFAULT '',
  `asset_type` varchar(50) DEFAULT '',
  `id_category` int(20) DEFAULT NULL,
  `id_sub_category` int(20) DEFAULT NULL,
  `id_item` int(20) DEFAULT NULL,
  `ordered_qty` int(20) DEFAULT NULL,
  `received_qty` int(20) DEFAULT NULL,
  `balance_qty` int(20) DEFAULT NULL,
  `amount` float(20,2) DEFAULT 0.00,
  `amount_per_item` float(20,2) DEFAULT 0.00,
  `id_pre_register` int(20) DEFAULT 0,
  `status` int(2) DEFAULT 1,
  `created_by` int(20) DEFAULT NULL,
  `created_dt_tm` datetime DEFAULT current_timestamp(),
  `updated_by` int(20) DEFAULT NULL,
  `updated_dt_tm` datetime DEFAULT current_timestamp()
) ENGINE=InnoDB DEFAULT CHARSET=latin1;

-- --------------------------------------------------------

--
-- Table structure for table `asset_pre_registration`
--

CREATE TABLE `asset_pre_registration` (
  `id` int(20) NOT NULL,
  `id_asset_order` int(20) DEFAULT NULL,
  `id_category` int(20) DEFAULT NULL,
  `id_sub_category` int(20) DEFAULT NULL,
  `id_item` int(20) DEFAULT NULL,
  `id_grn` int(20) DEFAULT NULL,
  `name` varchar(500) DEFAULT '',
  `brand` varchar(500) DEFAULT '',
  `company` varchar(500) DEFAULT '',
  `price` float(20,2) DEFAULT NULL,
  `tax` float(20,2) DEFAULT NULL,
  `total_amount` float(20,2) DEFAULT NULL,
  `depriciation_code` int(20) DEFAULT NULL,
  `depriciation_value` int(20) DEFAULT NULL,
  `status` int(2) DEFAULT 0,
  `created_by` int(20) DEFAULT NULL,
  `created_dt_tm` datetime DEFAULT current_timestamp(),
  `updated_by` int(20) DEFAULT NULL,
  `updated_dt_tm` datetime DEFAULT current_timestamp()
) ENGINE=InnoDB DEFAULT CHARSET=latin1;

-- --------------------------------------------------------

--
-- Table structure for table `asset_registration`
--

CREATE TABLE `asset_registration` (
  `id` int(20) NOT NULL,
  `id_asset_order` int(20) DEFAULT NULL,
  `id_category` int(20) DEFAULT NULL,
  `id_sub_category` int(20) DEFAULT NULL,
  `id_item` int(20) DEFAULT NULL,
  `id_grn` int(20) DEFAULT NULL,
  `name` varchar(500) DEFAULT '',
  `code` varchar(50) DEFAULT '',
  `brand` varchar(500) DEFAULT '',
  `company` varchar(500) DEFAULT '',
  `price` float(20,2) DEFAULT NULL,
  `tax` float(20,2) DEFAULT NULL,
  `total_amount` float(20,2) DEFAULT NULL,
  `depriciation_code` int(20) DEFAULT NULL,
  `depriciation_value` int(20) DEFAULT NULL,
  `id_pre_registration` int(20) DEFAULT NULL,
  `status` int(2) DEFAULT 0,
  `created_by` int(20) DEFAULT NULL,
  `created_dt_tm` datetime DEFAULT current_timestamp(),
  `updated_by` int(20) DEFAULT NULL,
  `updated_dt_tm` datetime DEFAULT current_timestamp()
) ENGINE=InnoDB DEFAULT CHARSET=latin1;

-- --------------------------------------------------------

--
-- Table structure for table `asset_sub_category`
--

CREATE TABLE `asset_sub_category` (
  `id` int(20) NOT NULL,
  `name` varchar(580) DEFAULT '',
  `code` varchar(50) DEFAULT '',
  `description` varchar(580) DEFAULT '',
  `id_asset_category` int(20) DEFAULT NULL,
  `status` int(2) DEFAULT NULL,
  `created_by` int(20) DEFAULT NULL,
  `created_dt_tm` datetime DEFAULT current_timestamp(),
  `updated_by` int(20) DEFAULT NULL,
  `updated_dt_tm` datetime DEFAULT current_timestamp()
) ENGINE=InnoDB DEFAULT CHARSET=latin1;

-- --------------------------------------------------------

--
-- Table structure for table `assign_student_to_exam_center`
--

CREATE TABLE `assign_student_to_exam_center` (
  `id` int(20) NOT NULL,
  `id_student` int(20) DEFAULT NULL,
  `id_exam_center` int(20) DEFAULT NULL,
  `status` varchar(50) DEFAULT 'Assigne',
  `created_by` int(20) DEFAULT NULL,
  `created_dt_tm` datetime DEFAULT current_timestamp(),
  `updated_by` int(20) DEFAULT NULL,
  `updated_dt_tm` datetime DEFAULT current_timestamp()
) ENGINE=InnoDB DEFAULT CHARSET=latin1;

-- --------------------------------------------------------

--
-- Table structure for table `attendence_setup`
--

CREATE TABLE `attendence_setup` (
  `id` int(20) NOT NULL,
  `date_time` datetime DEFAULT NULL,
  `id_program` int(20) DEFAULT 0,
  `program_scheme` varchar(200) DEFAULT '',
  `registration_item` varchar(200) DEFAULT '',
  `type` varchar(200) DEFAULT '',
  `min_requirement` int(20) DEFAULT 0,
  `is_barring_applicable` int(2) DEFAULT 0,
  `min_warning` int(20) DEFAULT 0,
  `max_warning` int(20) DEFAULT 0,
  `min_barring` int(20) DEFAULT 0,
  `max_barring` int(20) DEFAULT 0,
  `status` int(2) DEFAULT NULL,
  `created_by` int(20) DEFAULT NULL,
  `created_dt_tm` datetime DEFAULT current_timestamp(),
  `updated_by` int(20) DEFAULT NULL,
  `updated_dt_tm` datetime DEFAULT current_timestamp()
) ENGINE=InnoDB DEFAULT CHARSET=latin1;

--
-- Dumping data for table `attendence_setup`
--

INSERT INTO `attendence_setup` (`id`, `date_time`, `id_program`, `program_scheme`, `registration_item`, `type`, `min_requirement`, `is_barring_applicable`, `min_warning`, `max_warning`, `min_barring`, `max_barring`, `status`, `created_by`, `created_dt_tm`, `updated_by`, `updated_dt_tm`) VALUES
(1, '2020-08-01 00:00:00', 1, 'Full Time', '', '', 0, 1, 80, 70, 65, 60, 1, 1, '2020-08-05 12:41:59', NULL, '2020-08-05 12:41:59');

-- --------------------------------------------------------

--
-- Table structure for table `award`
--

CREATE TABLE `award` (
  `id` int(20) NOT NULL,
  `name` varchar(520) DEFAULT '',
  `level` int(20) DEFAULT 0,
  `description` varchar(500) DEFAULT '',
  `code` varchar(50) DEFAULT '',
  `id_programme` int(20) DEFAULT NULL,
  `status` int(2) DEFAULT NULL,
  `created_by` int(20) DEFAULT NULL,
  `created_dt_tm` datetime DEFAULT current_timestamp(),
  `updated_by` int(20) DEFAULT NULL,
  `updated_dt_tm` datetime DEFAULT current_timestamp()
) ENGINE=InnoDB DEFAULT CHARSET=latin1;

--
-- Dumping data for table `award`
--

INSERT INTO `award` (`id`, `name`, `level`, `description`, `code`, `id_programme`, `status`, `created_by`, `created_dt_tm`, `updated_by`, `updated_dt_tm`) VALUES
(1, 'Foundation', 1, 'Foundation', 'FDN', NULL, 1, 1, '2020-07-10 23:44:20', NULL, '2020-07-10 23:44:20'),
(2, 'Diploma', 2, 'Diploma', 'DIP', NULL, 1, 1, '2020-08-09 05:03:14', NULL, '2020-08-09 05:03:14'),
(3, 'Degree', 3, 'Degree', 'DEG', NULL, 1, 1, '2020-08-09 05:03:46', NULL, '2020-08-09 05:03:46'),
(4, 'Master', 4, 'Master', 'MAS', NULL, 1, 1, '2020-08-09 05:04:15', NULL, '2020-08-09 05:04:15'),
(5, 'PHD', 5, 'PHD', 'PHD', NULL, 1, 1, '2020-08-09 05:05:13', NULL, '2020-08-09 05:05:13'),
(6, 'Graduate Diploma', 4, 'Graduate Diploma', 'GDIP', NULL, 1, 1, '2020-08-09 05:06:39', NULL, '2020-08-09 05:06:39');

-- --------------------------------------------------------

--
-- Table structure for table `award_level`
--

CREATE TABLE `award_level` (
  `id` int(20) NOT NULL,
  `name` varchar(520) DEFAULT '',
  `description` varchar(500) DEFAULT '',
  `code` varchar(50) DEFAULT '',
  `from_cgpa` varchar(20) DEFAULT NULL,
  `to_cgpa` varchar(20) DEFAULT NULL,
  `id_programme` int(20) DEFAULT NULL,
  `id_intake` int(20) DEFAULT NULL,
  `type` varchar(200) DEFAULT '',
  `status` int(2) DEFAULT NULL,
  `created_by` int(20) DEFAULT NULL,
  `created_dt_tm` datetime DEFAULT current_timestamp(),
  `updated_by` int(20) DEFAULT NULL,
  `updated_dt_tm` datetime DEFAULT current_timestamp()
) ENGINE=InnoDB DEFAULT CHARSET=latin1;

--
-- Dumping data for table `award_level`
--

INSERT INTO `award_level` (`id`, `name`, `description`, `code`, `from_cgpa`, `to_cgpa`, `id_programme`, `id_intake`, `type`, `status`, `created_by`, `created_dt_tm`, `updated_by`, `updated_dt_tm`) VALUES
(1, 'Degree', 'Degree', 'Degree', '0', '0', 1, NULL, '', 1, 1, '2020-07-11 11:58:57', NULL, '2020-07-11 11:58:57'),
(2, 'Third Class', 'Third Class', 'Third Class', '2.00', '2.49', 3, 1, '', 1, 1, '2020-08-21 01:32:10', NULL, '2020-08-21 01:32:10'),
(3, 'Second Class (Lower)', 'Second Class (Lower)', 'Second Class (Lower)', '2.50', '3.29', 3, 1, '', 1, 1, '2020-08-21 01:35:59', NULL, '2020-08-21 01:35:59'),
(4, 'Second Class (Upper)', 'Second Class (Upper)', 'Second Class (Upper)', '3.30', '3.74', 3, 1, '', 1, 1, '2020-08-21 01:37:28', NULL, '2020-08-21 01:37:28'),
(5, 'First Class', 'First Class', 'First Class', '3.75', '4.00', 3, 1, '', 1, 1, '2020-08-21 01:37:52', NULL, '2020-08-21 01:37:52');

-- --------------------------------------------------------

--
-- Table structure for table `bank_details`
--

CREATE TABLE `bank_details` (
  `id` int(20) NOT NULL,
  `id_vendor` varchar(10) DEFAULT NULL,
  `id_bank` varchar(120) DEFAULT '',
  `address` varchar(520) DEFAULT '',
  `country` varchar(120) DEFAULT '',
  `state` varchar(120) DEFAULT '',
  `city` varchar(120) DEFAULT '',
  `zipcode` varchar(120) DEFAULT '',
  `branch_no` varchar(120) DEFAULT '',
  `acc_no` varchar(120) DEFAULT '',
  `status` int(2) DEFAULT NULL,
  `created_by` int(20) DEFAULT NULL,
  `created_dt_tm` datetime DEFAULT current_timestamp(),
  `updated_by` int(20) DEFAULT NULL,
  `updated_dt_tm` datetime DEFAULT current_timestamp()
) ENGINE=InnoDB DEFAULT CHARSET=latin1;

-- --------------------------------------------------------

--
-- Table structure for table `bank_registration`
--

CREATE TABLE `bank_registration` (
  `id` int(20) NOT NULL,
  `name` varchar(580) DEFAULT '',
  `code` varchar(50) DEFAULT '',
  `account_no` varchar(512) DEFAULT '',
  `bank_id` varchar(50) DEFAULT '',
  `address` varchar(580) DEFAULT '',
  `landmark` varchar(580) DEFAULT '',
  `city` varchar(580) DEFAULT '',
  `id_state` int(20) DEFAULT NULL,
  `id_country` int(20) DEFAULT NULL,
  `zipcode` int(10) DEFAULT NULL,
  `cr_fund` varchar(50) DEFAULT '',
  `cr_department` varchar(50) DEFAULT '',
  `cr_activity` varchar(50) DEFAULT '',
  `cr_account` varchar(50) DEFAULT '',
  `status` int(2) DEFAULT NULL,
  `created_by` int(20) DEFAULT NULL,
  `created_dt_tm` datetime DEFAULT current_timestamp(),
  `updated_by` int(20) DEFAULT NULL,
  `updated_dt_tm` datetime DEFAULT current_timestamp()
) ENGINE=InnoDB DEFAULT CHARSET=latin1;

--
-- Dumping data for table `bank_registration`
--

INSERT INTO `bank_registration` (`id`, `name`, `code`, `account_no`, `bank_id`, `address`, `landmark`, `city`, `id_state`, `id_country`, `zipcode`, `cr_fund`, `cr_department`, `cr_activity`, `cr_account`, `status`, `created_by`, `created_dt_tm`, `updated_by`, `updated_dt_tm`) VALUES
(1, 'CIMB BANK', 'CIBBMYKL', '8000283319', '1001', '6, JALAN TUN PERAK', 'HQ', 'Kuala LUmpur', 6, 110, 50050, '', '', '', '', 1, 1, '2020-08-20 10:05:54', 1, '2020-08-20 10:05:54'),
(2, 'BANK ISLAM MALAYSIA', 'BIMBMYKL', '123456789', '1002', 'JALAN PERAK', 'MENARA BANK ISLAM', 'KUALA LUMPUR', 6, 110, 50000, '', '', '', '', 0, 1, '2020-08-26 13:01:02', 1, '2020-08-26 13:01:02');

-- --------------------------------------------------------

--
-- Table structure for table `barring`
--

CREATE TABLE `barring` (
  `id` int(20) NOT NULL,
  `id_student` int(20) DEFAULT NULL,
  `id_barring_type` int(20) DEFAULT NULL,
  `id_program` int(20) DEFAULT 0,
  `id_intake` int(20) DEFAULT 0,
  `id_semester` int(20) DEFAULT NULL,
  `reason` varchar(580) DEFAULT '',
  `barring_date` datetime DEFAULT current_timestamp(),
  `barring_to_date` datetime DEFAULT NULL,
  `status` int(2) DEFAULT 1,
  `created_by` int(20) DEFAULT NULL,
  `created_dt_tm` datetime DEFAULT current_timestamp(),
  `updated_by` int(20) DEFAULT NULL,
  `updated_dt_tm` datetime DEFAULT current_timestamp()
) ENGINE=InnoDB DEFAULT CHARSET=latin1;

--
-- Dumping data for table `barring`
--

INSERT INTO `barring` (`id`, `id_student`, `id_barring_type`, `id_program`, `id_intake`, `id_semester`, `reason`, `barring_date`, `barring_to_date`, `status`, `created_by`, `created_dt_tm`, `updated_by`, `updated_dt_tm`) VALUES
(1, 6, 1, 1, 1, 0, 'Irregular', '2020-08-01 00:00:00', '2020-08-15 00:00:00', 1, 1, '2020-08-10 13:52:31', NULL, '2020-08-10 13:52:31'),
(2, 7, 1, 1, 1, 0, 'Barring ', '2020-08-14 00:00:00', '2020-08-21 00:00:00', 1, 1, '2020-08-10 14:37:16', NULL, '2020-08-10 14:37:16'),
(3, 24, 1, 4, 1, 0, 'fgh', '2020-09-22 00:00:00', '2020-09-22 00:00:00', 1, 1, '2020-09-22 09:07:57', NULL, '2020-09-22 09:07:57'),
(4, 35, 1, 6, 1, 0, 'xxdcxzsd', '2020-11-13 00:00:00', '2020-11-28 00:00:00', 1, 1, '2020-11-12 21:38:36', NULL, '2020-11-12 21:38:36');

-- --------------------------------------------------------

--
-- Table structure for table `barring_type`
--

CREATE TABLE `barring_type` (
  `id` int(20) NOT NULL,
  `name` varchar(580) DEFAULT '',
  `code` varchar(50) DEFAULT '',
  `status` int(2) DEFAULT NULL,
  `created_by` int(20) DEFAULT NULL,
  `created_dt_tm` datetime DEFAULT current_timestamp(),
  `updated_by` int(20) DEFAULT NULL,
  `updated_dt_tm` datetime DEFAULT current_timestamp()
) ENGINE=InnoDB DEFAULT CHARSET=latin1;

--
-- Dumping data for table `barring_type`
--

INSERT INTO `barring_type` (`id`, `name`, `code`, `status`, `created_by`, `created_dt_tm`, `updated_by`, `updated_dt_tm`) VALUES
(1, 'IRREGULAR To Class', 'IRREGULAR', 1, 1, '2020-08-10 13:51:58', NULL, '2020-08-10 13:51:58'),
(2, 'Deceased', '006', 1, 1, '2020-11-15 05:08:41', NULL, '2020-11-15 05:08:41');

-- --------------------------------------------------------

--
-- Table structure for table `booking`
--

CREATE TABLE `booking` (
  `id` int(20) NOT NULL,
  `booking_name` varchar(100) DEFAULT NULL,
  `booking_email` varchar(100) DEFAULT NULL,
  `booking_mobile` varchar(100) DEFAULT NULL,
  `booking_start_date` varchar(100) DEFAULT NULL,
  `booking_end_date` varchar(100) DEFAULT NULL,
  `booking_remarks` varchar(100) DEFAULT NULL,
  `id_room` int(20) DEFAULT NULL,
  `booking_type` varchar(100) DEFAULT NULL
) ENGINE=InnoDB DEFAULT CHARSET=latin1;

--
-- Dumping data for table `booking`
--

INSERT INTO `booking` (`id`, `booking_name`, `booking_email`, `booking_mobile`, `booking_start_date`, `booking_end_date`, `booking_remarks`, `id_room`, `booking_type`) VALUES
(1, '1', '2', '3', '4', '5', '6', 2, NULL),
(2, '1', '2', '3', '4', '5', '6', 3, NULL),
(3, 'Kiran', 'askiran@gmail.com', '34234242', '09/21/2020', '09/21/2020', 'remarks', 2, NULL),
(4, 'a', 'a', 'a', '21-09-2020 05:31', '21-09-2020 06:00', 'asfsf', 2, 'Day Wise');

-- --------------------------------------------------------

--
-- Table structure for table `bound_reporting_comments`
--

CREATE TABLE `bound_reporting_comments` (
  `id` bigint(20) NOT NULL,
  `id_bound` bigint(20) NOT NULL,
  `comments` varchar(200) DEFAULT '',
  `id_supervisor` bigint(20) NOT NULL,
  `upload_file` varchar(2048) DEFAULT '',
  `reason` varchar(2048) DEFAULT '',
  `status` int(2) DEFAULT 1,
  `created_by` int(20) DEFAULT NULL,
  `created_dt_tm` datetime DEFAULT current_timestamp(),
  `updated_by` int(20) DEFAULT NULL,
  `updated_dt_tm` datetime DEFAULT current_timestamp()
) ENGINE=InnoDB DEFAULT CHARSET=utf8;

--
-- Dumping data for table `bound_reporting_comments`
--

INSERT INTO `bound_reporting_comments` (`id`, `id_bound`, `comments`, `id_supervisor`, `upload_file`, `reason`, `status`, `created_by`, `created_dt_tm`, `updated_by`, `updated_dt_tm`) VALUES
(1, 2, 'Good Presentation', 5, '0daa322a129eb72a086275efed50ed6b.png', '', 1, NULL, '2020-12-12 12:07:11', NULL, '2020-12-12 12:07:11');

-- --------------------------------------------------------

--
-- Table structure for table `bulk_withdraw`
--

CREATE TABLE `bulk_withdraw` (
  `id` int(20) NOT NULL,
  `id_bulk_withdraw_master` int(20) DEFAULT 0,
  `id_exam_register` int(20) DEFAULT NULL,
  `id_course_registered` int(20) DEFAULT 0,
  `id_exam_center` int(20) DEFAULT 0 COMMENT 'it''s id_exam_event not changed due to change in flow',
  `id_course` int(20) DEFAULT 0,
  `id_course_registered_landscape` int(20) DEFAULT 0,
  `id_semester` int(20) DEFAULT 0,
  `id_student` int(20) DEFAULT 0,
  `id_intake` int(20) DEFAULT 0,
  `id_programme` int(20) DEFAULT 0,
  `reason` varchar(580) DEFAULT '',
  `status` int(2) DEFAULT 0,
  `created_by` int(20) DEFAULT NULL,
  `created_dt_tm` datetime DEFAULT current_timestamp(),
  `updated_by` int(20) DEFAULT NULL,
  `updated_dt_tm` datetime DEFAULT current_timestamp()
) ENGINE=InnoDB DEFAULT CHARSET=latin1;

--
-- Dumping data for table `bulk_withdraw`
--

INSERT INTO `bulk_withdraw` (`id`, `id_bulk_withdraw_master`, `id_exam_register`, `id_course_registered`, `id_exam_center`, `id_course`, `id_course_registered_landscape`, `id_semester`, `id_student`, `id_intake`, `id_programme`, `reason`, `status`, `created_by`, `created_dt_tm`, `updated_by`, `updated_dt_tm`) VALUES
(13, 4, 0, 62, 0, 14, 81, 1, 28, 4, 3, 'Not Studied', 1, 1, '2020-10-10 01:19:07', NULL, '2020-10-10 01:19:07'),
(14, 5, 0, 68, 0, 19, 47, 4, 29, 4, 4, 'Not Able To Attend the Course', 1, 1, '2020-10-10 01:53:35', NULL, '2020-10-10 01:53:35'),
(15, 6, 0, 77, 0, 6, 87, 1, 35, 1, 6, 'Not Interested To Take Course Exam', 1, 1, '2020-11-29 22:50:47', NULL, '2020-11-29 22:50:47'),
(16, 7, 0, 84, 0, 1, 112, 1, 51, 1, 8, '123131', 1, 1, '2020-12-15 10:57:11', NULL, '2020-12-15 10:57:11');

-- --------------------------------------------------------

--
-- Table structure for table `bulk_withdraw_master`
--

CREATE TABLE `bulk_withdraw_master` (
  `id` bigint(20) NOT NULL,
  `id_intake` int(20) DEFAULT 0,
  `id_programme` int(20) DEFAULT 0,
  `id_course` int(20) DEFAULT 0,
  `id_course_registered_landscape` int(20) DEFAULT 0,
  `id_student` int(20) DEFAULT 0,
  `reason` varchar(2048) DEFAULT '',
  `status` int(20) DEFAULT 1,
  `created_by` int(20) DEFAULT 0,
  `created_dt_tm` datetime DEFAULT current_timestamp(),
  `updated_by` int(20) DEFAULT 0,
  `updated_dt_tm` datetime DEFAULT current_timestamp()
) ENGINE=InnoDB DEFAULT CHARSET=latin1;

--
-- Dumping data for table `bulk_withdraw_master`
--

INSERT INTO `bulk_withdraw_master` (`id`, `id_intake`, `id_programme`, `id_course`, `id_course_registered_landscape`, `id_student`, `reason`, `status`, `created_by`, `created_dt_tm`, `updated_by`, `updated_dt_tm`) VALUES
(6, 1, 6, 6, 87, 0, 'Not Interested To Take Course Exam', 1, 1, '2020-11-29 22:50:47', 0, '2020-11-29 22:50:47'),
(7, 1, 8, 1, 112, 0, '123131', 1, 1, '2020-12-15 10:57:11', 0, '2020-12-15 10:57:11');

-- --------------------------------------------------------

--
-- Table structure for table `category_type`
--

CREATE TABLE `category_type` (
  `id` int(20) NOT NULL,
  `category_name` varchar(120) DEFAULT '',
  `status` int(20) DEFAULT NULL,
  `created_by` int(20) DEFAULT NULL,
  `created_dt_tm` datetime DEFAULT current_timestamp(),
  `updated_by` int(20) DEFAULT NULL,
  `updated_dt_tm` datetime DEFAULT current_timestamp()
) ENGINE=InnoDB DEFAULT CHARSET=latin1;

-- --------------------------------------------------------

--
-- Table structure for table `change_branch`
--

CREATE TABLE `change_branch` (
  `id` int(20) NOT NULL,
  `id_student` int(20) DEFAULT NULL,
  `reason` varchar(580) DEFAULT '',
  `id_intake` int(20) DEFAULT 0,
  `id_programme` int(20) DEFAULT 0,
  `id_program_scheme` int(20) DEFAULT 0,
  `id_new_semester` int(20) DEFAULT 0,
  `id_branch` int(20) DEFAULT 0,
  `id_new_branch` int(20) DEFAULT 0,
  `fee` float(20,2) DEFAULT NULL,
  `status` int(2) DEFAULT 1,
  `created_by` int(20) DEFAULT NULL,
  `created_dt_tm` datetime DEFAULT current_timestamp(),
  `updated_by` int(20) DEFAULT NULL,
  `updated_dt_tm` datetime DEFAULT current_timestamp()
) ENGINE=InnoDB DEFAULT CHARSET=latin1;

--
-- Dumping data for table `change_branch`
--

INSERT INTO `change_branch` (`id`, `id_student`, `reason`, `id_intake`, `id_programme`, `id_program_scheme`, `id_new_semester`, `id_branch`, `id_new_branch`, `fee`, `status`, `created_by`, `created_dt_tm`, `updated_by`, `updated_dt_tm`) VALUES
(1, 10, 'Transfered My Location', 1, 2, 0, 1, 1, 2, NULL, 1, 1, '2020-08-19 13:14:37', NULL, '2020-08-19 13:14:37'),
(2, 12, 'Transferred', 1, 3, 0, 1, 3, 4, NULL, 1, 1, '2020-08-21 13:45:16', NULL, '2020-08-21 13:45:16');

-- --------------------------------------------------------

--
-- Table structure for table `change_branch_history`
--

CREATE TABLE `change_branch_history` (
  `id` int(20) NOT NULL,
  `id_student` int(20) DEFAULT NULL,
  `id_change_branch` int(20) DEFAULT 0,
  `id_branch` int(20) DEFAULT 0,
  `id_new_branch` int(20) DEFAULT 0,
  `id_program` int(20) DEFAULT 0,
  `id_intake` int(20) DEFAULT 0,
  `status` int(2) DEFAULT 1,
  `created_by` int(20) DEFAULT NULL,
  `created_dt_tm` datetime DEFAULT current_timestamp(),
  `updated_by` int(20) DEFAULT NULL,
  `updated_dt_tm` datetime DEFAULT current_timestamp()
) ENGINE=InnoDB DEFAULT CHARSET=latin1;

--
-- Dumping data for table `change_branch_history`
--

INSERT INTO `change_branch_history` (`id`, `id_student`, `id_change_branch`, `id_branch`, `id_new_branch`, `id_program`, `id_intake`, `status`, `created_by`, `created_dt_tm`, `updated_by`, `updated_dt_tm`) VALUES
(1, NULL, 0, 0, 0, 0, 0, 1, NULL, '2020-08-19 13:18:55', NULL, '2020-08-19 13:18:55'),
(2, 10, 1, 1, 2, NULL, NULL, 1, 1, '2020-08-19 13:18:55', NULL, '2020-08-19 13:18:55'),
(3, NULL, 0, 0, 0, 0, 0, 1, NULL, '2020-08-19 13:20:35', NULL, '2020-08-19 13:20:35'),
(4, 10, 1, 1, 2, 2, 1, 1, 1, '2020-08-19 13:20:35', NULL, '2020-08-19 13:20:35'),
(5, NULL, 0, 0, 0, 0, 0, 1, NULL, '2020-08-19 13:20:45', NULL, '2020-08-19 13:20:45'),
(6, 10, 1, 1, 2, 2, 1, 1, 1, '2020-08-19 13:20:45', NULL, '2020-08-19 13:20:45'),
(7, 10, 1, 1, 2, 2, 1, 1, 1, '2020-08-19 13:22:10', NULL, '2020-08-19 13:22:10'),
(8, 12, 2, 3, 4, 3, 1, 1, 1, '2020-08-21 13:45:28', NULL, '2020-08-21 13:45:28');

-- --------------------------------------------------------

--
-- Table structure for table `change_status`
--

CREATE TABLE `change_status` (
  `id` int(20) NOT NULL,
  `name` varchar(250) DEFAULT '',
  `code` varchar(50) DEFAULT '',
  `status` int(2) DEFAULT NULL,
  `created_by` int(20) DEFAULT NULL,
  `created_dt_tm` datetime DEFAULT current_timestamp(),
  `updated_by` int(20) DEFAULT NULL,
  `updated_dt_tm` datetime DEFAULT current_timestamp()
) ENGINE=InnoDB DEFAULT CHARSET=latin1;

--
-- Dumping data for table `change_status`
--

INSERT INTO `change_status` (`id`, `name`, `code`, `status`, `created_by`, `created_dt_tm`, `updated_by`, `updated_dt_tm`) VALUES
(1, 'Inactive', 'IN', 1, 1, '2020-08-17 08:35:33', NULL, '2020-08-17 08:35:33'),
(2, 'Quit', 'CS002', 1, 1, '2020-12-06 21:46:45', NULL, '2020-12-06 21:46:45');

-- --------------------------------------------------------

--
-- Table structure for table `class_details`
--

CREATE TABLE `class_details` (
  `id` int(20) NOT NULL,
  `name` varchar(120) DEFAULT '',
  `status` int(20) DEFAULT NULL,
  `created_by` int(20) DEFAULT NULL,
  `created_dt_tm` datetime DEFAULT NULL,
  `updated_by` int(20) DEFAULT NULL,
  `updated_dt_tm` datetime DEFAULT NULL
) ENGINE=InnoDB DEFAULT CHARSET=latin1;

-- --------------------------------------------------------

--
-- Table structure for table `communication_group`
--

CREATE TABLE `communication_group` (
  `id` int(20) NOT NULL,
  `id_template` int(20) DEFAULT 0,
  `name` varchar(1024) DEFAULT '',
  `type` varchar(200) DEFAULT '',
  `status` int(2) DEFAULT 0,
  `created_by` int(20) DEFAULT NULL,
  `reason` varchar(2048) DEFAULT '',
  `created_dt_tm` datetime DEFAULT current_timestamp(),
  `updated_by` int(20) DEFAULT NULL,
  `updated_dt_tm` datetime DEFAULT current_timestamp()
) ENGINE=InnoDB DEFAULT CHARSET=latin1;

-- --------------------------------------------------------

--
-- Table structure for table `communication_group_message`
--

CREATE TABLE `communication_group_message` (
  `id` int(20) NOT NULL,
  `id_template` int(20) DEFAULT 0,
  `name` varchar(1024) DEFAULT '',
  `type` varchar(200) DEFAULT '',
  `status` int(2) DEFAULT 0,
  `created_by` int(20) DEFAULT NULL,
  `reason` varchar(2048) DEFAULT '',
  `created_dt_tm` datetime DEFAULT current_timestamp(),
  `updated_by` int(20) DEFAULT NULL,
  `updated_dt_tm` datetime DEFAULT current_timestamp()
) ENGINE=InnoDB DEFAULT CHARSET=latin1;

--
-- Dumping data for table `communication_group_message`
--

INSERT INTO `communication_group_message` (`id`, `id_template`, `name`, `type`, `status`, `created_by`, `reason`, `created_dt_tm`, `updated_by`, `updated_dt_tm`) VALUES
(1, 1, 'Group ne', 'Student', 1, 1, '', '2020-10-29 11:52:00', NULL, '2020-10-29 11:52:00');

-- --------------------------------------------------------

--
-- Table structure for table `communication_group_message_recepients`
--

CREATE TABLE `communication_group_message_recepients` (
  `id` int(20) NOT NULL,
  `id_group` int(20) DEFAULT 0,
  `id_recepient` int(20) DEFAULT 0,
  `type` varchar(200) DEFAULT '',
  `status` int(2) DEFAULT 0,
  `created_by` int(20) DEFAULT NULL,
  `reason` varchar(2048) DEFAULT '',
  `created_dt_tm` datetime DEFAULT current_timestamp(),
  `updated_by` int(20) DEFAULT NULL,
  `updated_dt_tm` datetime DEFAULT current_timestamp()
) ENGINE=InnoDB DEFAULT CHARSET=latin1;

--
-- Dumping data for table `communication_group_message_recepients`
--

INSERT INTO `communication_group_message_recepients` (`id`, `id_group`, `id_recepient`, `type`, `status`, `created_by`, `reason`, `created_dt_tm`, `updated_by`, `updated_dt_tm`) VALUES
(1, 1, 30, 'Student', 1, 1, '', '2020-10-29 11:52:15', NULL, '2020-10-29 11:52:15');

-- --------------------------------------------------------

--
-- Table structure for table `communication_group_recepients`
--

CREATE TABLE `communication_group_recepients` (
  `id` int(20) NOT NULL,
  `id_group` int(20) DEFAULT 0,
  `id_recepient` int(20) DEFAULT 0,
  `type` varchar(200) DEFAULT '',
  `status` int(2) DEFAULT 0,
  `created_by` int(20) DEFAULT NULL,
  `reason` varchar(2048) DEFAULT '',
  `created_dt_tm` datetime DEFAULT current_timestamp(),
  `updated_by` int(20) DEFAULT NULL,
  `updated_dt_tm` datetime DEFAULT current_timestamp()
) ENGINE=InnoDB DEFAULT CHARSET=latin1;

-- --------------------------------------------------------

--
-- Table structure for table `communication_template`
--

CREATE TABLE `communication_template` (
  `id` int(20) NOT NULL,
  `name` text DEFAULT NULL,
  `subject` text DEFAULT NULL,
  `message` text DEFAULT NULL,
  `status` int(2) DEFAULT 0,
  `created_by` int(20) DEFAULT NULL,
  `created_dt_tm` datetime DEFAULT current_timestamp(),
  `updated_by` int(20) DEFAULT NULL,
  `updated_dt_tm` datetime DEFAULT current_timestamp()
) ENGINE=InnoDB DEFAULT CHARSET=latin1;

--
-- Dumping data for table `communication_template`
--

INSERT INTO `communication_template` (`id`, `name`, `subject`, `message`, `status`, `created_by`, `created_dt_tm`, `updated_by`, `updated_dt_tm`) VALUES
(1, 'Offer Letter', 'Offer Letter', '<p>@studentname<br>\r\n@mail_address1<br>\r\n@mail_address2<br>\r\n@mailing_city<br>\r\n@mailing_zipcode</p>\r\n\r\n<p> </p>\r\n\r\n<p>Dear Sir / Madam,</p>\r\n\r\n<p><strong>OFFER FOR ADMISSION INTO POSTGRADUATE PROGRAMME 2020/2021 SESSION<br>\r\nCongratulations! We are pleased to inform you that the University has decided to offer the following programme:</strong></p>\r\n\r\n<p>PROGRAMME:@program</p>\r\n\r\n<p>FACULTY: @mode_of_program</p>\r\n\r\n<p>DURATION: @duration</p>\r\n\r\n<p>LEARNING MODE : @mode_of_program</p>\r\n\r\n<p>STUDY MODE:@mode_of_study</p>\r\n\r\n<ol>\r\n <li>This offer is subject to the following conditions:\r\n <ol>\r\n  <li> Payable fees on the registration day. Kindly refer to the attachment for more details on the tuition fees and other related fees.</li>\r\n  <li>USAS has the right to cancel this offer immediately; if any of the information provided is not true, inaccurate or does not meet the eligibility requirements set by the University.</li>\r\n  <li>USAS has the right to cancel this offer immediately; if any of the information provided is not true, inaccurate or does not meet the eligibility requirements set by the University.<br>\r\n   </li>\r\n </ol>\r\n </li>\r\n <li>You are kindly requested to read Appendix A for further details concerning the rules and regulations of admission. If you agree to the terms and conditions stated in the appendix, you are confirm  your acceptance at your application portal  not later than @intake via email to admission.usas @eag.com.my</li>\r\n</ol>\r\n\r\n<p>Thank you. Yours truly,<br>\r\n<strong>(MOHD TAJUL SABKI BIN ABDUL LATIB)</strong><br>\r\nDean<br>\r\nAdmission and Record Division Universiti Sultan Azlan Shah</p>\r\n\r\n<p> </p>\r\n\r\n<p> </p>\r\n\r\n<p><strong>FEE(S) STRUCTURE</strong></p>\r\n\r\n<p>@fee_structure<br>\r\n </p>\r\n\r\n<p><strong>APPENDIX A</strong><br>\r\n<br>\r\n<strong>ACCEPTANCE OF OFFER</strong></p>\r\n\r\n<ul>\r\n <li>To accept our offer, you will need to submit the following before the offer deadline</li>\r\n <li>Completed Confirmation of Acceptance and payment of initial fee(s) outlined in this offer.</li>\r\n</ul>\r\n\r\n<p><strong>GENERAL CONDITIONS</strong></p>\r\n\r\n<ul>\r\n <li>In the unlikely event your programme is cancelled or the University is unable to provide the programme for which you applied for, you will either: \r\n <ul>\r\n  <li>Be given a full refund of all fees paid. Refunds shall be processed and paid within 21 days from notification to you of the cancellation of your programme; or</li>\r\n  <li>At your election, in writing, apply for an alternative programme, for which the University shall determine your eligibility and proceed to issue a new offer accordingly</li>\r\n </ul>\r\n </li>\r\n <li>Enrolment, upon your acceptance of the Offer of Admission and payment of the initial fee(s), may with the approval of the University be deferred to the next intake.</li>\r\n <li>Failure to accept this offer and/or to comply with the provisions for acceptance by the offer deadline shall render this offer to be withdrawn.</li>\r\n</ul>\r\n\r\n<p><strong>ABOUT YOUR FEES:</strong></p>\r\n\r\n<ol>\r\n <li>The semester tuition fee quoted is only applicable to the programme commencing in @intake  First Semester 2020/2021 Session (the exact date will be informed to you the soonest by email). In the event of a variation between the fees on the offer letter and the approved Universiti Sultan Azlan Shah&#39;s structure of fees, the approved will prevail. For the future years of your programme, the University reserves the right to adjust the annual tuition fees</li>\r\n</ol>\r\n\r\n<p> </p>\r\n', 1, 1, '2020-08-10 06:37:43', NULL, '2020-08-10 06:37:43'),
(2, 'OFFER LETTER UNDERGRADUATE INTERNATIONAL', 'OFFER LETTER UNDERGRADUATE INTERNATIONAL', '<p>@DATELETTERGENERATED 02 June 2020</p>\r\n\r\n<p> </p>\r\n\r\n<p><strong>@APPLICANTFULLNAME DENISSE ANANDA PRATAMA</strong></p>\r\n\r\n<p>&lt;@mail_address1> JLN.TERAMPIL NO.14 KOMP TNI AL KODAMAR KELAPA GADING BARAT 14240,</p>\r\n\r\n<p>&lt;@mailing_zipcode>14240,</p>\r\n\r\n<p>@MAILINGCITY JAKARTA UTARA,</p>\r\n\r\n<p>@MAILINGSTATE DKI JAKARTA, @MAILINGCOUNTRYINDONESIA</p>\r\n\r\n<p> </p>\r\n\r\n<p>Dear Sir/Madam,</p>\r\n\r\n<p> </p>\r\n\r\n<p><strong>OFFER FOR UNDERGRADUATE ADMISSION.</strong></p>\r\n\r\n<p> </p>\r\n\r\n<p>It is our pleasure to offer you a place in our undergraduate programme.</p>\r\n\r\n<p>The details of the offer are as follows:</p>\r\n\r\n<p>Programme: @program <strong>BACHELOR OF INFORMATION AND COMMUNICATION TECHNOLOGY (HONS) </strong>&lt;@ACCREDITATION CODE> <strong>(R2-DL/481/6/0482) (A9489) (05/26)</strong></p>\r\n\r\n<p>Intake: @intake <strong>May 2020 Semester</strong></p>\r\n\r\n<p>Commencement Date:   @REGISTRATIONDATE <strong>04 May 2020</strong></p>\r\n\r\n<p>School: @FACULTY <strong>SCHOOL OF SCIENCE & TECHNOLOGY</strong></p>\r\n\r\n<p>Duration of Study: <strong>Shall Normally be </strong>@PROGRAMMINIMUMDURATIONINYEARS 4 <strong>years</strong></p>\r\n\r\n<p>Mode of Study: @mode_of_study <strong>Blended</strong></p>\r\n\r\n<p>Programme Structure:  @PROGRAMMETYPE <strong>Coursework</strong></p>\r\n\r\n<p> </p>\r\n\r\n<p>Please note that the above offer is conditional since all students are required to fulfil their English Language Competency Requirement (ELCR). The ELCR requirement must be fulfilled within a period of two years. Failure to comply within two years after registration may result in the withdrawal of this letter of offer and admission into AeU.</p>\r\n\r\n<p> </p>\r\n\r\n<p>For verification and record purposes, you are required to submit a certified true copy of citizenship card or passport, two most recent coloured passport size photographs and your academic certificates and transcripts during registration.</p>\r\n\r\n<p> </p>\r\n\r\n<p>This offer is valid for TWO years (6 consecutive intakes of January, May or September) only. It will automatically lapse after two years and you need to reapply again should you wish to seek admission to any of the programmes of the University.</p>\r\n\r\n<p> </p>\r\n\r\n<p>The University would like to congratulate and welcome you to the programme in your quest towards academic and career advancement. Should you have any further enquiries, kindly contact Admission & Records Department at 1300-300-238 or email to admission@aeu.edu.my.</p>\r\n\r\n<p> </p>\r\n\r\n<p>We wish you every success.</p>\r\n\r\n<p> </p>\r\n\r\n<p>Thank you.</p>\r\n\r\n<p> </p>\r\n\r\n<p>YUSOFF MUSA</p>\r\n\r\n<p>Registrar</p>\r\n\r\n<p>-------------------------------------------------------------------------------------------------------------------------------------------------------------------------.</p>\r\n\r\n<p>                                            *****Computer Generated Document. No Signature Required*****</p>\r\n\r\n<p>                                           ------------------------------------------------------------------------------------------</p>\r\n\r\n<p>Admissions & Records, Asia e University, Wisma Subang Jaya, No 106, Jalan SS15/4, 47500 Subang Jaya, Selangor, Malaysia. Tel No: 1-300-300-238 Fax No: 03-2785 0001 Website: www.aeu.edu.my</p>\r\n', 1, 1, '2020-08-10 07:23:22', NULL, '2020-08-10 07:23:22'),
(3, 'OFFER LETTER UNDERGRADUATE LOCAL', 'OFFER LETTER UNDERGRADUATE LOCAL', '<p>@DATELETTERGENERATED 02 June 2020</p>\r\n\r\n<p> </p>\r\n\r\n<p><strong>@APPLICANTFULLNAME DENISSE ANANDA PRATAMA</strong></p>\r\n\r\n<p>&lt;@mail_address1> JLN.TERAMPIL NO.14 KOMP TNI AL KODAMAR KELAPA GADING BARAT 14240,</p>\r\n\r\n<p>&lt;@mailing_zipcode>14240,</p>\r\n\r\n<p>@MAILINGCITY JAKARTA UTARA,</p>\r\n\r\n<p>@MAILINGSTATE DKI JAKARTA, @MAILINGCOUNTRYINDONESIA</p>\r\n\r\n<p>Dear Sir/Madam,</p>\r\n\r\n<p> </p>\r\n\r\n<p><strong>OFFER FOR UNDERGRADUATE ADMISSION.</strong></p>\r\n\r\n<p> </p>\r\n\r\n<p>It is our pleasure to offer you a place in our undergraduate programme.</p>\r\n\r\n<p>The details of the offer are as follows:</p>\r\n\r\n<p>Programme: @program <strong>BACHELOR OF INFORMATION AND COMMUNICATION TECHNOLOGY (HONS) </strong>&lt;@ACCREDITATION CODE> <strong>(R2-DL/481/6/0482) (A9489) (05/26)</strong></p>\r\n\r\n<p>Intake: @intake <strong>May 2020 Semester</strong></p>\r\n\r\n<p>Commencement Date:   @REGISTRATIONDATE <strong>04 May 2020</strong></p>\r\n\r\n<p>School: @FACULTY <strong>SCHOOL OF SCIENCE & TECHNOLOGY</strong></p>\r\n\r\n<p>Duration of Study: <strong>Shall Normally be </strong>@PROGRAMMINIMUMDURATIONINYEARS 4 <strong>years</strong></p>\r\n\r\n<p>Mode of Study: @mode_of_study <strong>Blended</strong></p>\r\n\r\n<p>Programme Structure:  @PROGRAMMETYPE <strong>Coursework</strong></p>\r\n\r\n<p>For verification and record purposes, you are required to submit a certified true copy of citizenship card or passport, two most recent coloured passport size photographs and your academic certificates and transcripts during registration.</p>\r\n\r\n<p><br>\r\nThis offer is valid for ONE year (3 consecutive intakes of January, May or September) only. It will automatically lapse after one year and you need to reapply again should you wish to seek admission to any of the programmes of the University.</p>\r\n\r\n<p>The University would like to congratulate and welcome you to the programme in your quest towards academic and career advancement. Should you have any further enquiries, kindly contact Admission & Records Department at 1300-300-238 or email to admission@aeu.edu.my.</p>\r\n\r\n<p> </p>\r\n\r\n<p>We wish you every success.</p>\r\n\r\n<p> </p>\r\n\r\n<p>Thank you.</p>\r\n\r\n<p> </p>\r\n\r\n<p>YUSOFF MUSA</p>\r\n\r\n<p>Registrar</p>\r\n\r\n<p>-------------------------------------------------------------------------------------------------------------------------------------------------------------------------.</p>\r\n\r\n<p>                                            *****Computer Generated Document. No Signature Required*****</p>\r\n\r\n<p>                                           ------------------------------------------------------------------------------------------</p>\r\n\r\n<p>Admissions & Records, Asia e University, Wisma Subang Jaya, No 106, Jalan SS15/4, 47500 Subang Jaya, Selangor, Malaysia. Tel No: 1-300-300-238 Fax No: 03-2785 0001 Website: www.aeu.edu.my</p>\r\n', 1, 1, '2020-09-01 16:34:08', NULL, '2020-09-01 16:34:08'),
(4, 'OFFER LETTER POSTGRADUATE LOCAL', 'OFFER LETTER POSTGRADUATE LOCAL', '<p>@DATELETTERGENERATED 02 June 2020</p>\r\n\r\n<p> </p>\r\n\r\n<p><strong>@APPLICANTFULLNAME DENISSE ANANDA PRATAMA</strong></p>\r\n\r\n<p>&lt;@mail_address1> JLN.TERAMPIL NO.14 KOMP TNI AL KODAMAR KELAPA GADING BARAT 14240,</p>\r\n\r\n<p>&lt;@mailing_zipcode>14240,</p>\r\n\r\n<p>@MAILINGCITY JAKARTA UTARA,</p>\r\n\r\n<p>@MAILINGSTATE DKI JAKARTA, @MAILINGCOUNTRYINDONESIA</p>\r\n\r\n<p>Dear Sir/Madam,</p>\r\n\r\n<p> </p>\r\n\r\n<p><strong>OFFER FOR UNDERGRADUATE ADMISSION.</strong></p>\r\n\r\n<p> </p>\r\n\r\n<p>It is our pleasure to offer you a place in our undergraduate programme.</p>\r\n\r\n<p>The details of the offer are as follows:</p>\r\n\r\n<p>Programme: @program <strong>BACHELOR OF INFORMATION AND COMMUNICATION TECHNOLOGY (HONS) </strong>&lt;@ACCREDITATION CODE> <strong>(R2-DL/481/6/0482) (A9489) (05/26)</strong></p>\r\n\r\n<p>Intake: @intake <strong>May 2020 Semester</strong></p>\r\n\r\n<p>Commencement Date:   @REGISTRATIONDATE <strong>04 May 2020</strong></p>\r\n\r\n<p>School: @FACULTY <strong>SCHOOL OF SCIENCE & TECHNOLOGY</strong></p>\r\n\r\n<p>Duration of Study: <strong>Shall Normally be </strong>@PROGRAMMINIMUMDURATIONINYEARS 4 <strong>years</strong></p>\r\n\r\n<p>Mode of Study: @mode_of_study <strong>Blended</strong></p>\r\n\r\n<p>Programme Structure:  @PROGRAMMETYPE <strong>Coursework</strong></p>\r\n\r\n<p>For verification and record purposes, you are required to submit a certified true copy of citizenship card or passport, two most recent coloured passport size photographs and your academic certificates and transcripts during registration.</p>\r\n\r\n<p><br>\r\nThis offer is valid for ONE year (3 consecutive intakes of January, May or September) only. It will automatically lapse after one year and you need to reapply again should you wish to seek admission to any of the programmes of the University.</p>\r\n\r\n<p>The University would like to congratulate and welcome you to the programme in your quest towards academic and career advancement. Should you have any further enquiries, kindly contact Admission & Records Department at 1300-300-238 or email to admission@aeu.edu.my.</p>\r\n\r\n<p> </p>\r\n\r\n<p>We wish you every success.</p>\r\n\r\n<p> </p>\r\n\r\n<p>Thank you.</p>\r\n\r\n<p> </p>\r\n\r\n<p>YUSOFF MUSA</p>\r\n\r\n<p>Registrar</p>\r\n\r\n<p>-------------------------------------------------------------------------------------------------------------------------------------------------------------------------.</p>\r\n\r\n<p>                                            *****Computer Generated Document. No Signature Required*****</p>\r\n\r\n<p>                                           ------------------------------------------------------------------------------------------</p>\r\n\r\n<p>Admissions & Records, Asia e University, Wisma Subang Jaya, No 106, Jalan SS15/4, 47500 Subang Jaya, Selangor, Malaysia. Tel No: 1-300-300-238 Fax No: 03-2785 0001 Website: www.aeu.edu.my</p>\r\n', 1, 1, '2020-09-01 16:34:30', NULL, '2020-09-01 16:34:30'),
(5, 'OFFER LETTER POSTGRADUATE INTERNATIONAL', 'OFFER LETTER POSTGRADUATE INTERNATIONAL', '<p>@DATELETTERGENERATED 02 June 2020</p>\r\n\r\n<p> </p>\r\n\r\n<p><strong>@APPLICANTFULLNAME DENISSE ANANDA PRATAMA</strong></p>\r\n\r\n<p>&lt;@mail_address1> JLN.TERAMPIL NO.14 KOMP TNI AL KODAMAR KELAPA GADING BARAT 14240,</p>\r\n\r\n<p>&lt;@mailing_zipcode>14240,</p>\r\n\r\n<p>@MAILINGCITY JAKARTA UTARA,</p>\r\n\r\n<p>@MAILINGSTATE DKI JAKARTA, @MAILINGCOUNTRYINDONESIA</p>\r\n\r\n<p> </p>\r\n\r\n<p>Dear Sir/Madam,</p>\r\n\r\n<p> </p>\r\n\r\n<p><strong>OFFER FOR UNDERGRADUATE ADMISSION.</strong></p>\r\n\r\n<p> </p>\r\n\r\n<p>It is our pleasure to offer you a place in our undergraduate programme.</p>\r\n\r\n<p>The details of the offer are as follows:</p>\r\n\r\n<p>Programme: @program <strong>BACHELOR OF INFORMATION AND COMMUNICATION TECHNOLOGY (HONS) </strong>&lt;@ACCREDITATION CODE> <strong>(R2-DL/481/6/0482) (A9489) (05/26)</strong></p>\r\n\r\n<p>Intake: @intake <strong>May 2020 Semester</strong></p>\r\n\r\n<p>Commencement Date:   @REGISTRATIONDATE <strong>04 May 2020</strong></p>\r\n\r\n<p>School: @FACULTY <strong>SCHOOL OF SCIENCE & TECHNOLOGY</strong></p>\r\n\r\n<p>Duration of Study: <strong>Shall Normally be </strong>@PROGRAMMINIMUMDURATIONINYEARS 4 <strong>years</strong></p>\r\n\r\n<p>Mode of Study: @mode_of_study <strong>Blended</strong></p>\r\n\r\n<p>Programme Structure:  @PROGRAMMETYPE <strong>Coursework</strong></p>\r\n\r\n<p> </p>\r\n\r\n<p>Please note that the above offer is conditional since all students are required to fulfil their English Language Competency Requirement (ELCR). The ELCR requirement must be fulfilled within a period of one year. You are however allowed to register for both the ELCR and your course subjects simultaneously. Failure to comply within a year after registration may result in the withdrawal of this letter of offer and admission into AeU.</p>\r\n\r\n<p>For verification and record purposes, you are required to submit a certified true copy of citizenship card or passport, two most recent coloured passport size photographs and your academic certificates and transcripts during registration.</p>\r\n\r\n<p>This offer is valid for ONE year (3 consecutive intakes of January, May or September) only. It will automatically lapse after one year and you need to reapply again should you wish to seek admission to any of the programmes of the University.</p>\r\n\r\n<p>The University would like to congratulate and welcome you to the programme in your quest towards academic and career advancement. Should you have any further enquiries, kindly contact Admission & Records Department at 1300-300-238 or email to admission@aeu.edu.my.</p>\r\n\r\n<p>We wish you every success.</p>\r\n\r\n<p> </p>\r\n\r\n<p>Thank you.</p>\r\n\r\n<p> </p>\r\n\r\n<p>YUSOFF MUSA</p>\r\n\r\n<p>Registrar</p>\r\n\r\n<p>-------------------------------------------------------------------------------------------------------------------------------------------------------------------------.</p>\r\n\r\n<p>                                            *****Computer Generated Document. No Signature Required*****</p>\r\n\r\n<p>                                           ------------------------------------------------------------------------------------------</p>\r\n\r\n<p>Admissions & Records, Asia e University, Wisma Subang Jaya, No 106, Jalan SS15/4, 47500 Subang Jaya, Selangor, Malaysia. Tel No: 1-300-300-238 Fax No: 03-2785 0001 Website: www.aeu.edu.my</p>\r\n', 1, 1, '2020-09-01 16:34:52', NULL, '2020-09-01 16:34:52'),
(6, 'Registration Email', 'Registration Email', '<p>Dear @salutation @studentname,</p>\r\n\r\n<p> </p>\r\n\r\n<p>Welcome to East Asia Global Education. We are an Education Provider that develop and offer educational, academic, and professional programmes in collaboration with outstanding universities and training institutions.</p>\r\n\r\n<p>Please login to view and apply for the programmes offered by our partner universities.</p>\r\n\r\n<p> </p>\r\n\r\n<p>Your login details are as follow:</p>\r\n\r\n<p>URL: http://eag-applicant.camsedu.com/applicantLogin</p>\r\n\r\n<p>Should you have any inquiry or assistance you can chat with our Academic Counsellor after your login to the Portal or email: admission.usas@eag.com.my</p>\r\n', 1, 1, '2021-01-17 15:20:33', NULL, '2021-01-17 15:20:33');

-- --------------------------------------------------------

--
-- Table structure for table `communication_template_message`
--

CREATE TABLE `communication_template_message` (
  `id` int(20) NOT NULL,
  `name` text DEFAULT NULL,
  `subject` text DEFAULT NULL,
  `message` text DEFAULT NULL,
  `status` int(2) DEFAULT 0,
  `created_by` int(20) DEFAULT NULL,
  `created_dt_tm` datetime DEFAULT current_timestamp(),
  `updated_by` int(20) DEFAULT NULL,
  `updated_dt_tm` datetime DEFAULT current_timestamp()
) ENGINE=InnoDB DEFAULT CHARSET=latin1;

--
-- Dumping data for table `communication_template_message`
--

INSERT INTO `communication_template_message` (`id`, `name`, `subject`, `message`, `status`, `created_by`, `created_dt_tm`, `updated_by`, `updated_dt_tm`) VALUES
(1, 'Template One', 'Subject One', '<p>Dara</p>\r\n\r\n<p><strong>Data</strong></p>\r\n', 1, 1, '2020-10-29 11:50:56', NULL, '2020-10-29 11:50:56');

-- --------------------------------------------------------

--
-- Table structure for table `company_details`
--

CREATE TABLE `company_details` (
  `id` int(20) NOT NULL,
  `name` varchar(580) DEFAULT '',
  `email` varchar(120) DEFAULT '',
  `phone` varchar(120) DEFAULT '',
  `tax_no` varchar(120) DEFAULT '',
  `address_one` varchar(520) DEFAULT '',
  `address_two` varchar(520) DEFAULT '',
  `country` varchar(120) DEFAULT '',
  `state` varchar(120) DEFAULT '',
  `zipcode` varchar(120) DEFAULT '',
  `id_vendor` varchar(20) DEFAULT NULL,
  `status` int(20) DEFAULT NULL,
  `created_by` int(20) DEFAULT NULL,
  `created_dt_tm` datetime DEFAULT current_timestamp(),
  `updated_by` int(20) DEFAULT NULL,
  `updated_dt_tm` datetime DEFAULT current_timestamp()
) ENGINE=InnoDB DEFAULT CHARSET=latin1;

-- --------------------------------------------------------

--
-- Table structure for table `convocation`
--

CREATE TABLE `convocation` (
  `id` int(20) NOT NULL,
  `convocation_session` varchar(580) DEFAULT '',
  `session_capacity` int(10) DEFAULT NULL,
  `number_of_guest` int(10) DEFAULT NULL,
  `year` int(20) DEFAULT 0,
  `weblink` varchar(580) DEFAULT '',
  `start_date` datetime DEFAULT current_timestamp(),
  `end_date` datetime DEFAULT current_timestamp(),
  `confirm_attendence_end_date` datetime DEFAULT current_timestamp(),
  `record_verification_end_date` datetime DEFAULT current_timestamp(),
  `graduation_guest_application_end_date` datetime DEFAULT current_timestamp(),
  `student_portal_end_date` datetime DEFAULT current_timestamp(),
  `award` int(10) DEFAULT 1,
  `status` int(2) DEFAULT 1,
  `created_by` int(20) DEFAULT NULL,
  `created_dt_tm` datetime DEFAULT current_timestamp(),
  `updated_by` int(20) DEFAULT NULL,
  `updated_dt_tm` datetime DEFAULT current_timestamp()
) ENGINE=InnoDB DEFAULT CHARSET=latin1;

--
-- Dumping data for table `convocation`
--

INSERT INTO `convocation` (`id`, `convocation_session`, `session_capacity`, `number_of_guest`, `year`, `weblink`, `start_date`, `end_date`, `confirm_attendence_end_date`, `record_verification_end_date`, `graduation_guest_application_end_date`, `student_portal_end_date`, `award`, `status`, `created_by`, `created_dt_tm`, `updated_by`, `updated_dt_tm`) VALUES
(1, 'HONS Completion', 10, 10, 2020, '10', '2020-07-12 00:00:00', '2020-07-12 00:00:00', '2020-07-12 00:00:00', '2020-07-12 00:00:00', '2020-07-12 00:00:00', '2020-07-12 00:00:00', 0, 1, 1, '2020-07-11 11:59:19', 1, '2020-07-11 11:59:19'),
(2, 'Graduation set 2', 10, 101, 2021, '100', '2020-07-12 00:00:00', '2020-07-12 00:00:00', '2020-07-12 00:00:00', '2020-07-12 00:00:00', '2020-07-12 00:00:00', '2020-07-12 00:00:00', 0, 1, 1, '2020-07-11 12:59:10', 1, '2020-07-11 12:59:10');

-- --------------------------------------------------------

--
-- Table structure for table `convocation_details`
--

CREATE TABLE `convocation_details` (
  `id` int(20) NOT NULL,
  `id_convocation` int(20) DEFAULT 0,
  `fee_item` varchar(1048) DEFAULT '',
  `fee_amount` float(20,2) DEFAULT 0.00,
  `status` int(2) DEFAULT NULL,
  `created_by` int(20) DEFAULT NULL,
  `created_dt_tm` datetime DEFAULT current_timestamp(),
  `updated_by` int(20) DEFAULT NULL,
  `updated_dt_tm` datetime DEFAULT current_timestamp()
) ENGINE=InnoDB DEFAULT CHARSET=latin1;

-- --------------------------------------------------------

--
-- Table structure for table `country`
--

CREATE TABLE `country` (
  `id` int(20) NOT NULL,
  `name` varchar(120) DEFAULT '',
  `phone_code` varchar(20) DEFAULT NULL,
  `status` int(2) DEFAULT 1,
  `created_by` int(2) DEFAULT 0,
  `created_dt_tm` datetime DEFAULT current_timestamp(),
  `updated_by` int(2) DEFAULT 0,
  `updated_dt_tm` datetime DEFAULT current_timestamp()
) ENGINE=InnoDB DEFAULT CHARSET=latin1;

--
-- Dumping data for table `country`
--

INSERT INTO `country` (`id`, `name`, `phone_code`, `status`, `created_by`, `created_dt_tm`, `updated_by`, `updated_dt_tm`) VALUES
(1, 'Malaysia', '+61', 1, 1, '2020-07-10 23:22:08', 0, '2020-07-10 23:22:08'),
(2, 'Afghanistan', '+93', 1, 1, '2020-07-10 23:22:19', 0, '2020-07-10 23:22:19'),
(3, 'Albania', '+355', 1, 1, '2020-08-27 13:08:05', 0, '2020-08-27 13:08:05'),
(4, 'Algeria', '+213', 1, 1, '2020-08-27 13:08:05', 0, '2020-08-27 13:08:05'),
(5, 'Andorra', '+376', 1, 1, '2020-08-27 13:08:05', 0, '2020-08-27 13:08:05'),
(6, 'Angola', NULL, 1, 1, '2020-08-27 13:08:05', 0, '2020-08-27 13:08:05'),
(7, 'Antigua and Barbuda', NULL, 1, 1, '2020-08-27 13:08:05', 0, '2020-08-27 13:08:05'),
(8, 'Argentina', NULL, 1, 1, '2020-08-27 13:08:05', 0, '2020-08-27 13:08:05'),
(9, 'Armenia', NULL, 1, 1, '2020-08-27 13:08:05', 0, '2020-08-27 13:08:05'),
(10, 'Australia', NULL, 1, 1, '2020-08-27 13:08:05', 0, '2020-08-27 13:08:05'),
(11, 'Austria', NULL, 1, 1, '2020-08-27 13:08:05', 0, '2020-08-27 13:08:05'),
(12, 'Azerbaijan', NULL, 1, 1, '2020-08-27 13:08:05', 0, '2020-08-27 13:08:05'),
(13, 'Bahamas', NULL, 1, 1, '2020-08-27 13:08:05', 0, '2020-08-27 13:08:05'),
(14, 'Bahrain', NULL, 1, 1, '2020-08-27 13:08:05', 0, '2020-08-27 13:08:05'),
(15, 'Bangladesh', NULL, 1, 1, '2020-08-27 13:08:05', 0, '2020-08-27 13:08:05'),
(16, 'Barbados', NULL, 1, 1, '2020-08-27 13:08:05', 0, '2020-08-27 13:08:05'),
(17, 'Belarus', NULL, 1, 1, '2020-08-27 13:08:05', 0, '2020-08-27 13:08:05'),
(18, 'Belgium', NULL, 1, 1, '2020-08-27 13:08:05', 0, '2020-08-27 13:08:05'),
(19, 'Belize', NULL, 1, 1, '2020-08-27 13:08:05', 0, '2020-08-27 13:08:05'),
(20, 'Benin', NULL, 1, 1, '2020-08-27 13:08:05', 0, '2020-08-27 13:08:05'),
(21, 'Bhutan', NULL, 1, 1, '2020-08-27 13:08:05', 0, '2020-08-27 13:08:05'),
(22, 'Bolivia', NULL, 1, 1, '2020-08-27 13:08:05', 0, '2020-08-27 13:08:05'),
(23, 'Bosnia and Herzegovina', NULL, 1, 1, '2020-08-27 13:08:05', 0, '2020-08-27 13:08:05'),
(24, 'Botswana', NULL, 1, 1, '2020-08-27 13:08:05', 0, '2020-08-27 13:08:05'),
(25, 'Brazil', NULL, 1, 1, '2020-08-27 13:08:05', 0, '2020-08-27 13:08:05'),
(26, 'Brunei', NULL, 1, 1, '2020-08-27 13:08:05', 0, '2020-08-27 13:08:05'),
(27, 'Bulgaria', NULL, 1, 1, '2020-08-27 13:08:05', 0, '2020-08-27 13:08:05'),
(28, 'Burkina Faso', NULL, 1, 1, '2020-08-27 13:08:05', 0, '2020-08-27 13:08:05'),
(29, 'Burma', NULL, 1, 1, '2020-08-27 13:08:05', 0, '2020-08-27 13:08:05'),
(30, 'Burundi', NULL, 1, 1, '2020-08-27 13:08:05', 0, '2020-08-27 13:08:05'),
(31, 'Cambodia', NULL, 1, 1, '2020-08-27 13:08:05', 0, '2020-08-27 13:08:05'),
(32, 'Cameroon', NULL, 1, 1, '2020-08-27 13:08:05', 0, '2020-08-27 13:08:05'),
(33, 'Canada', NULL, 1, 1, '2020-08-27 13:08:05', 0, '2020-08-27 13:08:05'),
(34, 'Cape Verde', NULL, 1, 1, '2020-08-27 13:08:05', 0, '2020-08-27 13:08:05'),
(35, 'Central African Republic', NULL, 1, 1, '2020-08-27 13:08:05', 0, '2020-08-27 13:08:05'),
(36, 'Chad', NULL, 1, 1, '2020-08-27 13:08:05', 0, '2020-08-27 13:08:05'),
(37, 'Chile', NULL, 1, 1, '2020-08-27 13:08:05', 0, '2020-08-27 13:08:05'),
(38, 'China', NULL, 1, 1, '2020-08-27 13:08:05', 0, '2020-08-27 13:08:05'),
(39, 'Colombia', NULL, 1, 1, '2020-08-27 13:08:05', 0, '2020-08-27 13:08:05'),
(40, 'Comoros', NULL, 1, 1, '2020-08-27 13:08:05', 0, '2020-08-27 13:08:05'),
(41, 'Congo', NULL, 1, 1, '2020-08-27 13:08:05', 0, '2020-08-27 13:08:05'),
(42, 'Cook Islands', NULL, 1, 1, '2020-08-27 13:08:05', 0, '2020-08-27 13:08:05'),
(43, 'Costa Rica', NULL, 1, 1, '2020-08-27 13:08:05', 0, '2020-08-27 13:08:05'),
(44, 'Croatia', NULL, 1, 1, '2020-08-27 13:08:05', 0, '2020-08-27 13:08:05'),
(45, 'Cuba', NULL, 1, 1, '2020-08-27 13:08:05', 0, '2020-08-27 13:08:05'),
(46, 'Cyprus', NULL, 1, 1, '2020-08-27 13:08:05', 0, '2020-08-27 13:08:05'),
(47, 'Czech Republic', NULL, 1, 1, '2020-08-27 13:08:05', 0, '2020-08-27 13:08:05'),
(48, 'Côte d\'Ivoire', NULL, 1, 1, '2020-08-27 13:08:05', 0, '2020-08-27 13:08:05'),
(49, 'Denmark', NULL, 1, 1, '2020-08-27 13:08:05', 0, '2020-08-27 13:08:05'),
(50, 'Djibouti', NULL, 1, 1, '2020-08-27 13:08:05', 0, '2020-08-27 13:08:05'),
(51, 'Dominica', NULL, 1, 1, '2020-08-27 13:08:05', 0, '2020-08-27 13:08:05'),
(52, 'Dominican Republic', NULL, 1, 1, '2020-08-27 13:08:05', 0, '2020-08-27 13:08:05'),
(53, 'East Timor', NULL, 1, 1, '2020-08-27 13:08:05', 0, '2020-08-27 13:08:05'),
(54, 'Ecuador', NULL, 1, 1, '2020-08-27 13:08:05', 0, '2020-08-27 13:08:05'),
(55, 'Egypt', NULL, 1, 1, '2020-08-27 13:08:05', 0, '2020-08-27 13:08:05'),
(56, 'El Salvador', NULL, 1, 1, '2020-08-27 13:08:05', 0, '2020-08-27 13:08:05'),
(57, 'Equatorial Guinea', NULL, 1, 1, '2020-08-27 13:08:05', 0, '2020-08-27 13:08:05'),
(58, 'Eritrea', NULL, 1, 1, '2020-08-27 13:08:05', 0, '2020-08-27 13:08:05'),
(59, 'Estonia', NULL, 1, 1, '2020-08-27 13:08:05', 0, '2020-08-27 13:08:05'),
(60, 'Ethiopia', NULL, 1, 1, '2020-08-27 13:08:05', 0, '2020-08-27 13:08:05'),
(61, 'Fiji', NULL, 1, 1, '2020-08-27 13:08:05', 0, '2020-08-27 13:08:05'),
(62, 'Finland', NULL, 1, 1, '2020-08-27 13:08:05', 0, '2020-08-27 13:08:05'),
(63, 'France', NULL, 1, 1, '2020-08-27 13:08:05', 0, '2020-08-27 13:08:05'),
(64, 'Gabon', NULL, 1, 1, '2020-08-27 13:08:05', 0, '2020-08-27 13:08:05'),
(65, 'Gambia', NULL, 1, 1, '2020-08-27 13:08:05', 0, '2020-08-27 13:08:05'),
(66, 'Georgia', NULL, 1, 1, '2020-08-27 13:08:05', 0, '2020-08-27 13:08:05'),
(67, 'Germany', NULL, 1, 1, '2020-08-27 13:08:05', 0, '2020-08-27 13:08:05'),
(68, 'Ghana', NULL, 1, 1, '2020-08-27 13:08:05', 0, '2020-08-27 13:08:05'),
(69, 'Greece', NULL, 1, 1, '2020-08-27 13:08:05', 0, '2020-08-27 13:08:05'),
(70, 'Grenada', NULL, 1, 1, '2020-08-27 13:08:05', 0, '2020-08-27 13:08:05'),
(71, 'Guatemala', NULL, 1, 1, '2020-08-27 13:08:05', 0, '2020-08-27 13:08:05'),
(72, 'Guinea', NULL, 1, 1, '2020-08-27 13:08:05', 0, '2020-08-27 13:08:05'),
(73, 'Guinea-Bissau', NULL, 1, 1, '2020-08-27 13:08:05', 0, '2020-08-27 13:08:05'),
(74, 'Guyana', NULL, 1, 1, '2020-08-27 13:08:05', 0, '2020-08-27 13:08:05'),
(75, 'Haiti', NULL, 1, 1, '2020-08-27 13:08:05', 0, '2020-08-27 13:08:05'),
(76, 'Honduras', NULL, 1, 1, '2020-08-27 13:08:05', 0, '2020-08-27 13:08:05'),
(77, 'Hungary', NULL, 1, 1, '2020-08-27 13:08:05', 0, '2020-08-27 13:08:05'),
(78, 'Iceland', NULL, 1, 1, '2020-08-27 13:08:05', 0, '2020-08-27 13:08:05'),
(79, 'India', '+91', 1, 1, '2020-08-27 13:08:05', 0, '2020-08-27 13:08:05'),
(80, 'Indonesia', NULL, 1, 1, '2020-08-27 13:08:05', 0, '2020-08-27 13:08:05'),
(81, 'Iran', NULL, 1, 1, '2020-08-27 13:08:05', 0, '2020-08-27 13:08:05'),
(82, 'Iraq', NULL, 1, 1, '2020-08-27 13:08:05', 0, '2020-08-27 13:08:05'),
(83, 'Ireland', NULL, 1, 1, '2020-08-27 13:08:05', 0, '2020-08-27 13:08:05'),
(84, 'Israel', NULL, 1, 1, '2020-08-27 13:08:05', 0, '2020-08-27 13:08:05'),
(85, 'Italy', NULL, 1, 1, '2020-08-27 13:08:05', 0, '2020-08-27 13:08:05'),
(86, 'Ivory Coast', NULL, 1, 1, '2020-08-27 13:08:05', 0, '2020-08-27 13:08:05'),
(87, 'Jamaica', NULL, 1, 1, '2020-08-27 13:08:05', 0, '2020-08-27 13:08:05'),
(88, 'Japan', NULL, 1, 1, '2020-08-27 13:08:05', 0, '2020-08-27 13:08:05'),
(89, 'Jordan', NULL, 1, 1, '2020-08-27 13:08:05', 0, '2020-08-27 13:08:05'),
(90, 'Kazakhstan', NULL, 1, 1, '2020-08-27 13:08:05', 0, '2020-08-27 13:08:05'),
(91, 'Kenya', NULL, 1, 1, '2020-08-27 13:08:05', 0, '2020-08-27 13:08:05'),
(92, 'Kiribati', NULL, 1, 1, '2020-08-27 13:08:05', 0, '2020-08-27 13:08:05'),
(93, 'Korea, North', NULL, 1, 1, '2020-08-27 13:08:05', 0, '2020-08-27 13:08:05'),
(94, 'Korea, South', NULL, 1, 1, '2020-08-27 13:08:05', 0, '2020-08-27 13:08:05'),
(95, 'Kosovo', NULL, 1, 1, '2020-08-27 13:08:05', 0, '2020-08-27 13:08:05'),
(96, 'Kuwait', NULL, 1, 1, '2020-08-27 13:08:05', 0, '2020-08-27 13:08:05'),
(97, 'Kyrgyzstan', NULL, 1, 1, '2020-08-27 13:08:05', 0, '2020-08-27 13:08:05'),
(98, 'Laos', NULL, 1, 1, '2020-08-27 13:08:05', 0, '2020-08-27 13:08:05'),
(99, 'Latvia', NULL, 1, 1, '2020-08-27 13:08:05', 0, '2020-08-27 13:08:05'),
(100, 'Lebanon', NULL, 1, 1, '2020-08-27 13:08:05', 0, '2020-08-27 13:08:05'),
(101, 'Lesotho', NULL, 1, 1, '2020-08-27 13:08:05', 0, '2020-08-27 13:08:05'),
(102, 'Liberia', NULL, 1, 1, '2020-08-27 13:08:05', 0, '2020-08-27 13:08:05'),
(103, 'Libya', NULL, 1, 1, '2020-08-27 13:08:05', 0, '2020-08-27 13:08:05'),
(104, 'Liechtenstein', NULL, 1, 1, '2020-08-27 13:08:05', 0, '2020-08-27 13:08:05'),
(105, 'Lithuania', NULL, 1, 1, '2020-08-27 13:08:05', 0, '2020-08-27 13:08:05'),
(106, 'Luxembourg', NULL, 1, 1, '2020-08-27 13:08:05', 0, '2020-08-27 13:08:05'),
(107, 'Macedonia', NULL, 1, 1, '2020-08-27 13:08:05', 0, '2020-08-27 13:08:05'),
(108, 'Madagascar', NULL, 1, 1, '2020-08-27 13:08:05', 0, '2020-08-27 13:08:05'),
(109, 'Malawi', NULL, 1, 1, '2020-08-27 13:08:05', 0, '2020-08-27 13:08:05'),
(110, 'Abkhazia', NULL, 1, 1, '2020-08-27 13:08:05', 0, '2020-08-27 13:08:05'),
(111, 'Maldives', NULL, 1, 1, '2020-08-27 13:08:05', 0, '2020-08-27 13:08:05'),
(112, 'Mali', NULL, 1, 1, '2020-08-27 13:08:05', 0, '2020-08-27 13:08:05'),
(113, 'Malta', NULL, 1, 1, '2020-08-27 13:08:05', 0, '2020-08-27 13:08:05'),
(114, 'Marshall Islands', NULL, 1, 1, '2020-08-27 13:08:05', 0, '2020-08-27 13:08:05'),
(115, 'Mauritania', NULL, 1, 1, '2020-08-27 13:08:05', 0, '2020-08-27 13:08:05'),
(116, 'Mauritius', NULL, 1, 1, '2020-08-27 13:08:05', 0, '2020-08-27 13:08:05'),
(117, 'Mexico', NULL, 1, 1, '2020-08-27 13:08:05', 0, '2020-08-27 13:08:05'),
(118, 'Micronesia', NULL, 1, 1, '2020-08-27 13:08:05', 0, '2020-08-27 13:08:05'),
(119, 'Moldova', NULL, 1, 1, '2020-08-27 13:08:05', 0, '2020-08-27 13:08:05'),
(120, 'Monaco', NULL, 1, 1, '2020-08-27 13:08:05', 0, '2020-08-27 13:08:05'),
(121, 'Mongolia', NULL, 1, 1, '2020-08-27 13:08:05', 0, '2020-08-27 13:08:05'),
(122, 'Montenegro', NULL, 1, 1, '2020-08-27 13:08:05', 0, '2020-08-27 13:08:05'),
(123, 'Morocco', NULL, 1, 1, '2020-08-27 13:08:05', 0, '2020-08-27 13:08:05'),
(124, 'Mozambique', NULL, 1, 1, '2020-08-27 13:08:05', 0, '2020-08-27 13:08:05'),
(125, 'Myanmar / Burma', NULL, 1, 1, '2020-08-27 13:08:05', 0, '2020-08-27 13:08:05'),
(126, 'Nagorno-Karabakh', NULL, 1, 1, '2020-08-27 13:08:05', 0, '2020-08-27 13:08:05'),
(127, 'Namibia', NULL, 1, 1, '2020-08-27 13:08:05', 0, '2020-08-27 13:08:05'),
(128, 'Nauru', NULL, 1, 1, '2020-08-27 13:08:05', 0, '2020-08-27 13:08:05'),
(129, 'Nepal', NULL, 1, 1, '2020-08-27 13:08:05', 0, '2020-08-27 13:08:05'),
(130, 'Netherlands', NULL, 1, 1, '2020-08-27 13:08:05', 0, '2020-08-27 13:08:05'),
(131, 'New Zealand', NULL, 1, 1, '2020-08-27 13:08:05', 0, '2020-08-27 13:08:05'),
(132, 'Nicaragua', NULL, 1, 1, '2020-08-27 13:08:05', 0, '2020-08-27 13:08:05'),
(133, 'Niger', NULL, 1, 1, '2020-08-27 13:08:05', 0, '2020-08-27 13:08:05'),
(134, 'Nigeria', NULL, 1, 1, '2020-08-27 13:08:05', 0, '2020-08-27 13:08:05'),
(135, 'Niue', NULL, 1, 1, '2020-08-27 13:08:05', 0, '2020-08-27 13:08:05'),
(136, 'Northern Cyprus', NULL, 1, 1, '2020-08-27 13:08:05', 0, '2020-08-27 13:08:05'),
(137, 'Norway', NULL, 1, 1, '2020-08-27 13:08:05', 0, '2020-08-27 13:08:05'),
(138, 'Oman', NULL, 1, 1, '2020-08-27 13:08:05', 0, '2020-08-27 13:08:05'),
(139, 'Pakistan', '+92', 1, 1, '2020-08-27 13:08:05', 0, '2020-08-27 13:08:05'),
(140, 'Palau', NULL, 1, 1, '2020-08-27 13:08:05', 0, '2020-08-27 13:08:05'),
(141, 'Palestine', NULL, 1, 1, '2020-08-27 13:08:05', 0, '2020-08-27 13:08:05'),
(142, 'Panama', NULL, 1, 1, '2020-08-27 13:08:05', 0, '2020-08-27 13:08:05'),
(143, 'Papua New Guinea', NULL, 1, 1, '2020-08-27 13:08:05', 0, '2020-08-27 13:08:05'),
(144, 'Paraguay', NULL, 1, 1, '2020-08-27 13:08:05', 0, '2020-08-27 13:08:05'),
(145, 'Peru', NULL, 1, 1, '2020-08-27 13:08:05', 0, '2020-08-27 13:08:05'),
(146, 'Philippines', NULL, 1, 1, '2020-08-27 13:08:05', 0, '2020-08-27 13:08:05'),
(147, 'Poland', NULL, 1, 1, '2020-08-27 13:08:05', 0, '2020-08-27 13:08:05'),
(148, 'Portugal', NULL, 1, 1, '2020-08-27 13:08:05', 0, '2020-08-27 13:08:05'),
(149, 'Qatar', NULL, 1, 1, '2020-08-27 13:08:05', 0, '2020-08-27 13:08:05'),
(150, 'Romania', NULL, 1, 1, '2020-08-27 13:08:05', 0, '2020-08-27 13:08:05'),
(151, 'Russia', NULL, 1, 1, '2020-08-27 13:08:05', 0, '2020-08-27 13:08:05'),
(152, 'Rwanda', NULL, 1, 1, '2020-08-27 13:08:05', 0, '2020-08-27 13:08:05'),
(153, 'Sahrawi Arab Democratic Republic', NULL, 1, 1, '2020-08-27 13:08:05', 0, '2020-08-27 13:08:05'),
(154, 'Saint Kitts and Nevis', NULL, 1, 1, '2020-08-27 13:08:05', 0, '2020-08-27 13:08:05'),
(155, 'Saint Lucia', NULL, 1, 1, '2020-08-27 13:08:05', 0, '2020-08-27 13:08:05'),
(156, 'Saint Vincent and the Grenadines', NULL, 1, 1, '2020-08-27 13:08:05', 0, '2020-08-27 13:08:05'),
(157, 'Samoa', NULL, 1, 1, '2020-08-27 13:08:05', 0, '2020-08-27 13:08:05'),
(158, 'San Marino', NULL, 1, 1, '2020-08-27 13:08:05', 0, '2020-08-27 13:08:05'),
(159, 'Saudi Arabia', NULL, 1, 1, '2020-08-27 13:08:05', 0, '2020-08-27 13:08:05'),
(160, 'Senegal', NULL, 1, 1, '2020-08-27 13:08:05', 0, '2020-08-27 13:08:05'),
(161, 'Serbia', NULL, 1, 1, '2020-08-27 13:08:05', 0, '2020-08-27 13:08:05'),
(162, 'Seychelles', NULL, 1, 1, '2020-08-27 13:08:05', 0, '2020-08-27 13:08:05'),
(163, 'Sierra Leone', NULL, 1, 1, '2020-08-27 13:08:05', 0, '2020-08-27 13:08:05'),
(164, 'Singapore', NULL, 1, 1, '2020-08-27 13:08:05', 0, '2020-08-27 13:08:05'),
(165, 'Slovakia', NULL, 1, 1, '2020-08-27 13:08:05', 0, '2020-08-27 13:08:05'),
(166, 'Slovenia', NULL, 1, 1, '2020-08-27 13:08:05', 0, '2020-08-27 13:08:05'),
(167, 'Solomon Islands', NULL, 1, 1, '2020-08-27 13:08:05', 0, '2020-08-27 13:08:05'),
(168, 'Somalia', NULL, 1, 1, '2020-08-27 13:08:05', 0, '2020-08-27 13:08:05'),
(169, 'Somaliland', NULL, 1, 1, '2020-08-27 13:08:05', 0, '2020-08-27 13:08:05'),
(170, 'South Africa', NULL, 1, 1, '2020-08-27 13:08:05', 0, '2020-08-27 13:08:05'),
(171, 'South Ossetia', NULL, 1, 1, '2020-08-27 13:08:05', 0, '2020-08-27 13:08:05'),
(172, 'Spain', NULL, 1, 1, '2020-08-27 13:08:05', 0, '2020-08-27 13:08:05'),
(173, 'Sri Lanka', NULL, 1, 1, '2020-08-27 13:08:05', 0, '2020-08-27 13:08:05'),
(174, 'Sudan', NULL, 1, 1, '2020-08-27 13:08:05', 0, '2020-08-27 13:08:05'),
(175, 'Suriname', NULL, 1, 1, '2020-08-27 13:08:05', 0, '2020-08-27 13:08:05'),
(176, 'Swaziland', NULL, 1, 1, '2020-08-27 13:08:05', 0, '2020-08-27 13:08:05'),
(177, 'Sweden', NULL, 1, 1, '2020-08-27 13:08:05', 0, '2020-08-27 13:08:05'),
(178, 'Switzerland', NULL, 1, 1, '2020-08-27 13:08:05', 0, '2020-08-27 13:08:05'),
(179, 'Syria', NULL, 1, 1, '2020-08-27 13:08:05', 0, '2020-08-27 13:08:05'),
(180, 'São Tomé and Príncipe', NULL, 1, 1, '2020-08-27 13:08:05', 0, '2020-08-27 13:08:05'),
(181, 'Taiwan', NULL, 1, 1, '2020-08-27 13:08:05', 0, '2020-08-27 13:08:05'),
(182, 'Tajikistan', NULL, 1, 1, '2020-08-27 13:08:05', 0, '2020-08-27 13:08:05'),
(183, 'Tanzania', NULL, 1, 1, '2020-08-27 13:08:05', 0, '2020-08-27 13:08:05'),
(184, 'Thailand', NULL, 1, 1, '2020-08-27 13:08:05', 0, '2020-08-27 13:08:05'),
(185, 'Timor-Leste / East Timor', NULL, 1, 1, '2020-08-27 13:08:05', 0, '2020-08-27 13:08:05'),
(186, 'Togo', NULL, 1, 1, '2020-08-27 13:08:05', 0, '2020-08-27 13:08:05'),
(187, 'Tonga', NULL, 1, 1, '2020-08-27 13:08:05', 0, '2020-08-27 13:08:05'),
(188, 'Trinidad and Tobago', NULL, 1, 1, '2020-08-27 13:08:05', 0, '2020-08-27 13:08:05'),
(189, 'Tunisia', NULL, 1, 1, '2020-08-27 13:08:05', 0, '2020-08-27 13:08:05'),
(190, 'Turkey', NULL, 1, 1, '2020-08-27 13:08:05', 0, '2020-08-27 13:08:05'),
(191, 'Turkmenistan', NULL, 1, 1, '2020-08-27 13:08:05', 0, '2020-08-27 13:08:05'),
(192, 'Tuvalu', NULL, 1, 1, '2020-08-27 13:08:05', 0, '2020-08-27 13:08:05'),
(193, 'Uganda', NULL, 1, 1, '2020-08-27 13:08:05', 0, '2020-08-27 13:08:05'),
(194, 'Ukraine', NULL, 1, 1, '2020-08-27 13:08:05', 0, '2020-08-27 13:08:05'),
(195, 'United Arab Emirates', NULL, 1, 1, '2020-08-27 13:08:05', 0, '2020-08-27 13:08:05'),
(196, 'United Kingdom', NULL, 1, 1, '2020-08-27 13:08:05', 0, '2020-08-27 13:08:05'),
(197, 'United States', NULL, 1, 1, '2020-08-27 13:08:05', 0, '2020-08-27 13:08:05'),
(198, 'Uruguay', NULL, 1, 1, '2020-08-27 13:08:05', 0, '2020-08-27 13:08:05'),
(199, 'Uzbekistan', NULL, 1, 1, '2020-08-27 13:08:05', 0, '2020-08-27 13:08:05'),
(200, 'Vanuatu', NULL, 1, 1, '2020-08-27 13:08:05', 0, '2020-08-27 13:08:05'),
(201, 'Vatican City', NULL, 1, 1, '2020-08-27 13:08:05', 0, '2020-08-27 13:08:05'),
(202, 'Venezuela', NULL, 1, 1, '2020-08-27 13:08:05', 0, '2020-08-27 13:08:05'),
(203, 'Vietnam', NULL, 1, 1, '2020-08-27 13:08:05', 0, '2020-08-27 13:08:05'),
(204, 'Yemen', NULL, 1, 1, '2020-08-27 13:08:05', 0, '2020-08-27 13:08:05'),
(205, 'Zambia', NULL, 1, 1, '2020-08-27 13:08:05', 0, '2020-08-27 13:08:05'),
(206, 'Zimbabwe', NULL, 1, 1, '2020-08-27 13:08:05', 0, '2020-08-27 13:08:05');

-- --------------------------------------------------------

--
-- Table structure for table `course`
--

CREATE TABLE `course` (
  `id` int(20) NOT NULL,
  `name` varchar(520) DEFAULT '',
  `id_staff_coordinator` int(10) DEFAULT NULL,
  `name_in_malay` varchar(520) DEFAULT '',
  `code` varchar(50) DEFAULT '',
  `credit_hours` varchar(20) DEFAULT '',
  `id_department` int(10) DEFAULT NULL,
  `id_faculty_program` int(20) DEFAULT 0,
  `id_course_type` int(20) DEFAULT 0,
  `id_course_description` int(20) DEFAULT 0,
  `class_total_hr` int(20) DEFAULT 0,
  `class_recurrence` varchar(50) DEFAULT '',
  `class_recurrence_period` varchar(50) DEFAULT '',
  `tutorial_total_hr` int(20) DEFAULT 0,
  `tutorial_recurrence` varchar(50) DEFAULT '',
  `tutorial_recurrence_period` varchar(50) DEFAULT '',
  `lab_total_hr` int(20) DEFAULT 0,
  `lab_recurrence` varchar(50) DEFAULT '',
  `lab_recurrence_period` varchar(50) DEFAULT '',
  `exam_total_hr` int(20) DEFAULT 0,
  `status` int(2) DEFAULT NULL,
  `created_by` int(20) DEFAULT NULL,
  `created_dt_tm` datetime DEFAULT current_timestamp(),
  `updated_by` int(20) DEFAULT NULL,
  `updated_dt_tm` datetime DEFAULT current_timestamp()
) ENGINE=InnoDB DEFAULT CHARSET=latin1;

--
-- Dumping data for table `course`
--

INSERT INTO `course` (`id`, `name`, `id_staff_coordinator`, `name_in_malay`, `code`, `credit_hours`, `id_department`, `id_faculty_program`, `id_course_type`, `id_course_description`, `class_total_hr`, `class_recurrence`, `class_recurrence_period`, `tutorial_total_hr`, `tutorial_recurrence`, `tutorial_recurrence_period`, `lab_total_hr`, `lab_recurrence`, `lab_recurrence_period`, `exam_total_hr`, `status`, `created_by`, `created_dt_tm`, `updated_by`, `updated_dt_tm`) VALUES
(21, 'IT SECURITY POLICY AND STRATEGY', 0, 'IT SECURITY POLICY AND STRATEGY', 'MIT 7083', '3', 2, 7, 0, 1, 0, '', '', 0, '', '', 0, '', '', 0, 1, NULL, '2021-01-12 11:19:32', NULL, '2021-01-12 11:19:32'),
(22, 'KNOWLEDGE MANAGEMENT', 0, 'KNOWLEDGE MANAGEMENT', 'MIT 7093', '3', 2, 7, 0, 1, 0, '', '', 0, '', '', 0, '', '', 0, 1, NULL, '2021-01-12 11:20:19', NULL, '2021-01-12 11:20:19'),
(23, 'DATA SCIENCE', 0, 'DATA SCIENCE', 'MIT 7123', '3', 2, 7, 0, 1, 0, '', '', 0, '', '', 0, '', '', 0, 1, NULL, '2021-01-12 11:20:47', NULL, '2021-01-12 11:20:47'),
(24, 'E-COMMERCE STRATEGY AND DEVELOPMENT', 0, 'E-COMMERCE STRATEGY AND DEVELOPMENT', 'MIT 7103', '3', 2, 7, 0, 1, 0, '', '', 0, '', '', 0, '', '', 0, 1, NULL, '2021-01-12 11:21:16', NULL, '2021-01-12 11:21:16'),
(25, 'PROJECT AND CHANGE MANAGEMENT', 0, 'PROJECT AND CHANGE MANAGEMENT', 'MIT 7063', '3', 2, 7, 0, 1, 0, '', '', 0, '', '', 0, '', '', 0, 1, NULL, '2021-01-12 11:21:41', NULL, '2021-01-12 11:21:41'),
(26, 'SYSTEM DEVELOPMENT METHODOLOGIES', 0, 'SYSTEM DEVELOPMENT METHODOLOGIES', 'MIT 7043', '3', 2, 7, 0, 1, 0, '', '', 0, '', '', 0, '', '', 0, 1, NULL, '2021-01-12 11:22:10', NULL, '2021-01-12 11:22:10'),
(27, 'DATA MANAGEMENT', 0, 'DATA MANAGEMENT', 'MIT 7033', '3', 2, 7, 0, 1, 0, '', '', 0, '', '', 0, '', '', 0, 1, NULL, '2021-01-12 11:22:40', NULL, '2021-01-12 11:22:40'),
(28, 'RESEARCH METHODOLOGY FOR IT', 0, 'RESEARCH METHODOLOGY FOR IT', 'MIT 7013', '3', 2, 7, 0, 1, 0, '', '', 0, '', '', 0, '', '', 0, 1, NULL, '2021-01-12 11:23:08', NULL, '2021-01-12 11:23:08'),
(29, 'PROJECT PAPER', 0, 'PROJECT PAPER', 'MIT 7130', '9', 2, 7, 0, 1, 0, '', '', 0, '', '', 0, '', '', 0, 1, NULL, '2021-01-12 11:23:35', NULL, '2021-01-12 11:23:35'),
(30, 'BUSINESS DATA COMMUNICATION', 0, 'BUSINESS DATA COMMUNICATION', 'MIT 7053', '3', 2, 7, 0, 1, 0, '', '', 0, '', '', 0, '', '', 0, 1, NULL, '2021-01-12 11:24:17', NULL, '2021-01-12 11:24:17'),
(31, 'MOBILE COMMUNICATIONS', 0, 'MOBILE COMMUNICATIONS', 'MIT 7113', '3', 2, 7, 0, 1, 0, '', '', 0, '', '', 0, '', '', 0, 1, NULL, '2021-01-12 11:25:05', NULL, '2021-01-12 11:25:05'),
(32, 'ISLAMIC WORLDVIEW, IT AND SOCIETY', 0, 'ISLAMIC WORLDVIEW, IT AND SOCIETY', 'MIT 7023', '3', 2, 7, 0, 1, 0, '', '', 0, '', '', 0, '', '', 0, 1, NULL, '2021-01-12 11:25:45', NULL, '2021-01-12 11:25:45'),
(33, 'ORGANIZATIONAL BEHAVIOUR', 0, 'ORGANIZATIONAL BEHAVIOUR', 'MGT 7013', '3', 2, 7, 0, 1, 0, '', '', 0, '', '', 0, '', '', 0, 1, NULL, '2021-01-12 11:26:34', NULL, '2021-01-12 11:26:34'),
(34, 'STRATEGIC MANAGEMENT', 0, 'STRATEGIC MANAGEMENT', 'MGT 7033', '3', 2, 7, 0, 1, 0, '', '', 0, '', '', 0, '', '', 0, 1, NULL, '2021-01-12 11:27:00', NULL, '2021-01-12 11:27:00'),
(35, 'Elective Courses', 0, 'Elective Courses', 'ELEC', '3', 2, 7, 0, 1, 0, '', '', 0, '', '', 0, '', '', 0, 1, NULL, '2021-01-12 20:51:44', NULL, '2021-01-12 20:51:44');

-- --------------------------------------------------------

--
-- Table structure for table `courses_from_programme_landscape`
--

CREATE TABLE `courses_from_programme_landscape` (
  `id` int(20) NOT NULL,
  `id_course_registration` int(20) DEFAULT NULL,
  `id_course_programme` int(20) DEFAULT NULL,
  `status` int(2) DEFAULT 1,
  `created_by` int(20) DEFAULT NULL,
  `created_dt_tm` datetime DEFAULT current_timestamp(),
  `updated_by` int(20) DEFAULT NULL,
  `updated_dt_tm` datetime DEFAULT current_timestamp()
) ENGINE=InnoDB DEFAULT CHARSET=latin1;

-- --------------------------------------------------------

--
-- Table structure for table `course_description_setup`
--

CREATE TABLE `course_description_setup` (
  `id` int(20) NOT NULL,
  `name` varchar(520) DEFAULT '',
  `code` varchar(520) DEFAULT '',
  `name_optional_language` varchar(520) DEFAULT '',
  `status` int(2) DEFAULT NULL,
  `created_by` int(20) DEFAULT NULL,
  `created_dt_tm` datetime DEFAULT current_timestamp(),
  `updated_by` int(20) DEFAULT NULL,
  `updated_dt_tm` datetime DEFAULT current_timestamp()
) ENGINE=InnoDB DEFAULT CHARSET=latin1;

--
-- Dumping data for table `course_description_setup`
--

INSERT INTO `course_description_setup` (`id`, `name`, `code`, `name_optional_language`, `status`, `created_by`, `created_dt_tm`, `updated_by`, `updated_dt_tm`) VALUES
(1, 'Compulsary', '', '', 1, NULL, '2020-09-02 01:49:57', NULL, '2020-09-02 01:49:57'),
(2, 'Major', '', '', 1, NULL, '2020-09-02 02:16:47', NULL, '2020-09-02 02:16:47'),
(3, 'Minor', '', '', 1, NULL, '2020-09-02 02:16:58', NULL, '2020-09-02 02:16:58');

-- --------------------------------------------------------

--
-- Table structure for table `course_grade`
--

CREATE TABLE `course_grade` (
  `id` int(20) NOT NULL,
  `id_program` int(20) DEFAULT NULL,
  `id_course` int(20) DEFAULT NULL,
  `id_grade` int(20) DEFAULT NULL,
  `minmarks` varchar(120) DEFAULT '',
  `maxmarks` varchar(120) DEFAULT '',
  `result` varchar(50) DEFAULT '',
  `status` int(20) DEFAULT NULL,
  `created_by` int(20) DEFAULT NULL,
  `created_dt_tm` datetime DEFAULT current_timestamp(),
  `updated_by` int(20) DEFAULT NULL,
  `updated_dt_tm` datetime DEFAULT current_timestamp()
) ENGINE=InnoDB DEFAULT CHARSET=latin1;

--
-- Dumping data for table `course_grade`
--

INSERT INTO `course_grade` (`id`, `id_program`, `id_course`, `id_grade`, `minmarks`, `maxmarks`, `result`, `status`, `created_by`, `created_dt_tm`, `updated_by`, `updated_dt_tm`) VALUES
(1, 1, 1, 1, '80', '100', 'pass', NULL, NULL, '2020-07-11 11:25:59', NULL, '2020-07-11 11:25:59');

-- --------------------------------------------------------

--
-- Table structure for table `course_offered`
--

CREATE TABLE `course_offered` (
  `id` int(20) NOT NULL,
  `id_semester` int(20) DEFAULT 0,
  `id_faculty_program` int(20) DEFAULT 0,
  `id_course` int(20) DEFAULT 0,
  `minimum_quota` varchar(512) DEFAULT '',
  `maximum_quota` varchar(512) DEFAULT '',
  `reservation` varchar(512) DEFAULT '',
  `status` int(2) DEFAULT 1,
  `created_by` int(20) DEFAULT NULL,
  `created_dt_tm` datetime DEFAULT current_timestamp(),
  `updated_by` int(20) DEFAULT NULL,
  `updated_dt_tm` datetime DEFAULT current_timestamp()
) ENGINE=InnoDB DEFAULT CHARSET=latin1;

--
-- Dumping data for table `course_offered`
--

INSERT INTO `course_offered` (`id`, `id_semester`, `id_faculty_program`, `id_course`, `minimum_quota`, `maximum_quota`, `reservation`, `status`, `created_by`, `created_dt_tm`, `updated_by`, `updated_dt_tm`) VALUES
(1, 2, 3, 10, '', '', '', 1, 1, '2020-09-07 14:03:26', NULL, '2020-09-07 14:03:26'),
(2, 2, 3, 11, '', '', '', 1, 1, '2020-09-07 14:03:26', NULL, '2020-09-07 14:03:26'),
(3, 2, 3, 12, '', '', '', 1, 1, '2020-09-07 14:03:26', NULL, '2020-09-07 14:03:26'),
(4, 2, 3, 13, '', '', '', 1, 1, '2020-09-07 14:03:26', NULL, '2020-09-07 14:03:26'),
(5, 2, 3, 14, '', '', '', 1, 1, '2020-09-07 14:03:26', NULL, '2020-09-07 14:03:26'),
(6, 2, 3, 15, '', '', '', 1, 1, '2020-09-07 14:03:26', NULL, '2020-09-07 14:03:26'),
(7, 2, 3, 17, '', '', '', 1, 1, '2020-09-07 14:03:26', NULL, '2020-09-07 14:03:26'),
(10, 1, 6, 10, '', '', '', 1, 1, '2020-09-07 19:31:57', NULL, '2020-09-07 19:31:57'),
(11, 1, 6, 11, '', '', '', 1, 1, '2020-09-07 19:31:57', NULL, '2020-09-07 19:31:57'),
(12, 1, 6, 12, '', '', '', 1, 1, '2020-09-07 19:31:57', NULL, '2020-09-07 19:31:57'),
(13, 8, 3, 10, '2', '', '', 1, 1, '2020-11-12 21:26:58', NULL, '2020-11-12 21:26:58'),
(14, 8, 3, 11, '2', '', '', 1, 1, '2020-11-12 21:26:58', NULL, '2020-11-12 21:26:58'),
(15, 10, 1, 20, '', '', '', 1, 1, '2020-11-14 11:01:43', NULL, '2020-11-14 11:01:43');

-- --------------------------------------------------------

--
-- Table structure for table `course_register`
--

CREATE TABLE `course_register` (
  `id` bigint(20) NOT NULL,
  `id_intake` int(20) DEFAULT NULL,
  `id_education_level` int(20) DEFAULT 0,
  `id_programme` int(20) DEFAULT NULL,
  `id_program_landscape` int(20) DEFAULT 0,
  `id_student` int(20) DEFAULT NULL,
  `id_course_registered_landscape` int(20) DEFAULT 0,
  `id_course` int(20) DEFAULT 0,
  `id_semester` int(20) DEFAULT NULL,
  `status` int(20) DEFAULT 1,
  `created_by` int(20) DEFAULT 0,
  `created_dt_tm` datetime DEFAULT current_timestamp(),
  `updated_by` int(20) DEFAULT 0,
  `updated_dt_tm` datetime DEFAULT current_timestamp()
) ENGINE=InnoDB DEFAULT CHARSET=latin1;

-- --------------------------------------------------------

--
-- Table structure for table `course_registration`
--

CREATE TABLE `course_registration` (
  `id` bigint(20) NOT NULL,
  `id_intake` int(20) DEFAULT NULL,
  `id_programme` int(20) DEFAULT NULL,
  `id_student` int(20) DEFAULT NULL,
  `student_current_semester` int(20) DEFAULT 0,
  `id_course_register` int(20) DEFAULT 0,
  `id_course` int(20) DEFAULT NULL,
  `id_course_registered_landscape` int(20) DEFAULT 0 COMMENT 'add_course_to_program_landscape primery_key landscape',
  `id_semester` int(20) DEFAULT 0,
  `is_exam_registered` int(20) DEFAULT 0,
  `is_result_announced` int(2) DEFAULT 0,
  `is_bulk_withdraw` int(20) DEFAULT 0,
  `by_student` int(2) DEFAULT 0,
  `total_course_marks` int(20) DEFAULT 0,
  `total_obtained_marks` int(20) DEFAULT 0,
  `total_min_pass_marks` int(20) DEFAULT 0,
  `total_result` varchar(200) DEFAULT '',
  `grade` varchar(512) DEFAULT '',
  `created_date` datetime DEFAULT current_timestamp(),
  `created_dt_tm` datetime DEFAULT current_timestamp(),
  `created_by` int(20) DEFAULT 0,
  `updated_by` int(20) DEFAULT 0,
  `status` int(5) DEFAULT 0
) ENGINE=InnoDB DEFAULT CHARSET=latin1;

-- --------------------------------------------------------

--
-- Table structure for table `course_requisite`
--

CREATE TABLE `course_requisite` (
  `id` int(20) NOT NULL,
  `id_master_course` int(10) DEFAULT NULL,
  `id_course` int(10) DEFAULT NULL,
  `requisite_type` varchar(520) DEFAULT '',
  `min_pass_grade` varchar(20) DEFAULT '',
  `min_total_credit` varchar(10) DEFAULT '',
  `status` int(2) DEFAULT NULL,
  `created_by` int(20) DEFAULT NULL,
  `created_dt_tm` datetime DEFAULT current_timestamp(),
  `updated_by` int(20) DEFAULT NULL,
  `updated_dt_tm` datetime DEFAULT current_timestamp()
) ENGINE=InnoDB DEFAULT CHARSET=latin1;

--
-- Dumping data for table `course_requisite`
--

INSERT INTO `course_requisite` (`id`, `id_master_course`, `id_course`, `requisite_type`, `min_pass_grade`, `min_total_credit`, `status`, `created_by`, `created_dt_tm`, `updated_by`, `updated_dt_tm`) VALUES
(1, 1, 3, 'Co-requisite', 'Excellent', '0', NULL, NULL, '2020-07-15 00:55:13', NULL, '2020-07-15 00:55:13'),
(2, 3, 1, 'Co-requisite', '', '0', NULL, NULL, '2020-07-30 04:30:04', NULL, '2020-07-30 04:30:04'),
(3, 6, 14, 'Co-requisite', '', '0', NULL, NULL, '2020-11-12 21:23:28', NULL, '2020-11-12 21:23:28'),
(6, 20, 0, 'Total Credit Hours', '', '95', NULL, NULL, '2020-11-14 11:43:02', NULL, '2020-11-14 11:43:02');

-- --------------------------------------------------------

--
-- Table structure for table `course_type`
--

CREATE TABLE `course_type` (
  `id` int(20) NOT NULL,
  `name` varchar(250) DEFAULT '',
  `code` varchar(50) DEFAULT '',
  `credit_hours_mandatory` int(20) DEFAULT 0,
  `ppp` int(20) DEFAULT 0,
  `project_paper` int(20) DEFAULT 0,
  `class_time_table` int(20) DEFAULT 0,
  `exam_time_table` int(20) DEFAULT 0,
  `articleship` int(20) DEFAULT 0,
  `status` int(2) DEFAULT NULL,
  `created_by` int(20) DEFAULT NULL,
  `created_dt_tm` datetime DEFAULT current_timestamp(),
  `updated_by` int(20) DEFAULT NULL,
  `updated_dt_tm` datetime DEFAULT current_timestamp()
) ENGINE=InnoDB DEFAULT CHARSET=latin1;

--
-- Dumping data for table `course_type`
--

INSERT INTO `course_type` (`id`, `name`, `code`, `credit_hours_mandatory`, `ppp`, `project_paper`, `class_time_table`, `exam_time_table`, `articleship`, `status`, `created_by`, `created_dt_tm`, `updated_by`, `updated_dt_tm`) VALUES
(1, 'Coursework', 'COU', 0, 0, 0, 0, 0, 0, 1, NULL, '2020-07-15 00:43:10', NULL, '2020-07-15 00:43:10'),
(2, 'Project', 'PRO', 0, 0, 0, 0, 0, 0, 1, NULL, '2020-07-15 00:43:23', NULL, '2020-07-15 00:43:23'),
(3, 'Research', 'RES', 0, 0, 0, 0, 0, 0, 1, NULL, '2020-08-09 19:44:18', NULL, '2020-08-09 19:44:18'),
(4, 'Audit', 'AUD', 0, 1, 1, 1, 0, 0, 0, NULL, '2020-08-09 19:44:39', NULL, '2020-08-09 19:44:39'),
(5, 'PRACTICAL', 'PAT', 0, 0, 0, 0, 0, 0, 1, NULL, '2020-08-27 02:17:08', NULL, '2020-08-27 02:17:08');

-- --------------------------------------------------------

--
-- Table structure for table `course_withdraw`
--

CREATE TABLE `course_withdraw` (
  `id` int(20) NOT NULL,
  `semester_type` varchar(50) DEFAULT '',
  `effective_date_from` datetime DEFAULT current_timestamp(),
  `min_days` int(20) DEFAULT NULL,
  `max_days` int(20) DEFAULT NULL,
  `status` int(2) DEFAULT 1,
  `created_by` int(20) DEFAULT NULL,
  `created_dt_tm` datetime DEFAULT current_timestamp(),
  `updated_by` int(20) DEFAULT NULL,
  `updated_dt_tm` datetime DEFAULT current_timestamp()
) ENGINE=InnoDB DEFAULT CHARSET=latin1;

-- --------------------------------------------------------

--
-- Table structure for table `credit_hour_program_landscape_details`
--

CREATE TABLE `credit_hour_program_landscape_details` (
  `id` int(20) NOT NULL,
  `id_program_landscape` int(20) DEFAULT 0,
  `id_landscape_course_type` int(20) DEFAULT 0,
  `hours` int(20) DEFAULT 0,
  `status` int(2) DEFAULT 1,
  `created_by` int(20) DEFAULT NULL,
  `created_dt_tm` datetime DEFAULT current_timestamp(),
  `updated_by` int(20) DEFAULT NULL,
  `updated_dt_tm` datetime DEFAULT current_timestamp()
) ENGINE=InnoDB DEFAULT CHARSET=latin1;

--
-- Dumping data for table `credit_hour_program_landscape_details`
--

INSERT INTO `credit_hour_program_landscape_details` (`id`, `id_program_landscape`, `id_landscape_course_type`, `hours`, `status`, `created_by`, `created_dt_tm`, `updated_by`, `updated_dt_tm`) VALUES
(1, 27, 3, 10, 1, NULL, '2020-12-02 21:46:56', NULL, '2020-12-02 21:46:56'),
(2, 27, 5, 10, 1, NULL, '2020-12-02 21:47:00', NULL, '2020-12-02 21:47:00'),
(3, 26, 3, 15, 1, NULL, '2020-12-02 21:50:27', NULL, '2020-12-02 21:50:27'),
(4, 28, 3, 12, 1, NULL, '2020-12-09 01:40:02', NULL, '2020-12-09 01:40:02'),
(5, 29, 1, 10, 1, NULL, '2020-12-20 13:47:00', NULL, '2020-12-20 13:47:00'),
(6, 29, 2, 10, 1, NULL, '2020-12-20 13:47:05', NULL, '2020-12-20 13:47:05'),
(7, 30, 2, 10, 1, NULL, '2020-12-20 15:00:01', NULL, '2020-12-20 15:00:01'),
(8, 31, 3, 12, 1, NULL, '2020-12-21 22:28:50', NULL, '2020-12-21 22:28:50'),
(9, 32, 1, 10, 1, NULL, '2020-12-22 08:27:16', NULL, '2020-12-22 08:27:16'),
(10, 33, 1, 12, 1, NULL, '2020-12-22 23:33:29', NULL, '2020-12-22 23:33:29'),
(11, 33, 3, 20, 1, NULL, '2020-12-22 23:33:37', NULL, '2020-12-22 23:33:37'),
(13, 34, 4, 33, 1, NULL, '2021-01-13 20:30:38', NULL, '2021-01-13 20:30:38'),
(14, 34, 5, 42, 1, NULL, '2021-01-13 20:30:48', NULL, '2021-01-13 20:30:48');

-- --------------------------------------------------------

--
-- Table structure for table `credit_note`
--

CREATE TABLE `credit_note` (
  `id` int(20) NOT NULL,
  `type` varchar(520) DEFAULT '',
  `id_invoice` int(20) DEFAULT NULL,
  `reference_number` varchar(520) DEFAULT '',
  `id_program` int(20) DEFAULT 0,
  `id_intake` int(20) DEFAULT 0,
  `id_student` int(20) DEFAULT 0,
  `id_sponser` int(20) DEFAULT 0,
  `id_type` int(20) DEFAULT 0,
  `ratio` varchar(500) DEFAULT '',
  `amount` float(20,2) DEFAULT 0.00,
  `total_amount` float(20,2) DEFAULT 0.00,
  `description` varchar(2048) DEFAULT '',
  `status` int(2) DEFAULT NULL,
  `created_by` int(20) DEFAULT NULL,
  `created_dt_tm` datetime DEFAULT current_timestamp(),
  `updated_by` int(20) DEFAULT NULL,
  `updated_dt_tm` datetime DEFAULT current_timestamp()
) ENGINE=InnoDB DEFAULT CHARSET=latin1;

--
-- Dumping data for table `credit_note`
--

INSERT INTO `credit_note` (`id`, `type`, `id_invoice`, `reference_number`, `id_program`, `id_intake`, `id_student`, `id_sponser`, `id_type`, `ratio`, `amount`, `total_amount`, `description`, `status`, `created_by`, `created_dt_tm`, `updated_by`, `updated_dt_tm`) VALUES
(1, 'Applicant', 2, 'CR000001/2020', 1, 1, 2, 0, 0, 'Amount', 10.00, 100.00, '10 MYR Returned', 1, NULL, '2020-08-09 14:51:55', NULL, '2020-08-09 14:51:55'),
(2, 'Sponsor', 9, 'CR000002/2020', 0, 0, 5, 1, 0, 'Amount', 10.00, 100.00, '', 1, NULL, '2020-08-09 14:54:06', NULL, '2020-08-09 14:54:06'),
(3, 'Sponsor', 11, 'CR000003/2020', 0, 0, 6, 1, 1, 'Amount', 10.00, 100.00, 'Extra Amount Rapayment', 1, NULL, '2020-08-10 13:29:02', NULL, '2020-08-10 13:29:02'),
(4, 'Student', 13, 'CR000004/2020', 1, 1, 7, 0, 1, 'Amount', 18.00, 200.00, 'Amount Refunded', 1, NULL, '2020-08-10 14:35:09', NULL, '2020-08-10 14:35:09');

-- --------------------------------------------------------

--
-- Table structure for table `credit_note_details`
--

CREATE TABLE `credit_note_details` (
  `id` int(20) NOT NULL,
  `id_credit_note` int(10) DEFAULT NULL,
  `id_main_invoice` int(20) DEFAULT 0,
  `invoice_amount` varchar(20) DEFAULT '',
  `credit_note_amount` varchar(20) DEFAULT '',
  `remarks` varchar(520) DEFAULT '',
  `status` int(2) DEFAULT NULL,
  `created_by` int(20) DEFAULT NULL,
  `created_dt_tm` datetime DEFAULT current_timestamp(),
  `updated_by` int(20) DEFAULT NULL,
  `updated_dt_tm` datetime DEFAULT current_timestamp()
) ENGINE=InnoDB DEFAULT CHARSET=latin1;

-- --------------------------------------------------------

--
-- Table structure for table `credit_note_type`
--

CREATE TABLE `credit_note_type` (
  `id` int(20) NOT NULL,
  `name` varchar(1024) DEFAULT '',
  `name_optional_language` varchar(1024) DEFAULT '',
  `code` varchar(50) DEFAULT '',
  `status` int(2) DEFAULT NULL,
  `created_by` int(20) DEFAULT NULL,
  `created_dt_tm` datetime DEFAULT current_timestamp(),
  `updated_by` int(20) DEFAULT NULL,
  `updated_dt_tm` datetime DEFAULT current_timestamp()
) ENGINE=InnoDB DEFAULT CHARSET=latin1;

--
-- Dumping data for table `credit_note_type`
--

INSERT INTO `credit_note_type` (`id`, `name`, `name_optional_language`, `code`, `status`, `created_by`, `created_dt_tm`, `updated_by`, `updated_dt_tm`) VALUES
(1, 'Fee Rapayable Amount', '', 'FRA', 1, NULL, '2020-08-10 13:28:15', NULL, '2020-08-10 13:28:15');

-- --------------------------------------------------------

--
-- Table structure for table `credit_transfer`
--

CREATE TABLE `credit_transfer` (
  `id` int(20) NOT NULL,
  `institution_type` varchar(2048) DEFAULT '',
  `application_id` varchar(200) DEFAULT '',
  `application_type` varchar(200) DEFAULT '',
  `id_semester` int(20) DEFAULT 0,
  `id_student` int(20) DEFAULT 0,
  `applied_by` varchar(200) DEFAULT '',
  `status` int(2) DEFAULT NULL,
  `reason` varchar(1024) DEFAULT '',
  `created_by` int(20) DEFAULT NULL,
  `created_dt_tm` datetime DEFAULT current_timestamp(),
  `updated_by` int(20) DEFAULT NULL,
  `updated_dt_tm` datetime DEFAULT current_timestamp()
) ENGINE=InnoDB DEFAULT CHARSET=latin1;

--
-- Dumping data for table `credit_transfer`
--

INSERT INTO `credit_transfer` (`id`, `institution_type`, `application_id`, `application_type`, `id_semester`, `id_student`, `applied_by`, `status`, `reason`, `created_by`, `created_dt_tm`, `updated_by`, `updated_dt_tm`) VALUES
(1, 'Internal', 'CT000001/2020', 'Credit Transfer', 1, 5, '', 1, '', 1, '2020-08-06 02:27:12', 1, '2020-08-06 02:27:12'),
(2, 'Internal', 'CT000002/2020', 'Credit Transfer', 1, 6, '', 0, '', 1, '2020-08-10 14:06:21', NULL, '2020-08-10 14:06:21'),
(3, 'Internal', 'CT000003/2020', 'Credit Transfer', 1, 7, '', 0, '', 1, '2020-08-10 14:32:39', NULL, '2020-08-10 14:32:39'),
(4, 'External', 'CT000004/2020', 'CREDIT EXCEMPTION', 1, 12, '', 1, '', 1, '2020-08-21 13:46:59', 1, '2020-08-21 13:46:59'),
(5, 'Internal', 'CT000005/2020', 'CREDIT TRANSFER', 2, 12, '', 1, '', 1, '2020-08-21 13:47:27', 1, '2020-08-21 13:47:27'),
(6, 'Internal', 'CT000006/2020', 'CREDIT TRANSFER', 5, 29, '', 1, '', 1, '2020-10-10 02:03:18', 1, '2020-10-10 02:03:18'),
(7, 'External', 'CT000007/2020', 'CREDIT TRANSFER', 4, 28, '', 1, '', 1, '2020-10-10 02:09:33', 1, '2020-10-10 02:09:33');

-- --------------------------------------------------------

--
-- Table structure for table `credit_transfer_details`
--

CREATE TABLE `credit_transfer_details` (
  `id` int(20) NOT NULL,
  `id_credit_transfer` int(20) DEFAULT 0,
  `id_institution` int(20) DEFAULT 0,
  `id_course` int(20) DEFAULT 0,
  `id_grade` int(20) DEFAULT 0,
  `institution_type` varchar(200) DEFAULT '',
  `subject_course` varchar(2048) DEFAULT '',
  `id_equivalent_course` int(20) DEFAULT 0,
  `credit_hours` int(20) DEFAULT 0,
  `remarks` varchar(2048) DEFAULT '',
  `processing_fee` int(20) DEFAULT 0,
  `document_upload` varchar(500) DEFAULT '',
  `status` int(2) DEFAULT NULL,
  `created_by` int(20) DEFAULT NULL,
  `created_dt_tm` datetime DEFAULT current_timestamp(),
  `updated_by` int(20) DEFAULT NULL,
  `updated_dt_tm` datetime DEFAULT current_timestamp()
) ENGINE=InnoDB DEFAULT CHARSET=latin1;

--
-- Dumping data for table `credit_transfer_details`
--

INSERT INTO `credit_transfer_details` (`id`, `id_credit_transfer`, `id_institution`, `id_course`, `id_grade`, `institution_type`, `subject_course`, `id_equivalent_course`, `credit_hours`, `remarks`, `processing_fee`, `document_upload`, `status`, `created_by`, `created_dt_tm`, `updated_by`, `updated_dt_tm`) VALUES
(7, 6, 0, 6, 1, 'Internal', '', 14, 2, 'rEMARKS', 0, '', 1, NULL, '2020-10-10 02:03:15', NULL, '2020-10-10 02:03:15'),
(8, 6, 0, 0, 1, 'Internal', '', 1, 0, 'rEMA', 0, '', 1, NULL, '2020-10-10 02:03:49', NULL, '2020-10-10 02:03:49'),
(9, 7, 0, 0, 1, 'External', 'Subject One', 1, 0, 'Remarks', 0, '', 1, NULL, '2020-10-10 02:09:30', NULL, '2020-10-10 02:09:30'),
(10, 7, 0, 0, 2, 'External', 'Subject Two', 2, 0, 'Remark 2 Subject', 0, '', NULL, NULL, '2020-10-10 02:10:00', NULL, '2020-10-10 02:10:00');

-- --------------------------------------------------------

--
-- Table structure for table `currency_rate_setup`
--

CREATE TABLE `currency_rate_setup` (
  `id` int(20) NOT NULL,
  `id_currency` int(20) DEFAULT 0,
  `exchange_rate` varchar(200) DEFAULT '',
  `min_rate` varchar(200) DEFAULT '',
  `max_rate` varchar(200) DEFAULT '',
  `effective_date` datetime DEFAULT NULL,
  `status` int(2) DEFAULT NULL,
  `created_by` int(20) DEFAULT NULL,
  `created_dt_tm` datetime DEFAULT current_timestamp(),
  `updated_by` int(20) DEFAULT NULL,
  `updated_dt_tm` datetime DEFAULT current_timestamp()
) ENGINE=InnoDB DEFAULT CHARSET=latin1;

-- --------------------------------------------------------

--
-- Table structure for table `currency_setup`
--

CREATE TABLE `currency_setup` (
  `id` int(20) NOT NULL,
  `code` varchar(2048) DEFAULT '',
  `name` varchar(2048) DEFAULT '',
  `name_optional_language` varchar(2048) DEFAULT '',
  `prefix` varchar(200) DEFAULT '',
  `suffix` varchar(200) DEFAULT '',
  `decimal_place` int(20) DEFAULT 0,
  `default` int(2) DEFAULT 0,
  `status` int(2) DEFAULT NULL,
  `created_by` int(20) DEFAULT NULL,
  `created_dt_tm` datetime DEFAULT current_timestamp(),
  `updated_by` int(20) DEFAULT NULL,
  `updated_dt_tm` datetime DEFAULT current_timestamp()
) ENGINE=InnoDB DEFAULT CHARSET=latin1;

--
-- Dumping data for table `currency_setup`
--

INSERT INTO `currency_setup` (`id`, `code`, `name`, `name_optional_language`, `prefix`, `suffix`, `decimal_place`, `default`, `status`, `created_by`, `created_dt_tm`, `updated_by`, `updated_dt_tm`) VALUES
(1, 'MYR', 'MYR', 'Ringgit Malaysia', 'MYR', 'MYR', 2, 1, 1, 1, '2020-08-09 01:58:47', NULL, '2020-08-09 01:58:47'),
(2, 'USD', 'USD ', 'US Dollar', 'USD', 'USD', 2, 0, 1, 1, '2020-08-20 09:24:33', NULL, '2020-08-20 09:24:33'),
(3, 'LKR', 'SRI LANKA RUPEE', 'SRI LANKA RUPEE', 'LKR', 'LKR', 2, 0, 1, 1, '2020-09-02 00:44:50', NULL, '2020-09-02 00:44:50');

-- --------------------------------------------------------

--
-- Table structure for table `debit_note`
--

CREATE TABLE `debit_note` (
  `id` int(20) NOT NULL,
  `type` varchar(520) DEFAULT '',
  `id_invoice` int(20) DEFAULT NULL,
  `reference_number` varchar(520) DEFAULT '',
  `id_program` int(20) DEFAULT 0,
  `id_intake` int(20) DEFAULT 0,
  `id_student` int(20) DEFAULT 0,
  `id_sponser` int(20) DEFAULT 0,
  `id_type` int(20) DEFAULT 0,
  `ratio` varchar(500) DEFAULT '',
  `amount` float(20,2) DEFAULT 0.00,
  `total_amount` float(20,2) DEFAULT 0.00,
  `description` varchar(2048) DEFAULT '',
  `status` int(2) DEFAULT NULL,
  `created_by` int(20) DEFAULT NULL,
  `created_dt_tm` datetime DEFAULT current_timestamp(),
  `updated_by` int(20) DEFAULT NULL,
  `updated_dt_tm` datetime DEFAULT current_timestamp()
) ENGINE=InnoDB DEFAULT CHARSET=latin1;

--
-- Dumping data for table `debit_note`
--

INSERT INTO `debit_note` (`id`, `type`, `id_invoice`, `reference_number`, `id_program`, `id_intake`, `id_student`, `id_sponser`, `id_type`, `ratio`, `amount`, `total_amount`, `description`, `status`, `created_by`, `created_dt_tm`, `updated_by`, `updated_dt_tm`) VALUES
(1, 'Sponsor', 11, 'DB000001/2020', 0, 0, 6, 1, 1, 'Amount', 1.00, 100.00, 'Desc', 1, NULL, '2020-08-10 13:43:07', NULL, '2020-08-10 13:43:07'),
(2, 'Student', 13, 'DB000002/2020', 1, 1, 7, 0, 1, 'Amount', 30.00, 200.00, 'Debbited', 1, NULL, '2020-08-10 14:35:55', NULL, '2020-08-10 14:35:55');

-- --------------------------------------------------------

--
-- Table structure for table `department`
--

CREATE TABLE `department` (
  `id` int(20) NOT NULL,
  `name` varchar(200) DEFAULT '',
  `code` varchar(120) DEFAULT '',
  `description` varchar(520) DEFAULT '',
  `status` int(2) DEFAULT NULL,
  `created_by` int(20) DEFAULT NULL,
  `created_dt_tm` datetime DEFAULT current_timestamp(),
  `updated_by` int(20) DEFAULT NULL,
  `updated_dt_tm` datetime DEFAULT current_timestamp()
) ENGINE=InnoDB DEFAULT CHARSET=latin1;

--
-- Dumping data for table `department`
--

INSERT INTO `department` (`id`, `name`, `code`, `description`, `status`, `created_by`, `created_dt_tm`, `updated_by`, `updated_dt_tm`) VALUES
(1, 'School of Management', 'SOM', 'School of Management', 1, NULL, '2020-07-10 23:27:51', NULL, '2020-07-10 23:27:51'),
(2, 'Finance', 'F&A', 'Accounts & Finance', 1, NULL, '2020-11-13 09:22:34', NULL, '2020-11-13 09:22:34');

-- --------------------------------------------------------

--
-- Table structure for table `department_code`
--

CREATE TABLE `department_code` (
  `id` int(20) NOT NULL,
  `name` varchar(520) DEFAULT '',
  `name_optional_language` varchar(520) DEFAULT '',
  `code` varchar(50) DEFAULT '',
  `status` int(2) DEFAULT NULL,
  `created_by` int(20) DEFAULT NULL,
  `created_dt_tm` datetime DEFAULT current_timestamp(),
  `updated_by` int(20) DEFAULT NULL,
  `updated_dt_tm` datetime DEFAULT current_timestamp()
) ENGINE=InnoDB DEFAULT CHARSET=latin1;

-- --------------------------------------------------------

--
-- Table structure for table `department_has_staff`
--

CREATE TABLE `department_has_staff` (
  `id` int(20) NOT NULL,
  `id_staff` int(20) DEFAULT 0,
  `id_department` int(20) DEFAULT 0,
  `role` varchar(1024) DEFAULT '',
  `effective_date` datetime DEFAULT NULL,
  `status` int(2) DEFAULT NULL,
  `created_by` int(20) DEFAULT NULL,
  `created_dt_tm` datetime DEFAULT current_timestamp(),
  `updated_by` int(20) DEFAULT NULL,
  `updated_dt_tm` datetime DEFAULT current_timestamp()
) ENGINE=InnoDB DEFAULT CHARSET=latin1;

--
-- Dumping data for table `department_has_staff`
--

INSERT INTO `department_has_staff` (`id`, `id_staff`, `id_department`, `role`, `effective_date`, `status`, `created_by`, `created_dt_tm`, `updated_by`, `updated_dt_tm`) VALUES
(2, 1, 1, 'DEAN', '2020-08-10 00:00:00', NULL, NULL, '2020-08-10 01:36:44', NULL, '2020-08-10 01:36:44'),
(5, 1, 2, 'DEAN', '2020-11-01 00:00:00', NULL, NULL, '2020-11-13 09:24:34', NULL, '2020-11-13 09:24:34');

-- --------------------------------------------------------

--
-- Table structure for table `discount`
--

CREATE TABLE `discount` (
  `id` bigint(20) NOT NULL,
  `id_discount_type` bigint(20) DEFAULT NULL,
  `start_date` date DEFAULT NULL,
  `end_date` date DEFAULT NULL,
  `amount_type` varchar(100) DEFAULT NULL,
  `amount` varchar(10) DEFAULT NULL,
  `id_intake` int(20) DEFAULT NULL,
  `currency` varchar(10) DEFAULT NULL,
  `status` int(2) DEFAULT 0,
  `created_by` int(20) DEFAULT NULL,
  `created_dt_tm` datetime DEFAULT current_timestamp(),
  `updated_by` int(20) DEFAULT NULL,
  `updated_dt_tm` datetime DEFAULT NULL
) ENGINE=InnoDB DEFAULT CHARSET=latin1;

--
-- Dumping data for table `discount`
--

INSERT INTO `discount` (`id`, `id_discount_type`, `start_date`, `end_date`, `amount_type`, `amount`, `id_intake`, `currency`, `status`, `created_by`, `created_dt_tm`, `updated_by`, `updated_dt_tm`) VALUES
(3, 1, '2021-01-15', '2021-01-21', '1', '10', 3, '1', 1, NULL, '2021-01-17 02:16:44', NULL, NULL),
(4, 2, '2021-01-15', '2021-01-21', '1', '10', 3, '3', 1, NULL, '2021-01-17 02:16:44', NULL, NULL);

-- --------------------------------------------------------

--
-- Table structure for table `discount_type`
--

CREATE TABLE `discount_type` (
  `id` int(20) NOT NULL,
  `name` varchar(100) DEFAULT NULL,
  `description` varchar(500) DEFAULT NULL,
  `status` int(2) DEFAULT 0,
  `created_by` int(20) DEFAULT NULL,
  `created_dt_tm` datetime DEFAULT current_timestamp(),
  `updated_by` int(20) DEFAULT NULL,
  `updated_dt_tm` datetime DEFAULT NULL
) ENGINE=InnoDB DEFAULT CHARSET=latin1;

--
-- Dumping data for table `discount_type`
--

INSERT INTO `discount_type` (`id`, `name`, `description`, `status`, `created_by`, `created_dt_tm`, `updated_by`, `updated_dt_tm`) VALUES
(1, 'Early Bird Discount', 'Pay your Registration Fees and you will be entitled to 5% discount on your Registration Fees', 1, NULL, '2021-01-17 01:44:56', NULL, NULL),
(2, 'Get Student Discount/Rebate', 'Get friends to register a programme with us and upon his/her acceptance and payment of his programme, you shall be rewarded with 5% rebate or credit to your account. Select which option you prefer:Rebate on my programme feesCredit my bank account', 1, NULL, '2021-01-17 01:44:56', NULL, NULL);

-- --------------------------------------------------------

--
-- Table structure for table `disposal_type`
--

CREATE TABLE `disposal_type` (
  `id` int(20) NOT NULL,
  `name` varchar(580) DEFAULT '',
  `code` varchar(50) DEFAULT '',
  `status` int(2) DEFAULT NULL,
  `created_by` int(20) DEFAULT NULL,
  `created_dt_tm` datetime DEFAULT current_timestamp(),
  `updated_by` int(20) DEFAULT NULL,
  `updated_dt_tm` datetime DEFAULT current_timestamp()
) ENGINE=InnoDB DEFAULT CHARSET=latin1;

-- --------------------------------------------------------

--
-- Table structure for table `documents`
--

CREATE TABLE `documents` (
  `id` int(20) NOT NULL,
  `name` varchar(520) DEFAULT '',
  `description` varchar(500) DEFAULT '',
  `code` varchar(50) DEFAULT '',
  `id_programme` int(20) DEFAULT NULL,
  `file_format` varchar(1024) DEFAULT '',
  `status` int(2) DEFAULT NULL,
  `created_by` int(20) DEFAULT NULL,
  `created_dt_tm` datetime DEFAULT current_timestamp(),
  `updated_by` int(20) DEFAULT NULL,
  `updated_dt_tm` datetime DEFAULT current_timestamp(),
  `is_required` int(10) DEFAULT NULL,
  `file_size` varchar(20) DEFAULT NULL
) ENGINE=InnoDB DEFAULT CHARSET=latin1;

--
-- Dumping data for table `documents`
--

INSERT INTO `documents` (`id`, `name`, `description`, `code`, `id_programme`, `file_format`, `status`, `created_by`, `created_dt_tm`, `updated_by`, `updated_dt_tm`, `is_required`, `file_size`) VALUES
(1, 'Copy of NRIC or Passport', '', 'DOC_01', NULL, '1,2,3', 1, 1, '2020-07-11 00:16:40', NULL, '2020-07-11 00:16:40', 1, '3'),
(2, 'Passport Size Photo', '', 'DOC_02', NULL, '1,2,3,4', 1, 1, '2020-07-11 00:17:34', NULL, '2020-07-11 00:17:34', 1, '5'),
(3, 'Copy of Academic Transcripts', '', 'DOC_03', NULL, '1,2', 1, 1, '2020-09-13 14:25:11', NULL, '2020-09-13 14:25:11', 1, '3'),
(4, 'Copy of Scroll', '', 'DOC_04', NULL, '4', 1, 1, '2020-11-14 11:45:34', NULL, '2020-11-14 11:45:34', 1, '3');

-- --------------------------------------------------------

--
-- Table structure for table `documents_program`
--

CREATE TABLE `documents_program` (
  `id` int(20) NOT NULL,
  `id_document` int(20) DEFAULT 0,
  `description` varchar(2048) DEFAULT '',
  `status` int(2) DEFAULT NULL,
  `created_by` int(20) DEFAULT NULL,
  `created_dt_tm` datetime DEFAULT current_timestamp(),
  `updated_by` int(20) DEFAULT NULL,
  `updated_dt_tm` datetime DEFAULT current_timestamp()
) ENGINE=InnoDB DEFAULT CHARSET=latin1;

--
-- Dumping data for table `documents_program`
--

INSERT INTO `documents_program` (`id`, `id_document`, `description`, `status`, `created_by`, `created_dt_tm`, `updated_by`, `updated_dt_tm`) VALUES
(1, 1, 'English', 1, 1, '2020-07-11 00:18:03', NULL, '2020-07-11 00:18:03');

-- --------------------------------------------------------

--
-- Table structure for table `documents_program_details`
--

CREATE TABLE `documents_program_details` (
  `id` int(20) NOT NULL,
  `id_documents_program` int(20) DEFAULT 0,
  `id_document` int(20) DEFAULT 0,
  `id_program` int(20) DEFAULT 0,
  `status` int(2) DEFAULT NULL,
  `created_by` int(20) DEFAULT NULL,
  `created_dt_tm` datetime DEFAULT current_timestamp(),
  `updated_by` int(20) DEFAULT NULL,
  `updated_dt_tm` datetime DEFAULT current_timestamp()
) ENGINE=InnoDB DEFAULT CHARSET=latin1;

--
-- Dumping data for table `documents_program_details`
--

INSERT INTO `documents_program_details` (`id`, `id_documents_program`, `id_document`, `id_program`, `status`, `created_by`, `created_dt_tm`, `updated_by`, `updated_dt_tm`) VALUES
(4, 0, 2, 3, NULL, NULL, '2020-08-22 23:44:26', NULL, '2020-08-22 23:44:26'),
(5, 0, 1, 4, NULL, NULL, '2020-09-13 14:24:20', NULL, '2020-09-13 14:24:20'),
(6, 0, 1, 3, NULL, NULL, '2020-09-13 14:24:25', NULL, '2020-09-13 14:24:25'),
(7, 0, 3, 4, NULL, NULL, '2020-09-13 14:25:27', NULL, '2020-09-13 14:25:27'),
(8, 0, 1, 5, NULL, NULL, '2020-10-28 00:33:06', NULL, '2020-10-28 00:33:06'),
(9, 0, 3, 6, NULL, NULL, '2020-11-08 10:04:56', NULL, '2020-11-08 10:04:56'),
(10, 0, 1, 6, NULL, NULL, '2020-11-08 10:05:06', NULL, '2020-11-08 10:05:06'),
(11, 0, 4, 7, NULL, NULL, '2020-11-14 11:47:34', NULL, '2020-11-14 11:47:34'),
(12, 0, 1, 8, NULL, NULL, '2020-12-10 00:28:18', NULL, '2020-12-10 00:28:18'),
(13, 0, 1, 10, NULL, NULL, '2021-01-12 22:08:09', NULL, '2021-01-12 22:08:09'),
(14, 0, 3, 10, NULL, NULL, '2021-01-12 22:08:20', NULL, '2021-01-12 22:08:20'),
(15, 0, 3, 11, NULL, NULL, '2021-01-14 23:59:13', NULL, '2021-01-14 23:59:13'),
(16, 0, 1, 11, NULL, NULL, '2021-01-14 23:59:30', NULL, '2021-01-14 23:59:30'),
(17, 0, 4, 10, NULL, NULL, '2021-01-14 23:59:41', NULL, '2021-01-14 23:59:41'),
(18, 0, 4, 11, NULL, NULL, '2021-01-14 23:59:45', NULL, '2021-01-14 23:59:45'),
(19, 0, 2, 10, NULL, NULL, '2021-01-14 23:59:54', NULL, '2021-01-14 23:59:54'),
(20, 0, 2, 11, NULL, NULL, '2021-01-14 23:59:58', NULL, '2021-01-14 23:59:58');

-- --------------------------------------------------------

--
-- Table structure for table `document_checklist`
--

CREATE TABLE `document_checklist` (
  `id` int(20) NOT NULL,
  `document_name` varchar(520) DEFAULT '',
  `id_category` int(20) DEFAULT NULL,
  `mandetory` varchar(50) DEFAULT '',
  `id_program` int(20) DEFAULT NULL,
  `status` int(20) DEFAULT NULL,
  `created_by` int(20) DEFAULT NULL,
  `created_dt_tm` datetime DEFAULT current_timestamp(),
  `updated_by` int(20) DEFAULT NULL,
  `updated_dt_tm` datetime DEFAULT current_timestamp()
) ENGINE=InnoDB DEFAULT CHARSET=latin1;

-- --------------------------------------------------------

--
-- Table structure for table `employee_discount`
--

CREATE TABLE `employee_discount` (
  `id` int(20) NOT NULL,
  `name` varchar(520) DEFAULT '',
  `amount` varchar(520) DEFAULT '',
  `currency` varchar(200) DEFAULT '',
  `start_date` datetime DEFAULT current_timestamp(),
  `end_date` datetime DEFAULT current_timestamp(),
  `employee_status` varchar(50) DEFAULT 'Pending',
  `status` int(2) DEFAULT NULL,
  `created_by` int(20) DEFAULT NULL,
  `created_dt_tm` datetime DEFAULT current_timestamp(),
  `updated_by` int(20) DEFAULT NULL,
  `updated_dt_tm` datetime DEFAULT current_timestamp()
) ENGINE=InnoDB DEFAULT CHARSET=latin1;

--
-- Dumping data for table `employee_discount`
--

INSERT INTO `employee_discount` (`id`, `name`, `amount`, `currency`, `start_date`, `end_date`, `employee_status`, `status`, `created_by`, `created_dt_tm`, `updated_by`, `updated_dt_tm`) VALUES
(1, 'Employee Discount', '50', 'MYR', '2020-11-07 00:00:00', '2020-11-07 00:00:00', 'Pending', 1, NULL, '2020-07-11 00:39:46', NULL, '2020-07-11 00:39:46'),
(2, 'Name', '10', 'USD', '2020-08-01 00:00:00', '2020-08-31 00:00:00', 'Pending', 1, NULL, '2020-08-20 04:32:58', NULL, '2020-08-20 04:32:58');

-- --------------------------------------------------------

--
-- Table structure for table `employment_status`
--

CREATE TABLE `employment_status` (
  `id` int(20) NOT NULL,
  `id_student` int(10) DEFAULT NULL,
  `company_name` varchar(120) DEFAULT '',
  `company_address` varchar(120) DEFAULT '',
  `telephone` varchar(120) DEFAULT '',
  `fax_num` varchar(120) DEFAULT '',
  `designation` varchar(120) DEFAULT '',
  `position` varchar(120) DEFAULT '',
  `service_year` varchar(120) DEFAULT '',
  `industry` varchar(120) DEFAULT '',
  `job_desc` varchar(520) DEFAULT '',
  `employment_letter` varchar(520) DEFAULT '',
  `status` int(20) DEFAULT NULL,
  `created_by` int(20) DEFAULT NULL,
  `created_dt_tm` datetime DEFAULT current_timestamp(),
  `updated_by` int(20) DEFAULT NULL,
  `updated_dt_tm` datetime DEFAULT current_timestamp()
) ENGINE=InnoDB DEFAULT CHARSET=latin1;

--
-- Dumping data for table `employment_status`
--

INSERT INTO `employment_status` (`id`, `id_student`, `company_name`, `company_address`, `telephone`, `fax_num`, `designation`, `position`, `service_year`, `industry`, `job_desc`, `employment_letter`, `status`, `created_by`, `created_dt_tm`, `updated_by`, `updated_dt_tm`) VALUES
(1, 6, 'Skaya Technology', 'KL', '232323232', '323232323', 'Developer', 'Senior Executive', '2018', 'Software', 'Software Engineer', '', NULL, NULL, '2020-08-12 10:06:04', NULL, '2020-08-12 10:06:04'),
(2, 28, 'MALAYSIAN uNI Tech', 'KL', '32131', '3123213', 'Designation', 'Manager', '2', 'Automotive', 'JD Manager', '', NULL, NULL, '2020-10-10 02:18:11', NULL, '2020-10-10 02:18:11');

-- --------------------------------------------------------

--
-- Table structure for table `english_proficiency_details`
--

CREATE TABLE `english_proficiency_details` (
  `id` int(20) NOT NULL,
  `id_student` int(10) DEFAULT NULL,
  `test` varchar(120) DEFAULT '',
  `date` date DEFAULT NULL,
  `score` varchar(120) DEFAULT '',
  `file` varchar(520) DEFAULT '',
  `status` int(20) DEFAULT NULL,
  `created_by` int(20) DEFAULT NULL,
  `created_dt_tm` datetime DEFAULT current_timestamp(),
  `updated_by` int(20) DEFAULT NULL,
  `updated_dt_tm` datetime DEFAULT current_timestamp()
) ENGINE=InnoDB DEFAULT CHARSET=latin1;

--
-- Dumping data for table `english_proficiency_details`
--

INSERT INTO `english_proficiency_details` (`id`, `id_student`, `test`, `date`, `score`, `file`, `status`, `created_by`, `created_dt_tm`, `updated_by`, `updated_dt_tm`) VALUES
(1, 6, 'English Speech Test', '2020-08-07', 'English', 'scholarship_programme partner_programme.png', NULL, NULL, '2020-08-12 10:05:08', NULL, '2020-08-12 10:05:08'),
(2, 28, 'eNGLISH cLASS 2', '2018-10-01', '98', 'pdf.png', NULL, NULL, '2020-10-10 02:17:20', NULL, '2020-10-10 02:17:20'),
(3, 31, 'English Proficiency Test', '2020-11-01', '90', 'Screenshot from 2020-03-17 23-54-22.png', NULL, NULL, '2020-11-08 11:45:26', NULL, '2020-11-08 11:45:26');

-- --------------------------------------------------------

--
-- Table structure for table `entry_requirement_other_requirements`
--

CREATE TABLE `entry_requirement_other_requirements` (
  `id` int(20) NOT NULL,
  `id_requirement_entry` int(20) DEFAULT 0,
  `id_group` int(20) DEFAULT 0,
  `condition` varchar(2048) DEFAULT '',
  `type` varchar(2048) DEFAULT '',
  `result_value` varchar(2048) DEFAULT '',
  `status` int(2) DEFAULT NULL,
  `created_by` int(20) DEFAULT NULL,
  `created_dt_tm` datetime DEFAULT current_timestamp(),
  `updated_by` int(20) DEFAULT NULL,
  `updated_dt_tm` datetime DEFAULT current_timestamp()
) ENGINE=InnoDB DEFAULT CHARSET=latin1;

-- --------------------------------------------------------

--
-- Table structure for table `entry_requirement_requirements`
--

CREATE TABLE `entry_requirement_requirements` (
  `id` int(20) NOT NULL,
  `id_requirement_entry` int(20) DEFAULT 0,
  `id_group` int(20) DEFAULT 0,
  `id_qualification` int(20) DEFAULT 0,
  `id_specialization` int(20) DEFAULT 0,
  `validity` int(20) DEFAULT 0,
  `result_item` varchar(2048) DEFAULT '',
  `description` varchar(2048) DEFAULT '',
  `condition` varchar(2048) DEFAULT '',
  `result_value` varchar(2048) DEFAULT '',
  `status` int(2) DEFAULT NULL,
  `created_by` int(20) DEFAULT NULL,
  `created_dt_tm` datetime DEFAULT current_timestamp(),
  `updated_by` int(20) DEFAULT NULL,
  `updated_dt_tm` datetime DEFAULT current_timestamp()
) ENGINE=InnoDB DEFAULT CHARSET=latin1;

--
-- Dumping data for table `entry_requirement_requirements`
--

INSERT INTO `entry_requirement_requirements` (`id`, `id_requirement_entry`, `id_group`, `id_qualification`, `id_specialization`, `validity`, `result_item`, `description`, `condition`, `result_value`, `status`, `created_by`, `created_dt_tm`, `updated_by`, `updated_dt_tm`) VALUES
(2, 1, 1, 0, 0, 0, '', 'DEsc', '', '', NULL, NULL, '2020-07-19 19:58:54', NULL, '2020-07-19 19:58:54'),
(3, 2, 1, 0, 0, 0, '', 'Dess', '', '', NULL, NULL, '2020-07-19 20:00:38', NULL, '2020-07-19 20:00:38');

-- --------------------------------------------------------

--
-- Table structure for table `equipment`
--

CREATE TABLE `equipment` (
  `id` int(20) NOT NULL,
  `name` varchar(520) DEFAULT '',
  `name_in_malay` varchar(520) DEFAULT '',
  `code` varchar(50) DEFAULT '',
  `status` int(2) DEFAULT NULL,
  `created_by` int(20) DEFAULT NULL,
  `created_dt_tm` datetime DEFAULT current_timestamp(),
  `updated_by` int(20) DEFAULT NULL,
  `updated_dt_tm` datetime DEFAULT current_timestamp()
) ENGINE=InnoDB DEFAULT CHARSET=latin1;

--
-- Dumping data for table `equipment`
--

INSERT INTO `equipment` (`id`, `name`, `name_in_malay`, `code`, `status`, `created_by`, `created_dt_tm`, `updated_by`, `updated_dt_tm`) VALUES
(1, 'Laptop', 'Laptop', 'Laptop', 1, 1, '2020-09-21 14:13:37', NULL, '2020-09-21 14:13:37'),
(2, 'Projector', 'Projector', 'Projector', 1, 1, '2020-09-21 14:13:37', NULL, '2020-09-21 14:13:37');

-- --------------------------------------------------------

--
-- Table structure for table `equivalent_course`
--

CREATE TABLE `equivalent_course` (
  `id` int(20) NOT NULL,
  `id_course` int(10) DEFAULT NULL,
  `id_equivalent_course` int(10) DEFAULT NULL,
  `status` int(2) DEFAULT NULL,
  `created_by` int(20) DEFAULT NULL,
  `created_dt_tm` datetime DEFAULT current_timestamp(),
  `updated_by` int(20) DEFAULT NULL,
  `updated_dt_tm` datetime DEFAULT current_timestamp()
) ENGINE=InnoDB DEFAULT CHARSET=latin1;

--
-- Dumping data for table `equivalent_course`
--

INSERT INTO `equivalent_course` (`id`, `id_course`, `id_equivalent_course`, `status`, `created_by`, `created_dt_tm`, `updated_by`, `updated_dt_tm`) VALUES
(1, 6, NULL, 1, 1, '2020-11-12 21:29:24', NULL, '2020-11-12 21:29:24'),
(2, 20, NULL, 1, 1, '2020-11-14 11:31:22', NULL, '2020-11-14 11:31:22');

-- --------------------------------------------------------

--
-- Table structure for table `equivalent_course_details`
--

CREATE TABLE `equivalent_course_details` (
  `id` int(20) NOT NULL,
  `id_equivalent_course` int(20) DEFAULT NULL,
  `id_course` int(20) DEFAULT NULL,
  `id_session` varchar(100) DEFAULT NULL,
  `status` int(2) DEFAULT NULL,
  `created_by` int(20) DEFAULT NULL,
  `created_dt_tm` datetime DEFAULT current_timestamp(),
  `updated_by` int(20) DEFAULT NULL,
  `updated_dt_tm` datetime DEFAULT current_timestamp()
) ENGINE=InnoDB DEFAULT CHARSET=latin1;

--
-- Dumping data for table `equivalent_course_details`
--

INSERT INTO `equivalent_course_details` (`id`, `id_equivalent_course`, `id_course`, `id_session`, `status`, `created_by`, `created_dt_tm`, `updated_by`, `updated_dt_tm`) VALUES
(1, 1, 1, NULL, 1, 1, '2020-11-12 21:29:24', NULL, '2020-11-12 21:29:24'),
(2, 2, 9, NULL, 1, 1, '2020-11-14 11:31:22', NULL, '2020-11-14 11:31:22');

-- --------------------------------------------------------

--
-- Table structure for table `examination`
--

CREATE TABLE `examination` (
  `id` int(20) NOT NULL,
  `id_intake` int(20) DEFAULT 0,
  `id_programme` int(20) DEFAULT 0,
  `id_programme_landscape` int(20) DEFAULT 0,
  `id_exam_event` int(20) DEFAULT 0,
  `id_course_registered_landscape` int(20) DEFAULT 0,
  `total_capacity` int(20) DEFAULT 0,
  `status` int(2) DEFAULT NULL,
  `created_by` int(20) DEFAULT NULL,
  `created_dt_tm` datetime DEFAULT current_timestamp(),
  `updated_by` int(20) DEFAULT NULL,
  `updated_dt_tm` datetime DEFAULT current_timestamp()
) ENGINE=InnoDB DEFAULT CHARSET=latin1;

--
-- Dumping data for table `examination`
--

INSERT INTO `examination` (`id`, `id_intake`, `id_programme`, `id_programme_landscape`, `id_exam_event`, `id_course_registered_landscape`, `total_capacity`, `status`, `created_by`, `created_dt_tm`, `updated_by`, `updated_dt_tm`) VALUES
(21, 1, 6, 21, 1, 88, 120, 1, 1, '2020-11-30 02:53:22', NULL, '2020-11-30 02:53:22'),
(22, 1, 8, 28, 1, 113, 100, 1, 1, '2020-12-15 10:54:55', NULL, '2020-12-15 10:54:55'),
(23, 1, 6, 29, 1, 115, 10, 1, 1, '2020-12-25 12:42:43', NULL, '2020-12-25 12:42:43');

-- --------------------------------------------------------

--
-- Table structure for table `examination_assesment_type`
--

CREATE TABLE `examination_assesment_type` (
  `id` int(20) NOT NULL,
  `type_id` varchar(500) DEFAULT '',
  `type` varchar(500) DEFAULT '',
  `exam` varchar(500) DEFAULT '',
  `id_intake` int(20) DEFAULT 0,
  `id_semester` int(20) DEFAULT NULL,
  `order` int(50) DEFAULT 0,
  `description` varchar(5096) DEFAULT '',
  `description_optional_language` varchar(5096) DEFAULT '',
  `status` int(2) DEFAULT NULL,
  `created_by` int(20) DEFAULT NULL,
  `created_dt_tm` datetime DEFAULT current_timestamp(),
  `updated_by` int(20) DEFAULT NULL,
  `updated_dt_tm` datetime DEFAULT current_timestamp()
) ENGINE=InnoDB DEFAULT CHARSET=latin1;

--
-- Dumping data for table `examination_assesment_type`
--

INSERT INTO `examination_assesment_type` (`id`, `type_id`, `type`, `exam`, `id_intake`, `id_semester`, `order`, `description`, `description_optional_language`, `status`, `created_by`, `created_dt_tm`, `updated_by`, `updated_dt_tm`) VALUES
(1, 'Coursewori', 'Standard', 'No', 0, 1, 1, 'Coursework', 'Coursework', 1, 1, '2020-08-27 17:09:26', NULL, '2020-08-27 17:09:26'),
(2, '1', 'Standard', 'No', 5, 0, 1, 'description', '', 1, 1, '2020-11-11 09:09:55', NULL, '2020-11-11 09:09:55');

-- --------------------------------------------------------

--
-- Table structure for table `examination_components`
--

CREATE TABLE `examination_components` (
  `id` int(20) NOT NULL,
  `name` varchar(1048) DEFAULT '',
  `code` varchar(200) DEFAULT '',
  `name_optional_language` varchar(200) DEFAULT '',
  `status` int(2) DEFAULT NULL,
  `created_by` int(20) DEFAULT NULL,
  `created_dt_tm` datetime DEFAULT current_timestamp(),
  `updated_by` int(20) DEFAULT NULL,
  `updated_dt_tm` datetime DEFAULT current_timestamp()
) ENGINE=InnoDB DEFAULT CHARSET=latin1;

--
-- Dumping data for table `examination_components`
--

INSERT INTO `examination_components` (`id`, `name`, `code`, `name_optional_language`, `status`, `created_by`, `created_dt_tm`, `updated_by`, `updated_dt_tm`) VALUES
(1, 'Assignment', 'A', '', 1, NULL, '2020-08-07 09:34:56', NULL, '2020-08-07 09:34:56'),
(2, 'Workshop', 'W', '', 1, NULL, '2020-08-07 09:34:56', NULL, '2020-08-07 09:34:56'),
(3, 'Exam', 'E', '', 1, NULL, '2020-08-07 09:34:56', NULL, '2020-08-07 09:34:56');

-- --------------------------------------------------------

--
-- Table structure for table `examination_details`
--

CREATE TABLE `examination_details` (
  `id` int(20) NOT NULL,
  `id_student` int(20) DEFAULT NULL,
  `qualification_level` varchar(120) DEFAULT '',
  `degree_awarded` varchar(120) DEFAULT '',
  `specialization` varchar(120) DEFAULT '',
  `class_degree` varchar(120) DEFAULT '',
  `result` varchar(120) DEFAULT '',
  `year` varchar(20) DEFAULT '',
  `medium` varchar(120) DEFAULT '',
  `college_country` varchar(120) DEFAULT '',
  `college_name` varchar(120) DEFAULT '',
  `certificate` varchar(520) DEFAULT '',
  `transcript` varchar(520) DEFAULT '',
  `status` int(20) DEFAULT NULL,
  `created_by` int(20) DEFAULT NULL,
  `created_dt_tm` datetime DEFAULT current_timestamp(),
  `updated_by` int(20) DEFAULT NULL,
  `updated_dt_tm` datetime DEFAULT current_timestamp()
) ENGINE=InnoDB DEFAULT CHARSET=latin1;

--
-- Dumping data for table `examination_details`
--

INSERT INTO `examination_details` (`id`, `id_student`, `qualification_level`, `degree_awarded`, `specialization`, `class_degree`, `result`, `year`, `medium`, `college_country`, `college_name`, `certificate`, `transcript`, `status`, `created_by`, `created_dt_tm`, `updated_by`, `updated_dt_tm`) VALUES
(1, 6, 'PHD', 'PHD', 'Computer Science', 'Phd', 'Pass', '2019', 'Malay', 'Malaysia', 'AOE Umiversity', '', '', NULL, NULL, '2020-08-12 10:04:46', NULL, '2020-08-12 10:04:46'),
(2, 28, 'Masters', 'Master Degree', 'Science', 'Degree', 'Pass', '2020', 'Malay', 'Malaysia', 'Malaysian National University', 'Nature 1.jpg', 'scholarship.jpeg', NULL, NULL, '2020-10-10 02:16:50', NULL, '2020-10-10 02:16:50'),
(3, 31, 'Batchelors Degree', 'Batchelor in COmputer Science', 'Science', 'A', '9', '2019', 'English', 'Malaysia', 'Malaysian National Courses University', 'Screenshot from 2020-03-17 23-45-27.png', 'scholarship_programme partner_programme.png', NULL, NULL, '2020-11-08 11:45:01', NULL, '2020-11-08 11:45:01');

-- --------------------------------------------------------

--
-- Table structure for table `examiner_role`
--

CREATE TABLE `examiner_role` (
  `id` int(20) NOT NULL,
  `code` varchar(512) DEFAULT '',
  `description` varchar(10240) DEFAULT '',
  `status` int(2) DEFAULT NULL,
  `created_by` int(20) DEFAULT NULL,
  `created_dt_tm` datetime DEFAULT current_timestamp(),
  `updated_by` int(20) DEFAULT NULL,
  `updated_dt_tm` datetime DEFAULT current_timestamp()
) ENGINE=InnoDB DEFAULT CHARSET=latin1;

--
-- Dumping data for table `examiner_role`
--

INSERT INTO `examiner_role` (`id`, `code`, `description`, `status`, `created_by`, `created_dt_tm`, `updated_by`, `updated_dt_tm`) VALUES
(1, 'EXAM ADMIN', 'Examination Administrator', 1, NULL, '2020-09-04 14:02:13', NULL, '2020-09-04 14:02:13');

-- --------------------------------------------------------

--
-- Table structure for table `exam_attendence`
--

CREATE TABLE `exam_attendence` (
  `id` bigint(20) NOT NULL,
  `id_intake` int(20) DEFAULT NULL,
  `room` varchar(1024) DEFAULT '',
  `id_programme` int(20) DEFAULT NULL,
  `id_course` int(20) DEFAULT NULL,
  `id_location` int(20) DEFAULT NULL,
  `id_exam_event` int(20) DEFAULT NULL,
  `id_semester` int(20) DEFAULT NULL,
  `total` int(20) DEFAULT 0,
  `present` int(20) DEFAULT 0,
  `absent` int(20) DEFAULT 0,
  `status` int(5) DEFAULT 0,
  `created_by` int(20) DEFAULT NULL,
  `created_dt_tm` datetime DEFAULT current_timestamp(),
  `updated_by` int(20) DEFAULT NULL,
  `updated_dt_tm` datetime DEFAULT current_timestamp()
) ENGINE=InnoDB DEFAULT CHARSET=latin1;

--
-- Dumping data for table `exam_attendence`
--

INSERT INTO `exam_attendence` (`id`, `id_intake`, `room`, `id_programme`, `id_course`, `id_location`, `id_exam_event`, `id_semester`, `total`, `present`, `absent`, `status`, `created_by`, `created_dt_tm`, `updated_by`, `updated_dt_tm`) VALUES
(1, NULL, '', NULL, NULL, 1, NULL, NULL, 0, 0, 0, 1, 1, '2020-07-11 11:23:24', NULL, '2020-07-11 11:23:24');

-- --------------------------------------------------------

--
-- Table structure for table `exam_attendence_details`
--

CREATE TABLE `exam_attendence_details` (
  `id` bigint(20) NOT NULL,
  `id_exam_attendence` int(20) DEFAULT NULL,
  `id_exam_register` int(20) DEFAULT NULL,
  `id_student` int(20) DEFAULT NULL,
  `id_exam_event` int(20) DEFAULT NULL,
  `id_semester` int(20) DEFAULT NULL,
  `id_course` int(20) DEFAULT NULL,
  `status` int(5) DEFAULT 0,
  `created_by` int(20) DEFAULT NULL,
  `created_dt_tm` datetime DEFAULT current_timestamp(),
  `updated_by` int(20) DEFAULT NULL,
  `updated_dt_tm` datetime DEFAULT current_timestamp()
) ENGINE=InnoDB DEFAULT CHARSET=latin1;

--
-- Dumping data for table `exam_attendence_details`
--

INSERT INTO `exam_attendence_details` (`id`, `id_exam_attendence`, `id_exam_register`, `id_student`, `id_exam_event`, `id_semester`, `id_course`, `status`, `created_by`, `created_dt_tm`, `updated_by`, `updated_dt_tm`) VALUES
(1, 1, 1, 1, NULL, 1, NULL, 1, 1, '2020-07-11 11:23:24', NULL, '2020-07-11 11:23:24');

-- --------------------------------------------------------

--
-- Table structure for table `exam_calender`
--

CREATE TABLE `exam_calender` (
  `id` int(20) NOT NULL,
  `id_semester` int(20) DEFAULT 0,
  `activity` varchar(200) DEFAULT '0',
  `start_date` datetime DEFAULT NULL,
  `end_date` datetime DEFAULT NULL,
  `status` int(2) DEFAULT NULL,
  `created_by` int(20) DEFAULT NULL,
  `created_dt_tm` datetime DEFAULT current_timestamp(),
  `updated_by` int(20) DEFAULT NULL,
  `updated_dt_tm` datetime DEFAULT current_timestamp()
) ENGINE=InnoDB DEFAULT CHARSET=latin1;

--
-- Dumping data for table `exam_calender`
--

INSERT INTO `exam_calender` (`id`, `id_semester`, `activity`, `start_date`, `end_date`, `status`, `created_by`, `created_dt_tm`, `updated_by`, `updated_dt_tm`) VALUES
(1, 1, 'Update Exam Center', '2020-08-01 00:00:00', '2021-08-31 00:00:00', 1, 1, '2020-08-06 13:32:39', 1, '2020-08-06 13:32:39');

-- --------------------------------------------------------

--
-- Table structure for table `exam_center`
--

CREATE TABLE `exam_center` (
  `id` int(20) NOT NULL,
  `name` varchar(580) DEFAULT '',
  `id_country` int(20) DEFAULT NULL,
  `id_state` int(20) DEFAULT NULL,
  `city` varchar(250) DEFAULT '',
  `id_location` int(20) DEFAULT 0,
  `zipcode` varchar(50) DEFAULT '',
  `address` varchar(580) DEFAULT '',
  `status` int(2) DEFAULT NULL,
  `created_by` int(20) DEFAULT NULL,
  `created_dt_tm` datetime DEFAULT current_timestamp(),
  `updated_by` int(20) DEFAULT NULL,
  `updated_dt_tm` datetime DEFAULT current_timestamp()
) ENGINE=InnoDB DEFAULT CHARSET=latin1;

--
-- Dumping data for table `exam_center`
--

INSERT INTO `exam_center` (`id`, `name`, `id_country`, `id_state`, `city`, `id_location`, `zipcode`, `address`, `status`, `created_by`, `created_dt_tm`, `updated_by`, `updated_dt_tm`) VALUES
(1, 'OUM', 1, 1, 'KL', 1, '47301', 'Menara OUM, Block C, Kelana Centre Point, Jalan SS 7/19,  Petaling Jaya,', 1, 1, '2020-07-11 01:26:27', NULL, '2020-07-11 01:26:27');

-- --------------------------------------------------------

--
-- Table structure for table `exam_center_location`
--

CREATE TABLE `exam_center_location` (
  `id` int(20) NOT NULL,
  `name` varchar(250) DEFAULT '',
  `code` varchar(50) DEFAULT '',
  `status` int(2) DEFAULT NULL,
  `created_by` int(20) DEFAULT NULL,
  `created_dt_tm` datetime DEFAULT current_timestamp(),
  `updated_by` int(20) DEFAULT NULL,
  `updated_dt_tm` datetime DEFAULT current_timestamp()
) ENGINE=InnoDB DEFAULT CHARSET=latin1;

--
-- Dumping data for table `exam_center_location`
--

INSERT INTO `exam_center_location` (`id`, `name`, `code`, `status`, `created_by`, `created_dt_tm`, `updated_by`, `updated_dt_tm`) VALUES
(1, 'Kuala Lumpur', '', 1, NULL, '2020-07-11 01:25:46', NULL, '2020-07-11 01:25:46');

-- --------------------------------------------------------

--
-- Table structure for table `exam_center_to_semester`
--

CREATE TABLE `exam_center_to_semester` (
  `id` int(20) NOT NULL,
  `id_intake` int(20) DEFAULT NULL,
  `id_semester` int(20) DEFAULT NULL,
  `id_exam_center` int(20) DEFAULT NULL,
  `status` int(2) DEFAULT NULL,
  `created_by` int(20) DEFAULT NULL,
  `created_dt_tm` datetime DEFAULT current_timestamp(),
  `updated_by` int(20) DEFAULT NULL,
  `updated_dt_tm` datetime DEFAULT current_timestamp()
) ENGINE=InnoDB DEFAULT CHARSET=latin1;

-- --------------------------------------------------------

--
-- Table structure for table `exam_configuration`
--

CREATE TABLE `exam_configuration` (
  `id` int(20) NOT NULL,
  `name` varchar(120) DEFAULT '',
  `max_count` varchar(520) DEFAULT '',
  `status` int(2) DEFAULT NULL,
  `created_by` int(20) DEFAULT NULL,
  `created_dt_tm` datetime DEFAULT current_timestamp(),
  `updated_by` int(20) DEFAULT NULL,
  `updated_dt_tm` datetime DEFAULT current_timestamp()
) ENGINE=InnoDB DEFAULT CHARSET=latin1;

--
-- Dumping data for table `exam_configuration`
--

INSERT INTO `exam_configuration` (`id`, `name`, `max_count`, `status`, `created_by`, `created_dt_tm`, `updated_by`, `updated_dt_tm`) VALUES
(1, 'Highest', '2', 1, 1, '2020-08-14 14:54:34', NULL, '2020-08-14 14:54:34');

-- --------------------------------------------------------

--
-- Table structure for table `exam_event`
--

CREATE TABLE `exam_event` (
  `id` int(20) NOT NULL,
  `id_location` int(20) DEFAULT 0,
  `id_exam_center` int(20) DEFAULT 0,
  `max_count` int(20) DEFAULT 0,
  `name` varchar(250) DEFAULT '',
  `type` varchar(250) DEFAULT '',
  `code` varchar(50) DEFAULT '',
  `from_dt` datetime DEFAULT current_timestamp(),
  `to_dt` datetime DEFAULT current_timestamp(),
  `from_tm` varchar(50) DEFAULT '',
  `to_tm` varchar(50) DEFAULT '',
  `status` int(2) DEFAULT NULL,
  `created_by` int(20) DEFAULT NULL,
  `created_dt_tm` datetime DEFAULT current_timestamp(),
  `updated_by` int(20) DEFAULT NULL,
  `updated_dt_tm` datetime DEFAULT current_timestamp()
) ENGINE=InnoDB DEFAULT CHARSET=latin1;

--
-- Dumping data for table `exam_event`
--

INSERT INTO `exam_event` (`id`, `id_location`, `id_exam_center`, `max_count`, `name`, `type`, `code`, `from_dt`, `to_dt`, `from_tm`, `to_tm`, `status`, `created_by`, `created_dt_tm`, `updated_by`, `updated_dt_tm`) VALUES
(1, 1, 1, 10, 'Examination Online', 'Exam', '', '2020-07-11 00:00:00', '2020-07-11 01:27:07', '9:58 pm', '9:57 pm', 1, 1, '2020-07-11 01:27:07', NULL, '2020-07-11 01:27:07');

-- --------------------------------------------------------

--
-- Table structure for table `exam_register`
--

CREATE TABLE `exam_register` (
  `id` bigint(20) NOT NULL,
  `id_intake` int(20) DEFAULT NULL,
  `id_programme` int(20) DEFAULT NULL,
  `id_student` int(20) DEFAULT NULL,
  `is_marks_entered` int(2) DEFAULT 0,
  `is_attended` int(2) DEFAULT 0,
  `id_course` int(20) DEFAULT NULL,
  `id_location` int(20) DEFAULT 0,
  `id_semester` int(20) DEFAULT NULL,
  `status` int(5) DEFAULT 0,
  `created_by` int(20) DEFAULT NULL,
  `created_dt_tm` datetime DEFAULT current_timestamp(),
  `updated_by` int(20) DEFAULT NULL,
  `updated_dt_tm` datetime DEFAULT current_timestamp()
) ENGINE=InnoDB DEFAULT CHARSET=latin1;

-- --------------------------------------------------------

--
-- Table structure for table `exam_registration`
--

CREATE TABLE `exam_registration` (
  `id` bigint(20) NOT NULL,
  `id_exam` int(20) DEFAULT 0,
  `id_intake` int(20) DEFAULT NULL,
  `id_programme` int(20) DEFAULT NULL,
  `id_location` int(20) DEFAULT 0,
  `id_student` int(20) DEFAULT NULL,
  `id_course` int(20) DEFAULT NULL,
  `is_bulk_withdraw` int(20) DEFAULT 0,
  `id_course_registered_landscape` int(20) DEFAULT 0,
  `id_course_registered` int(20) DEFAULT 0,
  `is_semester_result` int(20) DEFAULT 0,
  `created_date` datetime DEFAULT current_timestamp(),
  `created_by` int(20) DEFAULT NULL,
  `status` int(5) DEFAULT 0,
  `id_exam_center` int(20) DEFAULT NULL,
  `id_semester` int(20) DEFAULT NULL,
  `total_capacity` int(20) DEFAULT 0,
  `created_dt_tm` datetime DEFAULT current_timestamp(),
  `updated_by` int(20) DEFAULT 0,
  `updated_dt_tm` datetime DEFAULT NULL,
  `id_exam_event` int(20) DEFAULT 0
) ENGINE=InnoDB DEFAULT CHARSET=latin1;

--
-- Dumping data for table `exam_registration`
--

INSERT INTO `exam_registration` (`id`, `id_exam`, `id_intake`, `id_programme`, `id_location`, `id_student`, `id_course`, `is_bulk_withdraw`, `id_course_registered_landscape`, `id_course_registered`, `is_semester_result`, `created_date`, `created_by`, `status`, `id_exam_center`, `id_semester`, `total_capacity`, `created_dt_tm`, `updated_by`, `updated_dt_tm`, `id_exam_event`) VALUES
(30, 19, 1, 6, 0, 31, 10, 0, 89, 74, 0, '2020-11-12 11:04:28', 1, 0, NULL, NULL, 10, '2020-11-12 11:04:28', 0, NULL, 1),
(31, 19, 1, 6, 0, 33, 10, 0, 89, 76, 0, '2020-11-12 11:04:52', 1, 0, NULL, NULL, 10, '2020-11-12 11:04:52', 0, NULL, 1),
(32, 20, 1, 6, 0, 31, 6, 0, 87, 73, 0, '2020-11-30 02:33:01', 1, 0, NULL, NULL, 10, '2020-11-30 02:33:01', 0, NULL, 1),
(33, 21, 1, 6, 0, 35, 14, 0, 88, 78, 0, '2020-11-30 02:53:35', 1, 0, NULL, NULL, 120, '2020-11-30 02:53:35', 0, NULL, 1),
(34, 22, 1, 8, 0, 51, 10, 0, 113, 85, 0, '2020-12-15 11:14:34', 1, 0, NULL, NULL, 100, '2020-12-15 11:14:34', 0, NULL, 1),
(35, 23, 1, 6, 0, 71, 4, 0, 115, 102, 0, '2020-12-25 12:43:33', 1, 0, NULL, NULL, 10, '2020-12-25 12:43:33', 0, NULL, 1);

-- --------------------------------------------------------

--
-- Table structure for table `facility_building_registration`
--

CREATE TABLE `facility_building_registration` (
  `id` int(20) NOT NULL,
  `name` varchar(580) DEFAULT '',
  `code` varchar(50) DEFAULT '',
  `type` varchar(50) DEFAULT '',
  `contact_name` varchar(200) DEFAULT '0',
  `contact_number` int(20) DEFAULT 0,
  `max_capacity` int(20) DEFAULT 0,
  `address` varchar(580) DEFAULT '',
  `landmark` varchar(580) DEFAULT '',
  `city` varchar(580) DEFAULT '',
  `id_state` int(20) DEFAULT NULL,
  `id_country` int(20) DEFAULT NULL,
  `zipcode` int(10) DEFAULT NULL,
  `status` int(2) DEFAULT NULL,
  `created_by` int(20) DEFAULT NULL,
  `created_dt_tm` datetime DEFAULT current_timestamp(),
  `updated_by` int(20) DEFAULT NULL,
  `updated_dt_tm` datetime DEFAULT current_timestamp()
) ENGINE=InnoDB DEFAULT CHARSET=latin1;

--
-- Dumping data for table `facility_building_registration`
--

INSERT INTO `facility_building_registration` (`id`, `name`, `code`, `type`, `contact_name`, `contact_number`, `max_capacity`, `address`, `landmark`, `city`, `id_state`, `id_country`, `zipcode`, `status`, `created_by`, `created_dt_tm`, `updated_by`, `updated_dt_tm`) VALUES
(1, 'Building', 'one', '', '1sdasdf', 2147483647, 1001, 'address ', 'landmarkas', 'cityd', 13, 110, 123, 1, 1, '2020-07-11 12:06:58', 1, '2020-07-11 12:06:58'),
(3, 'Building ', 'two', '', 'testing', 34234, 90, 'asdres', 'neary by', 'city', 14, 110, 3434, 1, 1, '2020-09-21 12:16:42', NULL, '2020-09-21 12:16:42');

-- --------------------------------------------------------

--
-- Table structure for table `facility_room`
--

CREATE TABLE `facility_room` (
  `id` int(20) NOT NULL,
  `name` varchar(520) DEFAULT '',
  `name_optional_language` varchar(520) DEFAULT '',
  `short_code` varchar(50) DEFAULT '',
  `code` varchar(50) DEFAULT '',
  `id_facility_building_registration` int(20) DEFAULT 0,
  `id_facility_room_type` int(20) DEFAULT 0,
  `max_capacity` int(20) DEFAULT 0,
  `status` int(2) DEFAULT 1,
  `created_by` int(20) DEFAULT NULL,
  `created_dt_tm` datetime DEFAULT current_timestamp(),
  `updated_by` int(20) DEFAULT NULL,
  `updated_dt_tm` datetime DEFAULT current_timestamp(),
  `id_equipment` varchar(100) DEFAULT NULL,
  `cost` varchar(100) DEFAULT NULL,
  `cost_hour` varchar(50) DEFAULT NULL
) ENGINE=InnoDB DEFAULT CHARSET=latin1;

--
-- Dumping data for table `facility_room`
--

INSERT INTO `facility_room` (`id`, `name`, `name_optional_language`, `short_code`, `code`, `id_facility_building_registration`, `id_facility_room_type`, `max_capacity`, `status`, `created_by`, `created_dt_tm`, `updated_by`, `updated_dt_tm`, `id_equipment`, `cost`, `cost_hour`) VALUES
(2, 'asdf', '', 'erwq', 'erwq', 1, 1, 98, 1, 1, '2020-09-21 12:30:14', NULL, '2020-09-21 12:30:14', '0,2', '12', '10');

-- --------------------------------------------------------

--
-- Table structure for table `facility_room_type`
--

CREATE TABLE `facility_room_type` (
  `id` int(20) NOT NULL,
  `name` varchar(520) DEFAULT '',
  `name_in_malay` varchar(520) DEFAULT '',
  `code` varchar(50) DEFAULT '',
  `status` int(2) DEFAULT NULL,
  `created_by` int(20) DEFAULT NULL,
  `created_dt_tm` datetime DEFAULT current_timestamp(),
  `updated_by` int(20) DEFAULT NULL,
  `updated_dt_tm` datetime DEFAULT current_timestamp()
) ENGINE=InnoDB DEFAULT CHARSET=latin1;

--
-- Dumping data for table `facility_room_type`
--

INSERT INTO `facility_room_type` (`id`, `name`, `name_in_malay`, `code`, `status`, `created_by`, `created_dt_tm`, `updated_by`, `updated_dt_tm`) VALUES
(1, 'Training Center', 'Training Center', 'Training Center', 1, 1, '2020-07-11 12:05:32', NULL, '2020-07-11 12:05:32');

-- --------------------------------------------------------

--
-- Table structure for table `faculty_program`
--

CREATE TABLE `faculty_program` (
  `id` int(20) NOT NULL,
  `name` varchar(200) DEFAULT '',
  `code` varchar(120) DEFAULT '',
  `description` varchar(520) DEFAULT '',
  `type` varchar(200) DEFAULT '',
  `id_partner_university` int(20) DEFAULT 0,
  `status` int(2) DEFAULT NULL,
  `created_by` int(20) DEFAULT NULL,
  `created_dt_tm` datetime DEFAULT current_timestamp(),
  `updated_by` int(20) DEFAULT NULL,
  `updated_dt_tm` datetime DEFAULT current_timestamp()
) ENGINE=InnoDB DEFAULT CHARSET=latin1;

--
-- Dumping data for table `faculty_program`
--

INSERT INTO `faculty_program` (`id`, `name`, `code`, `description`, `type`, `id_partner_university`, `status`, `created_by`, `created_dt_tm`, `updated_by`, `updated_dt_tm`) VALUES
(1, 'School of Management', 'SOM', 'School of Management', '', 0, 1, NULL, '2020-07-13 09:05:46', NULL, '2020-07-13 09:05:46'),
(2, 'School of Foundation Studies', 'SOF', 'School of Foundation Studies', 'Internal', 0, 1, NULL, '2020-08-09 20:07:09', NULL, '2020-08-09 20:07:09'),
(3, 'School of Education & Cognitive Science', 'SOE', 'School of Education & Cognitive Science', '', 0, 1, NULL, '2020-08-09 20:08:01', NULL, '2020-08-09 20:08:01'),
(4, 'School of Science & Technology', 'SOS', 'School of Science & Technology', '', 0, 1, NULL, '2020-08-09 20:08:41', NULL, '2020-08-09 20:08:41'),
(5, 'School of Graduate Studies', 'SOG', 'School of Graduate Studies', '', 0, 1, NULL, '2020-08-09 20:09:18', NULL, '2020-08-09 20:09:18'),
(6, 'School of Arts & Humanities & Social Sciences', 'SOA', 'School of Arts & Humanities & Social Sciences', 'External', 4, 1, NULL, '2020-08-09 20:10:15', NULL, '2020-08-09 20:10:15'),
(7, 'General', 'GEN', 'General', 'Internal', 4, 1, NULL, '2020-11-25 21:40:10', NULL, '2020-11-25 21:40:10');

-- --------------------------------------------------------

--
-- Table structure for table `faculty_program_has_staff`
--

CREATE TABLE `faculty_program_has_staff` (
  `id` int(20) NOT NULL,
  `id_faculty_program` int(20) DEFAULT 0,
  `id_staff` int(20) DEFAULT 0,
  `role` varchar(1024) DEFAULT '',
  `effective_date` datetime DEFAULT NULL,
  `status` int(2) DEFAULT NULL,
  `created_by` int(20) DEFAULT NULL,
  `created_dt_tm` datetime DEFAULT current_timestamp(),
  `updated_by` int(20) DEFAULT NULL,
  `updated_dt_tm` datetime DEFAULT current_timestamp()
) ENGINE=InnoDB DEFAULT CHARSET=latin1;

--
-- Dumping data for table `faculty_program_has_staff`
--

INSERT INTO `faculty_program_has_staff` (`id`, `id_faculty_program`, `id_staff`, `role`, `effective_date`, `status`, `created_by`, `created_dt_tm`, `updated_by`, `updated_dt_tm`) VALUES
(2, 6, 1, 'DEAN', '2020-08-15 00:00:00', NULL, NULL, '2020-08-14 03:06:01', NULL, '2020-08-14 03:06:01');

-- --------------------------------------------------------

--
-- Table structure for table `fee_category`
--

CREATE TABLE `fee_category` (
  `id` int(20) NOT NULL,
  `code` varchar(520) DEFAULT '',
  `name` varchar(520) DEFAULT '',
  `name_optional_language` varchar(520) DEFAULT '',
  `fee_group` varchar(200) DEFAULT '',
  `sequence` int(2) DEFAULT 0,
  `status` int(2) DEFAULT NULL,
  `created_by` int(20) DEFAULT NULL,
  `created_dt_tm` datetime DEFAULT current_timestamp(),
  `updated_by` int(20) DEFAULT NULL,
  `updated_dt_tm` datetime DEFAULT current_timestamp()
) ENGINE=InnoDB DEFAULT CHARSET=latin1;

--
-- Dumping data for table `fee_category`
--

INSERT INTO `fee_category` (`id`, `code`, `name`, `name_optional_language`, `fee_group`, `sequence`, `status`, `created_by`, `created_dt_tm`, `updated_by`, `updated_dt_tm`) VALUES
(1, 'TUTFEE', 'Tuition Fee', 'Tuition Fee', 'Statement Of Account', 1, 1, NULL, '2020-07-11 00:20:37', NULL, '2020-07-11 00:20:37'),
(2, 'MISC FEE', 'Miscellaneous Fee', 'MISC FEE', 'Statement Of Account', 2, 1, NULL, '2020-07-11 00:21:07', NULL, '2020-07-11 00:21:07');

-- --------------------------------------------------------

--
-- Table structure for table `fee_setup`
--

CREATE TABLE `fee_setup` (
  `id` int(20) NOT NULL,
  `code` varchar(50) DEFAULT '',
  `name` varchar(520) DEFAULT '',
  `name_optional_language` varchar(520) DEFAULT '',
  `id_fee_category` int(10) DEFAULT NULL,
  `id_amount_calculation_type` int(10) DEFAULT NULL,
  `id_frequency_mode` int(10) DEFAULT NULL,
  `account_code` varchar(50) DEFAULT '',
  `is_refundable` int(2) DEFAULT 0,
  `is_non_invoice` int(2) DEFAULT NULL,
  `is_gst` int(2) DEFAULT NULL,
  `gst_tax` varchar(50) DEFAULT '',
  `effective_date` datetime DEFAULT current_timestamp(),
  `status` int(2) DEFAULT NULL,
  `created_by` int(20) DEFAULT NULL,
  `created_dt_tm` datetime DEFAULT current_timestamp(),
  `updated_by` int(20) DEFAULT NULL,
  `updated_dt_tm` datetime DEFAULT current_timestamp()
) ENGINE=InnoDB DEFAULT CHARSET=latin1;

--
-- Dumping data for table `fee_setup`
--

INSERT INTO `fee_setup` (`id`, `code`, `name`, `name_optional_language`, `id_fee_category`, `id_amount_calculation_type`, `id_frequency_mode`, `account_code`, `is_refundable`, `is_non_invoice`, `is_gst`, `gst_tax`, `effective_date`, `status`, `created_by`, `created_dt_tm`, `updated_by`, `updated_dt_tm`) VALUES
(6, 'AF', 'Assessment Fee ', 'AF', 1, 3, 3, '4003', 0, 0, 0, '0', '2020-08-01 00:00:00', 1, NULL, '2020-08-20 06:31:16', NULL, '2020-08-20 06:31:16'),
(7, 'TAF', 'Recurring Semester Fee', 'Recurring Semester Fee', 1, 1, 3, '4004', 0, 0, 0, '123', '2020-08-01 00:00:00', 1, NULL, '2020-08-20 06:31:44', NULL, '2020-08-20 06:31:44'),
(8, 'REG', 'Registration Fee', 'Registration Fee', 1, 4, 5, '4003', 0, 0, 0, '0', '2020-08-01 00:00:00', 1, NULL, '2020-08-20 06:32:07', NULL, '2020-08-20 06:32:07'),
(9, 'TUT', 'Tuition Fee', 'Tuition Fee ', 1, 2, 7, '4001', 0, 0, 0, '0', '2020-08-20 00:00:00', 1, NULL, '2020-08-20 10:55:32', NULL, '2020-08-20 10:55:32'),
(10, 'IF', 'Installment Fee', 'Installment Fee', 1, 4, 6, '4002', 0, 0, 0, '10', '2020-08-23 00:00:00', 1, NULL, '2020-08-22 21:57:11', NULL, '2020-08-22 21:57:11'),
(11, 'PROG', 'PROGRAMME FEE', 'PROGRAMME FEE', 1, 1, 3, '4001', 0, 0, 0, '0', '2020-09-01 00:00:00', 1, NULL, '2020-09-02 00:40:48', NULL, '2020-09-02 00:40:48'),
(12, 'OMC', 'Online Material Fees', 'Online Material Fees', 2, 5, 5, '4002', 0, 0, 0, '123', '2020-01-01 00:00:00', 1, NULL, '2020-12-18 07:42:00', NULL, '2020-12-18 07:42:00'),
(13, 'SEM', 'Semester Fees', 'Semester Fee', 2, 6, 7, '4004', 0, 0, 0, '0', '2020-01-01 00:00:00', 1, NULL, '2020-12-18 07:46:22', NULL, '2020-12-18 07:46:22');

-- --------------------------------------------------------

--
-- Table structure for table `fee_structure`
--

CREATE TABLE `fee_structure` (
  `id` int(20) NOT NULL,
  `id_programme` int(20) DEFAULT NULL,
  `id_aggrement` int(20) DEFAULT 0,
  `id_partner_university` int(20) DEFAULT 0,
  `id_intake` int(20) DEFAULT NULL,
  `id_program_scheme` int(20) DEFAULT 0,
  `id_program_landscape` int(20) DEFAULT 0 COMMENT 'its a id_fee_structure_master After Flow Change',
  `id_training_center` int(20) DEFAULT 0,
  `is_installment` int(20) DEFAULT 0,
  `installments` int(20) DEFAULT 0,
  `currency` varchar(200) DEFAULT '',
  `id_fee_item` int(20) DEFAULT NULL,
  `id_fee_structure_trigger` int(20) DEFAULT 0,
  `id_frequency_mode` int(20) DEFAULT NULL,
  `amount` float(20,2) DEFAULT NULL,
  `status` int(2) DEFAULT 1,
  `created_by` int(20) DEFAULT NULL,
  `created_dt_tm` datetime DEFAULT current_timestamp(),
  `updated_by` int(20) DEFAULT NULL,
  `updated_dt_tm` datetime DEFAULT current_timestamp()
) ENGINE=InnoDB DEFAULT CHARSET=latin1;

--
-- Dumping data for table `fee_structure`
--

INSERT INTO `fee_structure` (`id`, `id_programme`, `id_aggrement`, `id_partner_university`, `id_intake`, `id_program_scheme`, `id_program_landscape`, `id_training_center`, `is_installment`, `installments`, `currency`, `id_fee_item`, `id_fee_structure_trigger`, `id_frequency_mode`, `amount`, `status`, `created_by`, `created_dt_tm`, `updated_by`, `updated_dt_tm`) VALUES
(256, 10, 13, 0, 3, 0, 23, 9, 0, 0, '2', 6, 1, NULL, 1900.00, 1, NULL, '2021-01-13 03:11:34', NULL, '2021-01-13 03:11:34'),
(257, 10, 13, 0, 3, 0, 23, 9, 0, 0, '2', 6, 2, NULL, 200.00, 1, NULL, '2021-01-13 03:11:56', NULL, '2021-01-13 03:11:56'),
(258, 10, 13, 0, 3, 0, 23, 9, 1, 3, '2', 0, 0, NULL, 0.00, 1, NULL, '2021-01-13 03:12:10', NULL, '2021-01-13 03:12:10'),
(259, 10, 0, 0, 3, 1, 23, 1, 0, 0, 'MYR', 8, 1, NULL, 590.00, 1, NULL, '2021-01-13 19:25:11', NULL, '2021-01-13 19:25:11'),
(260, 10, 0, 0, 3, 1, 23, 1, 0, 0, 'MYR', 9, 2, NULL, 350.00, 1, NULL, '2021-01-13 19:25:45', NULL, '2021-01-13 19:25:45'),
(262, 10, 0, 0, 3, 1, 23, 1, 0, 0, 'MYR', 13, 3, NULL, 215.00, 1, NULL, '2021-01-13 19:27:09', NULL, '2021-01-13 19:27:09'),
(263, 10, 0, 0, 3, 1, 23, 1, 0, 0, 'USD', 8, 1, NULL, 590.00, 1, NULL, '2021-01-13 19:30:47', NULL, '2021-01-13 19:30:47'),
(264, 10, 0, 0, 3, 1, 23, 1, 0, 0, 'USD', 9, 2, NULL, 455.00, 1, NULL, '2021-01-13 19:31:17', NULL, '2021-01-13 19:31:17'),
(265, 10, 0, 0, 3, 1, 23, 1, 0, 0, 'USD', 13, 3, NULL, 215.00, 1, NULL, '2021-01-13 19:31:40', NULL, '2021-01-13 19:31:40'),
(266, 10, 0, 0, 3, 3, 25, 1, 0, 0, 'MYR', 12, 1, NULL, 120.00, 1, NULL, '2021-01-14 10:51:10', NULL, '2021-01-14 10:51:10'),
(267, 10, 0, 0, 3, 3, 25, 1, 0, 0, 'MYR', 7, 2, NULL, 800.00, 1, NULL, '2021-01-14 10:51:33', NULL, '2021-01-14 10:51:33'),
(268, 10, 0, 0, 3, 3, 25, 1, 0, 0, 'USD', 10, 1, NULL, 220.00, 1, NULL, '2021-01-14 10:51:55', NULL, '2021-01-14 10:51:55'),
(269, 10, 0, 0, 3, 3, 25, 1, 0, 0, 'USD', 13, 2, NULL, 380.00, 1, NULL, '2021-01-14 10:52:18', NULL, '2021-01-14 10:52:18'),
(270, 10, 0, 0, 3, 3, 25, 1, 0, 0, 'MYR', 9, 3, NULL, 410.00, 1, NULL, '2021-01-14 10:52:34', NULL, '2021-01-14 10:52:34'),
(271, 10, 0, 0, 3, 3, 25, 1, 0, 0, 'USD', 7, 3, NULL, 508.00, 1, NULL, '2021-01-14 10:52:54', NULL, '2021-01-14 10:52:54');

-- --------------------------------------------------------

--
-- Table structure for table `fee_structure_activity`
--

CREATE TABLE `fee_structure_activity` (
  `id` int(20) NOT NULL,
  `id_program` int(20) DEFAULT 0,
  `id_activity` int(20) DEFAULT 0,
  `id_fee_setup` int(20) DEFAULT 0,
  `trigger` varchar(1024) DEFAULT '',
  `performa` int(2) DEFAULT NULL,
  `amount_local` float(20,2) DEFAULT 0.00,
  `amount_international` float(20,2) DEFAULT 0.00,
  `status` int(2) DEFAULT NULL,
  `created_by` int(20) DEFAULT NULL,
  `created_dt_tm` datetime DEFAULT current_timestamp(),
  `updated_by` int(20) DEFAULT NULL,
  `updated_dt_tm` datetime DEFAULT current_timestamp()
) ENGINE=InnoDB DEFAULT CHARSET=latin1;

--
-- Dumping data for table `fee_structure_activity`
--

INSERT INTO `fee_structure_activity` (`id`, `id_program`, `id_activity`, `id_fee_setup`, `trigger`, `performa`, `amount_local`, `amount_international`, `status`, `created_by`, `created_dt_tm`, `updated_by`, `updated_dt_tm`) VALUES
(1, 1, 1, 2, 'Approval Level', 0, 170.00, 0.00, 1, NULL, '2020-08-17 14:30:46', NULL, '2020-08-17 14:30:46'),
(2, 3, 4, 6, 'Approval Level', 0, 1000.00, 280.00, 1, NULL, '2020-08-21 13:34:23', NULL, '2020-08-21 13:34:23'),
(3, 3, 2, 6, 'Approval Level', 0, 1080.00, 300.00, 1, NULL, '2020-08-21 13:34:52', NULL, '2020-08-21 13:34:52'),
(4, 3, 3, 8, 'Approval Level', 0, 2180.00, 580.00, 1, NULL, '2020-08-21 13:35:29', NULL, '2020-08-21 13:35:29'),
(5, 3, 1, 6, 'Approval Level', 0, 280.00, 58.00, 1, NULL, '2020-08-21 13:36:00', NULL, '2020-08-21 13:36:00'),
(6, 3, 6, 6, 'Approval Level', 0, 100.00, 33.00, 1, NULL, '2020-08-21 13:36:44', NULL, '2020-08-21 13:36:44'),
(7, 3, 5, 6, 'Approval Level', 0, 200.00, 55.00, 1, NULL, '2020-08-21 13:37:09', NULL, '2020-08-21 13:37:09'),
(8, 3, 7, 6, 'Application Level', 0, 1880.00, 680.00, 1, NULL, '2020-08-21 13:37:42', NULL, '2020-08-21 13:37:42'),
(9, 3, 8, 8, 'Application Level', 0, 100.00, 25.00, 1, NULL, '2020-08-24 12:45:29', NULL, '2020-08-24 12:45:29'),
(10, 4, 13, 6, 'Approval Level', 0, 1200.00, 400.00, 1, NULL, '2020-12-01 01:42:48', NULL, '2020-12-01 01:42:48'),
(11, 6, 13, 6, 'Approval Level', 0, 1200.00, 400.00, 1, NULL, '2020-12-01 01:42:48', NULL, '2020-12-01 01:42:48');

-- --------------------------------------------------------

--
-- Table structure for table `fee_structure_details`
--

CREATE TABLE `fee_structure_details` (
  `id` int(20) NOT NULL,
  `id_fee_structure` int(20) DEFAULT NULL,
  `id_fee_item` int(20) DEFAULT NULL,
  `id_frequency_mode` int(20) DEFAULT NULL,
  `amount` float(20,2) DEFAULT NULL,
  `status` int(2) DEFAULT 1,
  `created_by` int(20) DEFAULT NULL,
  `created_dt_tm` datetime DEFAULT current_timestamp(),
  `updated_by` int(20) DEFAULT NULL,
  `updated_dt_tm` datetime DEFAULT current_timestamp()
) ENGINE=InnoDB DEFAULT CHARSET=latin1;

-- --------------------------------------------------------

--
-- Table structure for table `fee_structure_has_program`
--

CREATE TABLE `fee_structure_has_program` (
  `id` bigint(20) NOT NULL,
  `id_fee_structure` int(20) DEFAULT 0,
  `id_program` int(20) DEFAULT 0,
  `status` int(20) DEFAULT 1,
  `created_by` int(20) DEFAULT 0,
  `created_dt_tm` datetime DEFAULT current_timestamp(),
  `updated_by` int(20) DEFAULT 0,
  `updated_dt_tm` datetime DEFAULT current_timestamp()
) ENGINE=InnoDB DEFAULT CHARSET=latin1;

--
-- Dumping data for table `fee_structure_has_program`
--

INSERT INTO `fee_structure_has_program` (`id`, `id_fee_structure`, `id_program`, `status`, `created_by`, `created_dt_tm`, `updated_by`, `updated_dt_tm`) VALUES
(2, 2, 3, 1, 0, '2020-09-01 03:25:44', 0, '2020-09-01 03:25:44'),
(3, 1, 3, 1, 0, '2020-09-01 05:49:34', 0, '2020-09-01 05:49:34');

-- --------------------------------------------------------

--
-- Table structure for table `fee_structure_has_scheme`
--

CREATE TABLE `fee_structure_has_scheme` (
  `id` bigint(20) NOT NULL,
  `id_fee_structure` int(20) DEFAULT 0,
  `id_scheme` int(20) DEFAULT 0,
  `status` int(20) DEFAULT 1,
  `created_by` int(20) DEFAULT 0,
  `created_dt_tm` datetime DEFAULT current_timestamp(),
  `updated_by` int(20) DEFAULT 0,
  `updated_dt_tm` datetime DEFAULT current_timestamp()
) ENGINE=InnoDB DEFAULT CHARSET=latin1;

--
-- Dumping data for table `fee_structure_has_scheme`
--

INSERT INTO `fee_structure_has_scheme` (`id`, `id_fee_structure`, `id_scheme`, `status`, `created_by`, `created_dt_tm`, `updated_by`, `updated_dt_tm`) VALUES
(2, 2, 3, 1, 0, '2020-09-01 03:25:55', 0, '2020-09-01 03:25:55'),
(3, 1, 1, 1, 0, '2020-09-01 05:40:49', 0, '2020-09-01 05:40:49'),
(4, 1, 3, 1, 0, '2020-09-01 05:49:49', 0, '2020-09-01 05:49:49'),
(5, 1, 4, 1, 0, '2020-09-01 05:49:55', 0, '2020-09-01 05:49:55');

-- --------------------------------------------------------

--
-- Table structure for table `fee_structure_has_training_center`
--

CREATE TABLE `fee_structure_has_training_center` (
  `id` bigint(20) NOT NULL,
  `id_fee_structure` int(20) DEFAULT NULL,
  `id_fee_structure_master` int(20) DEFAULT 0,
  `id_program_landscape` int(20) DEFAULT NULL,
  `id_training_center` int(20) DEFAULT NULL,
  `id_fee_item` int(20) DEFAULT 0,
  `id_fee_structure_trigger` int(20) DEFAULT 0,
  `id_semester` int(20) DEFAULT NULL,
  `amount` float(20,2) DEFAULT 0.00,
  `status` int(20) DEFAULT 1,
  `created_by` int(20) DEFAULT 0,
  `created_dt_tm` datetime DEFAULT current_timestamp(),
  `updated_by` int(20) DEFAULT 0,
  `updated_dt_tm` datetime DEFAULT current_timestamp()
) ENGINE=InnoDB DEFAULT CHARSET=latin1;

--
-- Dumping data for table `fee_structure_has_training_center`
--

INSERT INTO `fee_structure_has_training_center` (`id`, `id_fee_structure`, `id_fee_structure_master`, `id_program_landscape`, `id_training_center`, `id_fee_item`, `id_fee_structure_trigger`, `id_semester`, `amount`, `status`, `created_by`, `created_dt_tm`, `updated_by`, `updated_dt_tm`) VALUES
(33, 189, 9, 9, 7, 10, 2, 2, 200.00, 1, 0, '2020-12-18 01:33:08', 0, '2020-12-18 01:33:08'),
(34, 190, 9, 9, 7, 10, 1, 2, 330.00, 1, 0, '2020-12-18 01:34:02', 0, '2020-12-18 01:34:02'),
(40, 194, 12, 12, 8, 8, 1, 1, 2500.00, 1, 0, '2020-12-18 07:33:54', 0, '2020-12-18 07:33:54'),
(42, 194, 12, 12, 8, 8, 3, 4, 2500.00, 1, 0, '2020-12-18 07:34:50', 0, '2020-12-18 07:34:50'),
(43, 194, 12, 12, 8, 8, 3, 7, 2500.00, 1, 0, '2020-12-18 07:35:11', 0, '2020-12-18 07:35:11'),
(44, 204, 13, 13, 8, 12, 2, 3, 180.00, 1, 0, '2020-12-20 13:38:32', 0, '2020-12-20 13:38:32'),
(45, 204, 13, 13, 8, 13, 3, 4, 180.00, 1, 0, '2020-12-20 13:38:57', 0, '2020-12-20 13:38:57'),
(46, 207, 10, 10, 6, 8, 2, 2, 480.00, 1, 0, '2020-12-20 13:45:02', 0, '2020-12-20 13:45:02'),
(47, 207, 10, 10, 6, 13, 3, 3, 200.00, 1, 0, '2020-12-20 13:45:28', 0, '2020-12-20 13:45:28'),
(48, 215, 15, 15, 4, 11, 2, 1, 25.00, 1, 0, '2020-12-22 23:58:25', 0, '2020-12-22 23:58:25'),
(49, 215, 15, 15, 4, 11, 2, 2, 25.00, 1, 0, '2020-12-22 23:58:55', 0, '2020-12-22 23:58:55'),
(50, 215, 15, 15, 4, 11, 3, 3, 25.00, 1, 0, '2020-12-22 23:59:10', 0, '2020-12-22 23:59:10'),
(51, 215, 15, 15, 4, 11, 2, 4, 25.00, 1, 0, '2020-12-22 23:59:27', 0, '2020-12-22 23:59:27'),
(52, 231, 16, 16, 8, 6, 1, 1, 100.00, 1, 0, '2020-12-23 11:25:14', 0, '2020-12-23 11:25:14'),
(53, 231, 16, 16, 8, 12, 2, 1, 80.00, 1, 0, '2020-12-23 11:25:39', 0, '2020-12-23 11:25:39'),
(54, 231, 16, 16, 8, 11, 3, 2, 800.00, 1, 0, '2020-12-23 11:25:58', 0, '2020-12-23 11:25:58'),
(55, 239, 19, 19, 7, 6, 1, 1, 200.00, 1, 0, '2020-12-24 05:04:59', 0, '2020-12-24 05:04:59'),
(56, 239, 19, 19, 7, 6, 2, 2, 200.00, 1, 0, '2020-12-24 05:05:23', 0, '2020-12-24 05:05:23'),
(57, 243, 20, 20, 6, 8, 1, 1, 8000.00, 1, 0, '2020-12-25 11:23:56', 0, '2020-12-25 11:23:56'),
(58, 243, 20, 20, 6, 7, 2, 1, 6000.00, 1, 0, '2020-12-25 11:24:29', 0, '2020-12-25 11:24:29'),
(59, 243, 20, 20, 6, 12, 3, 2, 5000.00, 1, 0, '2020-12-25 11:24:49', 0, '2020-12-25 11:24:49'),
(60, 255, 22, 22, 9, 11, 1, 1, 11.00, 1, 0, '2021-01-12 20:10:02', 0, '2021-01-12 20:10:02'),
(62, 255, 22, 22, 9, 12, 2, 2, 2.00, 1, 0, '2021-01-12 21:39:02', 0, '2021-01-12 21:39:02'),
(63, 258, 23, 23, 9, 10, 2, 1, 800.00, 1, 0, '2021-01-13 03:12:27', 0, '2021-01-13 03:12:27'),
(64, 258, 23, 23, 9, 12, 3, 2, 800.00, 1, 0, '2021-01-13 03:12:46', 0, '2021-01-13 03:12:46'),
(65, 258, 23, 23, 9, 13, 2, 2, 800.00, 1, 0, '2021-01-13 03:13:39', 0, '2021-01-13 03:13:39');

-- --------------------------------------------------------

--
-- Table structure for table `fee_structure_main`
--

CREATE TABLE `fee_structure_main` (
  `id` bigint(20) NOT NULL,
  `id_program` int(20) DEFAULT 0,
  `id_intake` int(20) DEFAULT 0,
  `name` varchar(520) DEFAULT '',
  `code` varchar(520) DEFAULT '',
  `currency` varchar(520) DEFAULT '',
  `debt_account_code` varchar(520) DEFAULT '',
  `status` int(20) DEFAULT 1,
  `created_by` int(20) DEFAULT 0,
  `created_dt_tm` datetime DEFAULT current_timestamp(),
  `updated_by` int(20) DEFAULT 0,
  `updated_dt_tm` datetime DEFAULT current_timestamp()
) ENGINE=InnoDB DEFAULT CHARSET=latin1;

--
-- Dumping data for table `fee_structure_main`
--

INSERT INTO `fee_structure_main` (`id`, `id_program`, `id_intake`, `name`, `code`, `currency`, `debt_account_code`, `status`, `created_by`, `created_dt_tm`, `updated_by`, `updated_dt_tm`) VALUES
(1, 0, 1, 'Fee Structure Intake Jan 2020 Degree', '2020-01-Fee', 'MYR', 'DSS123', 1, 1, '2020-09-01 02:47:52', 0, '2020-09-01 02:47:52'),
(2, 0, 2, 'May 2020', 'Hn', 'MYR', '628263', 1, 1, '2020-09-01 03:25:30', 0, '2020-09-01 03:25:30');

-- --------------------------------------------------------

--
-- Table structure for table `fee_structure_master`
--

CREATE TABLE `fee_structure_master` (
  `id` int(20) NOT NULL,
  `name` varchar(2048) DEFAULT '',
  `name_optional_language` varchar(2048) DEFAULT '',
  `code` varchar(2048) DEFAULT '',
  `description` varchar(2048) DEFAULT '',
  `id_education_level` int(20) DEFAULT 0,
  `id_programme` int(20) DEFAULT 0,
  `id_intake` int(20) DEFAULT 0,
  `id_intake_to` int(20) DEFAULT 0,
  `id_learning_mode` int(20) DEFAULT 0,
  `id_program_scheme` int(20) DEFAULT 0,
  `is_installment` int(20) DEFAULT 0,
  `id_currency` int(20) DEFAULT 0,
  `installments` int(20) DEFAULT 0,
  `id_fee_item` int(20) DEFAULT 0,
  `amount` float(20,2) DEFAULT 0.00,
  `id_aggrement` int(20) DEFAULT 0,
  `id_partner_university` int(20) DEFAULT 0,
  `status` int(2) DEFAULT 1,
  `created_by` int(20) DEFAULT NULL,
  `created_dt_tm` datetime DEFAULT current_timestamp(),
  `updated_by` int(20) DEFAULT NULL,
  `updated_dt_tm` datetime DEFAULT current_timestamp()
) ENGINE=InnoDB DEFAULT CHARSET=latin1;

--
-- Dumping data for table `fee_structure_master`
--

INSERT INTO `fee_structure_master` (`id`, `name`, `name_optional_language`, `code`, `description`, `id_education_level`, `id_programme`, `id_intake`, `id_intake_to`, `id_learning_mode`, `id_program_scheme`, `is_installment`, `id_currency`, `installments`, `id_fee_item`, `amount`, `id_aggrement`, `id_partner_university`, `status`, `created_by`, `created_dt_tm`, `updated_by`, `updated_dt_tm`) VALUES
(23, 'MITM Programme Fee', 'MITM Programme Fee', 'MITM FEE', 'Description', 2, 10, 3, 0, 31, 1, 0, 1, 0, 0, 0.00, 13, 9, 1, NULL, '2021-01-13 03:11:14', NULL, '2021-01-13 03:11:14'),
(25, 'MIT FULLL FEE', 'MIT FULLL FEE', 'MIT FULLL FEE', 'MIT FULLL FEE', 2, 10, 3, 0, 29, 3, 0, 1, 0, 0, 0.00, 0, 1, 1, NULL, '2021-01-14 10:49:38', NULL, '2021-01-14 10:49:38');

-- --------------------------------------------------------

--
-- Table structure for table `fee_structure_triggering_point`
--

CREATE TABLE `fee_structure_triggering_point` (
  `id` bigint(20) NOT NULL,
  `name` varchar(2048) NOT NULL,
  `name_optional_language` varchar(2048) NOT NULL,
  `code` varchar(2048) NOT NULL,
  `status` int(20) DEFAULT 1,
  `created_by` int(20) DEFAULT NULL,
  `created_dt_tm` datetime DEFAULT current_timestamp(),
  `updated_by` int(20) DEFAULT NULL,
  `updated_dt_tm` datetime DEFAULT current_timestamp()
) ENGINE=InnoDB DEFAULT CHARSET=utf8;

--
-- Dumping data for table `fee_structure_triggering_point`
--

INSERT INTO `fee_structure_triggering_point` (`id`, `name`, `name_optional_language`, `code`, `status`, `created_by`, `created_dt_tm`, `updated_by`, `updated_dt_tm`) VALUES
(1, 'OFFER ACCEPTED', '', '', 1, NULL, '2020-12-18 01:07:26', NULL, '2020-12-18 01:07:26'),
(2, 'COURSE REGISTRATION', '', '', 1, NULL, '2020-12-18 01:07:26', NULL, '2020-12-18 01:07:26'),
(3, 'SEMESTER REGISTRATION', '', '', 1, NULL, '2020-12-18 01:07:26', NULL, '2020-12-18 01:07:26');

-- --------------------------------------------------------

--
-- Table structure for table `file_type`
--

CREATE TABLE `file_type` (
  `id` int(20) NOT NULL,
  `name` varchar(512) DEFAULT NULL,
  `status` int(2) DEFAULT 0,
  `created_by` int(20) DEFAULT NULL,
  `created_dt_tm` datetime DEFAULT current_timestamp(),
  `updated_by` int(20) DEFAULT NULL,
  `updated_dt_tm` datetime DEFAULT NULL
) ENGINE=InnoDB DEFAULT CHARSET=latin1;

--
-- Dumping data for table `file_type`
--

INSERT INTO `file_type` (`id`, `name`, `status`, `created_by`, `created_dt_tm`, `updated_by`, `updated_dt_tm`) VALUES
(1, 'PDF', 1, NULL, '2021-01-17 00:39:12', NULL, NULL),
(2, 'PNG', 1, NULL, '2021-01-17 00:39:12', NULL, NULL),
(3, 'JPEG', 1, NULL, '2021-01-17 00:39:12', NULL, NULL),
(4, 'JPG', 1, NULL, '2021-01-17 00:39:12', NULL, NULL);

-- --------------------------------------------------------

--
-- Table structure for table `financial_account_code`
--

CREATE TABLE `financial_account_code` (
  `id` int(20) NOT NULL,
  `name` varchar(520) DEFAULT '',
  `name_optional_language` varchar(520) DEFAULT '',
  `short_code` varchar(50) DEFAULT '',
  `code` varchar(50) DEFAULT '',
  `type` varchar(200) DEFAULT '',
  `level` int(2) DEFAULT 0,
  `id_parent` int(20) DEFAULT 0,
  `status` int(2) DEFAULT 1,
  `created_by` int(20) DEFAULT NULL,
  `created_dt_tm` datetime DEFAULT current_timestamp(),
  `updated_by` int(20) DEFAULT NULL,
  `updated_dt_tm` datetime DEFAULT current_timestamp()
) ENGINE=InnoDB DEFAULT CHARSET=latin1;

--
-- Dumping data for table `financial_account_code`
--

INSERT INTO `financial_account_code` (`id`, `name`, `name_optional_language`, `short_code`, `code`, `type`, `level`, `id_parent`, `status`, `created_by`, `created_dt_tm`, `updated_by`, `updated_dt_tm`) VALUES
(1, '', '', '', '4001', 'Tuition Fees', 0, 0, 1, 1, '2020-08-08 07:27:44', 1, '2020-08-08 07:27:44'),
(2, '', '', '', '4002', 'Assessment Fees', 0, 0, 1, 1, '2020-08-08 07:27:46', 1, '2020-08-08 07:27:46'),
(3, '', '', '', '4003', 'Registration Fees', 0, 0, 1, 1, '2020-08-20 09:50:05', NULL, '2020-08-20 09:50:05'),
(4, '', '', '', '4004', 'Recurring Fees', 0, 0, 1, 1, '2020-08-20 09:50:27', NULL, '2020-08-20 09:50:27'),
(5, '', '', '', '4005', 'Remarking Fees', 0, 0, 1, 1, '2020-08-20 09:52:05', NULL, '2020-08-20 09:52:05'),
(6, '', '', '', '4006', 'Application Fees', 0, 0, 1, 1, '2020-08-20 09:53:58', NULL, '2020-08-20 09:53:58'),
(7, '', '', '', '4007', 'Credit Transfer Fees', 0, 0, 1, 1, '2020-08-20 09:54:23', NULL, '2020-08-20 09:54:23'),
(8, '', '', '', '4008', 'Exemption Fees', 0, 0, 1, 1, '2020-08-20 09:54:40', NULL, '2020-08-20 09:54:40'),
(9, '', '', '', '4010', 'Penalty Fees', 0, 0, 1, 1, '2020-08-20 09:54:54', NULL, '2020-08-20 09:54:54'),
(10, '', '', '', '6009', 'GST', 0, 0, 1, 1, '2020-08-20 09:55:31', NULL, '2020-08-20 09:55:31'),
(11, '', '', '', '6008', 'Sibling Discount', 0, 0, 1, 1, '2020-08-20 09:56:37', NULL, '2020-08-20 09:56:37'),
(12, '', '', '', '6007', 'Alumni Discount', 0, 0, 1, 1, '2020-08-20 09:56:53', NULL, '2020-08-20 09:56:53'),
(13, '', '', '', '6006', 'Employee Discount', 0, 0, 1, 1, '2020-08-20 09:57:13', NULL, '2020-08-20 09:57:13'),
(14, '', '', '', '4011', 'Convocation Fees', 0, 0, 1, 1, '2020-08-20 09:57:36', NULL, '2020-08-20 09:57:36'),
(15, '', '', '', '2009', 'Student Deposit', 0, 0, 1, 1, '2020-08-20 09:58:36', NULL, '2020-08-20 09:58:36');

-- --------------------------------------------------------

--
-- Table structure for table `financial_year`
--

CREATE TABLE `financial_year` (
  `id` int(20) NOT NULL,
  `year` varchar(20) DEFAULT '',
  `name` varchar(120) DEFAULT '',
  `to_year` varchar(20) DEFAULT '',
  `status` int(20) DEFAULT NULL,
  `created_by` int(20) DEFAULT NULL,
  `created_dt_tm` datetime DEFAULT current_timestamp(),
  `updated_by` int(20) DEFAULT NULL,
  `updated_dt_tm` datetime DEFAULT current_timestamp()
) ENGINE=InnoDB DEFAULT CHARSET=latin1;

-- --------------------------------------------------------

--
-- Table structure for table `frequency_mode`
--

CREATE TABLE `frequency_mode` (
  `id` int(20) NOT NULL,
  `name` varchar(520) DEFAULT '',
  `name_optional_language` varchar(520) DEFAULT '',
  `code` varchar(50) DEFAULT '',
  `status` int(2) DEFAULT 1,
  `created_by` int(20) DEFAULT NULL,
  `created_dt_tm` datetime DEFAULT current_timestamp(),
  `updated_by` int(20) DEFAULT NULL,
  `updated_dt_tm` datetime DEFAULT current_timestamp()
) ENGINE=InnoDB DEFAULT CHARSET=latin1;

--
-- Dumping data for table `frequency_mode`
--

INSERT INTO `frequency_mode` (`id`, `name`, `name_optional_language`, `code`, `status`, `created_by`, `created_dt_tm`, `updated_by`, `updated_dt_tm`) VALUES
(1, 'APPLICATION', 'APPLICATION', 'APPLICATION', 1, NULL, '2020-07-11 00:22:32', NULL, '2020-07-11 00:22:32'),
(3, 'PER SEMESTER', 'PER SEMESTER', 'PER SEMESTER', 1, NULL, '2020-07-11 00:23:20', NULL, '2020-07-11 00:23:20'),
(5, 'ONE TIME', 'ONE TIME', 'ONE TIME', 1, NULL, '2020-08-20 10:03:14', NULL, '2020-08-20 10:03:14'),
(6, 'PER INSTALLMENT', 'PER INSTALLMENT', 'PER INSTALLMENT', 1, NULL, '2020-08-22 21:56:27', NULL, '2020-08-22 21:56:27'),
(7, 'EVERY SEMESTER', '', 'EVERY SEMESTER', 1, NULL, '2020-12-18 07:41:07', NULL, '2020-12-18 07:41:07');

-- --------------------------------------------------------

--
-- Table structure for table `fund_code`
--

CREATE TABLE `fund_code` (
  `id` int(20) NOT NULL,
  `name` varchar(520) DEFAULT '',
  `name_optional_language` varchar(520) DEFAULT '',
  `code` varchar(50) DEFAULT '',
  `status` int(2) DEFAULT NULL,
  `created_by` int(20) DEFAULT NULL,
  `created_dt_tm` datetime DEFAULT current_timestamp(),
  `updated_by` int(20) DEFAULT NULL,
  `updated_dt_tm` datetime DEFAULT current_timestamp()
) ENGINE=InnoDB DEFAULT CHARSET=latin1;

-- --------------------------------------------------------

--
-- Table structure for table `gpa_cgpa_setup`
--

CREATE TABLE `gpa_cgpa_setup` (
  `id` int(20) NOT NULL,
  `setup_by` varchar(50) DEFAULT '',
  `id_semester` int(20) DEFAULT NULL,
  `id_award` int(20) DEFAULT 0,
  `id_intake` int(20) DEFAULT 0,
  `id_program` int(20) DEFAULT NULL,
  `academic_status` varchar(50) DEFAULT '',
  `status` int(2) DEFAULT NULL,
  `created_by` int(20) DEFAULT NULL,
  `created_dt_tm` datetime DEFAULT current_timestamp(),
  `updated_by` int(20) DEFAULT NULL,
  `updated_dt_tm` datetime DEFAULT current_timestamp()
) ENGINE=InnoDB DEFAULT CHARSET=latin1;

--
-- Dumping data for table `gpa_cgpa_setup`
--

INSERT INTO `gpa_cgpa_setup` (`id`, `setup_by`, `id_semester`, `id_award`, `id_intake`, `id_program`, `academic_status`, `status`, `created_by`, `created_dt_tm`, `updated_by`, `updated_dt_tm`) VALUES
(1, 'Award', 1, 1, 0, 0, 'CGPA', 1, 1, '2020-08-06 13:30:18', NULL, '2020-08-06 13:30:18');

-- --------------------------------------------------------

--
-- Table structure for table `gpa_cgpa_setup_details`
--

CREATE TABLE `gpa_cgpa_setup_details` (
  `id` int(20) NOT NULL,
  `id_gpa_cgpa` int(20) DEFAULT NULL,
  `min_grade_point` int(20) DEFAULT NULL,
  `max_grade_point` int(20) DEFAULT NULL,
  `description` varchar(5096) DEFAULT '',
  `status_optional_language` varchar(5096) DEFAULT '',
  `probation` int(2) DEFAULT 0,
  `status` int(2) DEFAULT NULL,
  `created_by` int(20) DEFAULT NULL,
  `created_dt_tm` datetime DEFAULT current_timestamp(),
  `updated_by` int(20) DEFAULT NULL,
  `updated_dt_tm` datetime DEFAULT current_timestamp()
) ENGINE=InnoDB DEFAULT CHARSET=latin1;

--
-- Dumping data for table `gpa_cgpa_setup_details`
--

INSERT INTO `gpa_cgpa_setup_details` (`id`, `id_gpa_cgpa`, `min_grade_point`, `max_grade_point`, `description`, `status_optional_language`, `probation`, `status`, `created_by`, `created_dt_tm`, `updated_by`, `updated_dt_tm`) VALUES
(1, 1, 80, 90, '1st Grade Course', '', 1, NULL, NULL, '2020-08-06 13:30:13', NULL, '2020-08-06 13:30:13');

-- --------------------------------------------------------

--
-- Table structure for table `grade`
--

CREATE TABLE `grade` (
  `id` int(20) NOT NULL,
  `name` varchar(220) DEFAULT '',
  `description` varchar(520) DEFAULT '',
  `status` int(2) DEFAULT NULL,
  `created_by` int(20) DEFAULT NULL,
  `created_dt_tm` datetime DEFAULT current_timestamp(),
  `updated_by` int(20) DEFAULT NULL,
  `updated_dt_tm` datetime DEFAULT current_timestamp()
) ENGINE=InnoDB DEFAULT CHARSET=latin1;

--
-- Dumping data for table `grade`
--

INSERT INTO `grade` (`id`, `name`, `description`, `status`, `created_by`, `created_dt_tm`, `updated_by`, `updated_dt_tm`) VALUES
(1, 'A', 'First Class', 1, NULL, '2020-07-11 11:24:11', NULL, '2020-07-11 11:24:11'),
(2, 'A+', 'High Level', 1, NULL, '2020-07-11 11:24:26', NULL, '2020-07-11 11:24:26'),
(3, 'B', 'Medium Level', 1, NULL, '2020-07-11 11:24:36', NULL, '2020-07-11 11:24:36'),
(4, 'C', 'Pass', 1, NULL, '2020-07-11 11:24:47', NULL, '2020-07-11 11:24:47');

-- --------------------------------------------------------

--
-- Table structure for table `grade_setup`
--

CREATE TABLE `grade_setup` (
  `id` int(20) NOT NULL,
  `based_on` varchar(200) DEFAULT '',
  `id_intake` int(20) DEFAULT 0,
  `id_semester` int(20) DEFAULT 0,
  `id_program` int(20) DEFAULT 0,
  `id_course` int(20) DEFAULT 0,
  `id_award` int(20) DEFAULT 0,
  `name` varchar(1024) DEFAULT '',
  `description` varchar(1024) DEFAULT '',
  `effective_date` datetime DEFAULT NULL,
  `status` int(2) DEFAULT NULL,
  `created_by` int(20) DEFAULT NULL,
  `created_dt_tm` datetime DEFAULT current_timestamp(),
  `updated_by` int(20) DEFAULT NULL,
  `updated_dt_tm` datetime DEFAULT current_timestamp()
) ENGINE=InnoDB DEFAULT CHARSET=latin1;

--
-- Dumping data for table `grade_setup`
--

INSERT INTO `grade_setup` (`id`, `based_on`, `id_intake`, `id_semester`, `id_program`, `id_course`, `id_award`, `name`, `description`, `effective_date`, `status`, `created_by`, `created_dt_tm`, `updated_by`, `updated_dt_tm`) VALUES
(1, 'Award', 1, 0, 0, 0, 6, '', '', NULL, 1, 1, '2020-07-14 22:16:46', NULL, '2020-07-14 22:16:46'),
(2, 'Award', 4, 0, 0, 0, 4, '', '', NULL, 1, 1, '2020-07-14 22:19:00', NULL, '2020-07-14 22:19:00'),
(3, 'Program & Subject', 1, 0, 4, 1, 0, '', '', NULL, 1, 1, '2020-07-14 22:21:57', NULL, '2020-07-14 22:21:57'),
(4, 'Program & Subject', 1, 0, 4, 2, 1, '', '', NULL, 1, 1, '2020-07-14 22:34:40', NULL, '2020-07-14 22:34:40');

-- --------------------------------------------------------

--
-- Table structure for table `grade_setup_details`
--

CREATE TABLE `grade_setup_details` (
  `id` int(20) NOT NULL,
  `id_grade_setup` varchar(20) DEFAULT '0',
  `id_grade` varchar(20) DEFAULT '0',
  `name` varchar(1024) DEFAULT '',
  `description` varchar(1024) DEFAULT '',
  `description_optional_language` varchar(1024) DEFAULT '',
  `point` float(20,2) DEFAULT 0.00,
  `min_marks` int(20) DEFAULT 0,
  `max_marks` int(20) DEFAULT 0,
  `pass` varchar(20) DEFAULT '',
  `rank` int(2) DEFAULT 0,
  `status` int(2) DEFAULT NULL,
  `created_by` int(20) DEFAULT NULL,
  `created_dt_tm` datetime DEFAULT current_timestamp(),
  `updated_by` int(20) DEFAULT NULL,
  `updated_dt_tm` datetime DEFAULT current_timestamp()
) ENGINE=InnoDB DEFAULT CHARSET=latin1;

--
-- Dumping data for table `grade_setup_details`
--

INSERT INTO `grade_setup_details` (`id`, `id_grade_setup`, `id_grade`, `name`, `description`, `description_optional_language`, `point`, `min_marks`, `max_marks`, `pass`, `rank`, `status`, `created_by`, `created_dt_tm`, `updated_by`, `updated_dt_tm`) VALUES
(2, '2', 'A', '', 'A', 'A', 4.00, 80, 100, 'Yes', 1, NULL, NULL, '2020-07-14 22:18:59', NULL, '2020-07-14 22:18:59'),
(3, '3', '4', '', 'Desc', '', 7.00, 40, 100, 'No', 9, NULL, NULL, '2020-07-14 22:21:55', NULL, '2020-07-14 22:21:55'),
(5, '4', '1', '', 'First class with A', 'First class with A', 3.00, 50, 75, 'No', 2, NULL, NULL, '2020-07-19 00:31:30', NULL, '2020-07-19 00:31:30'),
(8, '1', 'A', '', 'A', '', 4.00, 80, 100, 'Yes', 1, NULL, NULL, '2020-08-27 16:37:37', NULL, '2020-08-27 16:37:37'),
(9, '1', 'A-', '', 'A-', '.', 3.67, 75, 79, 'Yes', 2, NULL, NULL, '2020-08-27 16:38:48', NULL, '2020-08-27 16:38:48'),
(10, '1', 'B+', '', 'B+', '', 3.33, 70, 74, 'Yes', 3, NULL, NULL, '2020-08-27 16:40:11', NULL, '2020-08-27 16:40:11'),
(11, '1', 'B', '', 'B', '', 3.00, 65, 69, 'Yes', 4, NULL, NULL, '2020-08-27 16:48:03', NULL, '2020-08-27 16:48:03'),
(12, '1', 'B-', '', 'B-', '', 2.67, 60, 64, 'Yes', 5, NULL, NULL, '2020-08-27 16:51:38', NULL, '2020-08-27 16:51:38'),
(13, '1', 'C+', '', 'C+', '', 2.33, 55, 59, 'Yes', 6, NULL, NULL, '2020-08-27 16:53:14', NULL, '2020-08-27 16:53:14'),
(14, '1', 'C', '', 'C', '', 2.00, 50, 54, 'Yes', 7, NULL, NULL, '2020-08-27 16:53:59', NULL, '2020-08-27 16:53:59'),
(15, '1', 'C-', '', 'C-', '', 1.67, 45, 49, 'No', 8, NULL, NULL, '2020-08-27 16:54:39', NULL, '2020-08-27 16:54:39'),
(16, '1', 'D+', '', 'D+', '', 1.33, 40, 44, 'No', 9, NULL, NULL, '2020-08-27 16:55:22', NULL, '2020-08-27 16:55:22'),
(17, '1', 'D', '', 'D', '', 1.00, 35, 39, 'No', 10, NULL, NULL, '2020-08-27 16:57:21', NULL, '2020-08-27 16:57:21'),
(18, '1', 'F', '', 'F', '', 0.00, 0, 34, 'No', 11, NULL, NULL, '2020-08-27 16:57:55', NULL, '2020-08-27 16:57:55'),
(19, '2', 'A-', '', 'A-', 'A-', 3.75, 75, 79, 'Yes', 2, NULL, NULL, '2020-09-02 02:16:40', NULL, '2020-09-02 02:16:40'),
(20, '2', 'B+', '', 'B+', 'B+', 3.50, 70, 74, 'Yes', 3, NULL, NULL, '2020-09-02 02:17:39', NULL, '2020-09-02 02:17:39'),
(21, '2', 'B', '', 'B', 'B', 3.00, 65, 69, 'Yes', 4, NULL, NULL, '2020-09-02 02:18:18', NULL, '2020-09-02 02:18:18'),
(22, '2', 'B-', '', 'B-', 'B-', 2.75, 60, 64, 'Yes', 5, NULL, NULL, '2020-09-02 02:23:23', NULL, '2020-09-02 02:23:23'),
(23, '2', 'C+', '', 'C+', 'C+', 2.50, 55, 59, 'Yes', 6, NULL, NULL, '2020-09-02 02:25:32', NULL, '2020-09-02 02:25:32'),
(24, '2', 'C', '', 'C', 'C', 2.00, 50, 54, 'Yes', 7, NULL, NULL, '2020-09-02 02:26:11', NULL, '2020-09-02 02:26:11'),
(25, '2', 'C-', '', 'C-', 'C-', 1.75, 45, 49, 'No', 8, NULL, NULL, '2020-09-02 02:26:50', NULL, '2020-09-02 02:26:50'),
(26, '2', 'D+', '', 'D+', 'D+', 1.50, 40, 44, 'No', 9, NULL, NULL, '2020-09-02 02:27:32', NULL, '2020-09-02 02:27:32'),
(27, '2', 'D', '', 'D', 'D', 1.00, 35, 39, 'No', 10, NULL, NULL, '2020-09-02 02:28:05', NULL, '2020-09-02 02:28:05'),
(28, '2', 'F', '', 'F', 'F', 0.00, 0, 34, 'No', 11, NULL, NULL, '2020-09-02 02:28:40', NULL, '2020-09-02 02:28:40');

-- --------------------------------------------------------

--
-- Table structure for table `graduation_details`
--

CREATE TABLE `graduation_details` (
  `id` int(20) NOT NULL,
  `id_graduation` int(20) DEFAULT 0,
  `id_student` int(20) DEFAULT 0,
  `status` int(2) DEFAULT 0,
  `created_by` int(20) DEFAULT NULL,
  `reason` varchar(2048) DEFAULT '',
  `created_dt_tm` datetime DEFAULT current_timestamp(),
  `updated_by` int(20) DEFAULT NULL,
  `updated_dt_tm` datetime DEFAULT current_timestamp()
) ENGINE=InnoDB DEFAULT CHARSET=latin1;

--
-- Dumping data for table `graduation_details`
--

INSERT INTO `graduation_details` (`id`, `id_graduation`, `id_student`, `status`, `created_by`, `reason`, `created_dt_tm`, `updated_by`, `updated_dt_tm`) VALUES
(1, 1, 2, 1, 1, '', '2020-07-11 11:59:42', NULL, '2020-07-11 11:59:42'),
(2, 2, 3, 1, 1, '', '2020-07-11 12:59:47', NULL, '2020-07-11 12:59:47'),
(4, 3, 14, 2, 1, '', '2020-08-27 13:10:14', NULL, '2020-08-27 13:10:14'),
(6, 3, 13, 1, 1, '', '2020-09-01 12:19:55', NULL, '2020-09-01 12:19:55'),
(8, 3, 15, 2, 1, '', '2020-09-01 12:27:58', NULL, '2020-09-01 12:27:58'),
(9, 4, 28, 0, 1, '', '2020-11-02 02:46:44', NULL, '2020-11-02 02:46:44');

-- --------------------------------------------------------

--
-- Table structure for table `graduation_list`
--

CREATE TABLE `graduation_list` (
  `id` int(20) NOT NULL,
  `id_student` int(10) DEFAULT NULL,
  `id_convocation` int(10) DEFAULT NULL,
  `date_tm` datetime DEFAULT NULL,
  `message` varchar(2048) DEFAULT '',
  `reason` varchar(2048) DEFAULT '',
  `status` varchar(50) DEFAULT 'Graduated',
  `created_by` int(20) DEFAULT NULL,
  `created_dt_tm` datetime DEFAULT current_timestamp(),
  `updated_by` int(20) DEFAULT NULL,
  `updated_dt_tm` datetime DEFAULT current_timestamp()
) ENGINE=InnoDB DEFAULT CHARSET=latin1;

--
-- Dumping data for table `graduation_list`
--

INSERT INTO `graduation_list` (`id`, `id_student`, `id_convocation`, `date_tm`, `message`, `reason`, `status`, `created_by`, `created_dt_tm`, `updated_by`, `updated_dt_tm`) VALUES
(3, NULL, 2, '2020-08-22 00:00:00', 'Batch 1', '', '1', 1, '2020-08-27 13:05:46', NULL, '2020-08-27 13:05:46'),
(4, NULL, 2, '2020-11-18 00:00:00', 'dsada', '', '0', 1, '2020-11-02 02:46:44', NULL, '2020-11-02 02:46:44');

-- --------------------------------------------------------

--
-- Table structure for table `graduation_stage`
--

CREATE TABLE `graduation_stage` (
  `id` int(20) NOT NULL,
  `name` varchar(2048) DEFAULT '',
  `description` varchar(2048) DEFAULT '',
  `type` varchar(200) DEFAULT '',
  `status` int(2) DEFAULT 1,
  `created_by` int(20) DEFAULT NULL,
  `created_dt_tm` datetime DEFAULT current_timestamp(),
  `updated_by` int(20) DEFAULT NULL,
  `updated_dt_tm` datetime DEFAULT current_timestamp()
) ENGINE=InnoDB DEFAULT CHARSET=latin1;

--
-- Dumping data for table `graduation_stage`
--

INSERT INTO `graduation_stage` (`id`, `name`, `description`, `type`, `status`, `created_by`, `created_dt_tm`, `updated_by`, `updated_dt_tm`) VALUES
(1, 'Stage 1', 'Stage 1', 'Part Time', 1, 1, '2020-10-12 21:37:48', 1, '2020-10-12 21:37:48'),
(2, 'Stage 2', 'Stage 2', 'Part Time', 1, 1, '2020-10-13 22:03:34', NULL, '2020-10-13 22:03:34'),
(3, 'Stage 3', 'Stage 3', 'Part Time', 1, 1, '2020-10-13 22:04:12', NULL, '2020-10-13 22:04:12'),
(4, 'Stage 4', 'Stage 4', 'Part Time', 1, 1, '2020-10-13 22:04:32', NULL, '2020-10-13 22:04:32'),
(5, 'Stage 1', 'Stage 1', 'Full Time', 1, 1, '2020-10-13 22:04:54', NULL, '2020-10-13 22:04:54'),
(6, 'Stage 2', 'Stage 2', 'Full Time', 1, 1, '2020-10-13 22:05:09', NULL, '2020-10-13 22:05:09'),
(7, 'Stage 3', 'Stage 3', 'Full Time', 1, 1, '2020-10-13 22:05:26', NULL, '2020-10-13 22:05:26'),
(8, 'Stage 4', 'Stage 4', 'Full Time', 1, 1, '2020-10-13 22:05:45', NULL, '2020-10-13 22:05:45');

-- --------------------------------------------------------

--
-- Table structure for table `grn`
--

CREATE TABLE `grn` (
  `id` int(20) NOT NULL,
  `id_financial_year` int(20) DEFAULT 0,
  `id_po` int(20) DEFAULT 0,
  `reference_number` varchar(50) DEFAULT '',
  `date_time` datetime DEFAULT current_timestamp(),
  `expire_date` datetime DEFAULT current_timestamp(),
  `id_vendor` int(20) DEFAULT 0,
  `description` varchar(500) DEFAULT '',
  `id_department` int(20) DEFAULT 0,
  `total_amount` float(20,2) DEFAULT 0.00,
  `rating` varchar(20) DEFAULT '',
  `id_pre_register` int(20) DEFAULT 0,
  `status` int(2) DEFAULT 0,
  `created_by` int(20) DEFAULT NULL,
  `created_dt_tm` datetime DEFAULT current_timestamp(),
  `updated_by` int(20) DEFAULT NULL,
  `updated_dt_tm` datetime DEFAULT current_timestamp()
) ENGINE=InnoDB DEFAULT CHARSET=latin1;

-- --------------------------------------------------------

--
-- Table structure for table `group_setup`
--

CREATE TABLE `group_setup` (
  `id` int(20) NOT NULL,
  `name` varchar(520) DEFAULT '',
  `name_in_malay` varchar(520) DEFAULT '',
  `code` varchar(50) DEFAULT '',
  `status` int(2) DEFAULT NULL,
  `created_by` int(20) DEFAULT NULL,
  `created_dt_tm` datetime DEFAULT current_timestamp(),
  `updated_by` int(20) DEFAULT NULL,
  `updated_dt_tm` datetime DEFAULT current_timestamp()
) ENGINE=InnoDB DEFAULT CHARSET=latin1;

--
-- Dumping data for table `group_setup`
--

INSERT INTO `group_setup` (`id`, `name`, `name_in_malay`, `code`, `status`, `created_by`, `created_dt_tm`, `updated_by`, `updated_dt_tm`) VALUES
(1, 'STPM', '', 'STPM', 1, NULL, '2020-07-19 02:51:08', NULL, '2020-07-19 02:51:08');

-- --------------------------------------------------------

--
-- Table structure for table `guest`
--

CREATE TABLE `guest` (
  `id` int(20) NOT NULL,
  `name` varchar(580) DEFAULT '',
  `email` varchar(580) DEFAULT '',
  `description` varchar(580) DEFAULT '',
  `nric` varchar(580) DEFAULT '',
  `mobile` int(20) DEFAULT NULL,
  `id_convocation` int(20) DEFAULT 0,
  `status` int(2) DEFAULT 1,
  `created_by` int(20) DEFAULT NULL,
  `created_dt_tm` datetime DEFAULT current_timestamp(),
  `updated_by` int(20) DEFAULT NULL,
  `updated_dt_tm` datetime DEFAULT current_timestamp()
) ENGINE=InnoDB DEFAULT CHARSET=latin1;

-- --------------------------------------------------------

--
-- Table structure for table `hostel_inventory_registration`
--

CREATE TABLE `hostel_inventory_registration` (
  `id` int(20) NOT NULL,
  `name` varchar(520) DEFAULT '',
  `name_in_malay` varchar(520) DEFAULT '',
  `code` varchar(50) DEFAULT '',
  `status` int(2) DEFAULT NULL,
  `created_by` int(20) DEFAULT NULL,
  `created_dt_tm` datetime DEFAULT current_timestamp(),
  `updated_by` int(20) DEFAULT NULL,
  `updated_dt_tm` datetime DEFAULT current_timestamp()
) ENGINE=InnoDB DEFAULT CHARSET=latin1;

--
-- Dumping data for table `hostel_inventory_registration`
--

INSERT INTO `hostel_inventory_registration` (`id`, `name`, `name_in_malay`, `code`, `status`, `created_by`, `created_dt_tm`, `updated_by`, `updated_dt_tm`) VALUES
(1, 'Bed', 'Bed', 'Bed', 1, 1, '2020-07-11 12:05:59', NULL, '2020-07-11 12:05:59'),
(2, 'WM', 'Washing Machine', 'Washing Machine', 1, 1, '2020-07-11 12:06:17', NULL, '2020-07-11 12:06:17');

-- --------------------------------------------------------

--
-- Table structure for table `hostel_item_registration`
--

CREATE TABLE `hostel_item_registration` (
  `id` int(20) NOT NULL,
  `name` varchar(520) DEFAULT '',
  `name_in_malay` varchar(520) DEFAULT '',
  `code` varchar(50) DEFAULT '',
  `status` int(2) DEFAULT NULL,
  `created_by` int(20) DEFAULT NULL,
  `created_dt_tm` datetime DEFAULT current_timestamp(),
  `updated_by` int(20) DEFAULT NULL,
  `updated_dt_tm` datetime DEFAULT current_timestamp()
) ENGINE=InnoDB DEFAULT CHARSET=latin1;

-- --------------------------------------------------------

--
-- Table structure for table `hostel_registration`
--

CREATE TABLE `hostel_registration` (
  `id` int(20) NOT NULL,
  `name` varchar(580) DEFAULT '',
  `code` varchar(50) DEFAULT '',
  `type` varchar(50) DEFAULT '',
  `id_staff` int(20) DEFAULT 0,
  `contact_number` int(20) DEFAULT 0,
  `max_capacity` int(20) DEFAULT 0,
  `address` varchar(580) DEFAULT '',
  `landmark` varchar(580) DEFAULT '',
  `city` varchar(580) DEFAULT '',
  `id_state` int(20) DEFAULT NULL,
  `id_country` int(20) DEFAULT NULL,
  `zipcode` int(10) DEFAULT NULL,
  `status` int(2) DEFAULT NULL,
  `created_by` int(20) DEFAULT NULL,
  `created_dt_tm` datetime DEFAULT current_timestamp(),
  `updated_by` int(20) DEFAULT NULL,
  `updated_dt_tm` datetime DEFAULT current_timestamp()
) ENGINE=InnoDB DEFAULT CHARSET=latin1;

--
-- Dumping data for table `hostel_registration`
--

INSERT INTO `hostel_registration` (`id`, `name`, `code`, `type`, `id_staff`, `contact_number`, `max_capacity`, `address`, `landmark`, `city`, `id_state`, `id_country`, `zipcode`, `status`, `created_by`, `created_dt_tm`, `updated_by`, `updated_dt_tm`) VALUES
(1, 'OUM Hostel', 'OH', 'Male', 1, 2147483647, 100, 'address ', 'landmark', 'city', 2, 1, 34243, 1, 1, '2020-07-11 12:06:58', NULL, '2020-07-11 12:06:58');

-- --------------------------------------------------------

--
-- Table structure for table `hostel_room`
--

CREATE TABLE `hostel_room` (
  `id` int(20) NOT NULL,
  `name` varchar(520) DEFAULT '',
  `name_optional_language` varchar(520) DEFAULT '',
  `short_code` varchar(50) DEFAULT '',
  `code` varchar(50) DEFAULT '',
  `level` int(2) DEFAULT 0,
  `id_parent` int(20) DEFAULT 0,
  `id_hostel` int(20) DEFAULT 0,
  `id_room_type` int(20) DEFAULT 0,
  `max_capacity` int(20) DEFAULT 0,
  `status` int(2) DEFAULT 1,
  `created_by` int(20) DEFAULT NULL,
  `created_dt_tm` datetime DEFAULT current_timestamp(),
  `updated_by` int(20) DEFAULT NULL,
  `updated_dt_tm` datetime DEFAULT current_timestamp()
) ENGINE=InnoDB DEFAULT CHARSET=latin1;

--
-- Dumping data for table `hostel_room`
--

INSERT INTO `hostel_room` (`id`, `name`, `name_optional_language`, `short_code`, `code`, `level`, `id_parent`, `id_hostel`, `id_room_type`, `max_capacity`, `status`, `created_by`, `created_dt_tm`, `updated_by`, `updated_dt_tm`) VALUES
(1, 'Appartment1', '', 'Appartment1', 'Appartment1', 1, 0, 1, 0, 0, 1, 1, '2020-07-11 12:07:20', NULL, '2020-07-11 12:07:20'),
(2, '8-A Floor', '', '8-A Floor', '8-A Floor', 2, 1, 1, 0, 0, 1, 1, '2020-07-11 12:07:37', NULL, '2020-07-11 12:07:37'),
(3, '301', '', '301', '301', 3, 2, 1, 1, 1, 1, 1, '2020-07-11 12:08:07', NULL, '2020-07-11 12:08:07'),
(4, 'Room 8', '', 'Room 8', 'Room 8', 3, 2, 1, 1, 3, 1, 1, '2020-07-11 12:25:36', 1, '2020-07-11 12:25:36'),
(5, '302', '', '302', '302', 3, 2, 1, 1, 1, 1, 1, '2020-07-11 12:31:33', NULL, '2020-07-11 12:31:33');

-- --------------------------------------------------------

--
-- Table structure for table `hostel_room_type`
--

CREATE TABLE `hostel_room_type` (
  `id` int(20) NOT NULL,
  `name` varchar(520) DEFAULT '',
  `name_in_malay` varchar(520) DEFAULT '',
  `code` varchar(50) DEFAULT '',
  `status` int(2) DEFAULT NULL,
  `created_by` int(20) DEFAULT NULL,
  `created_dt_tm` datetime DEFAULT current_timestamp(),
  `updated_by` int(20) DEFAULT NULL,
  `updated_dt_tm` datetime DEFAULT current_timestamp()
) ENGINE=InnoDB DEFAULT CHARSET=latin1;

--
-- Dumping data for table `hostel_room_type`
--

INSERT INTO `hostel_room_type` (`id`, `name`, `name_in_malay`, `code`, `status`, `created_by`, `created_dt_tm`, `updated_by`, `updated_dt_tm`) VALUES
(1, 'Single Bed', 'Single Bed', 'SB', 1, 1, '2020-07-11 12:05:32', NULL, '2020-07-11 12:05:32');

-- --------------------------------------------------------

--
-- Table structure for table `intake`
--

CREATE TABLE `intake` (
  `id` int(20) NOT NULL,
  `name` varchar(520) DEFAULT '',
  `year` int(5) DEFAULT NULL,
  `code` varchar(200) DEFAULT '',
  `is_sibbling_discount` int(2) DEFAULT 0,
  `is_employee_discount` int(2) DEFAULT 0,
  `is_alumni_discount` int(2) DEFAULT 0,
  `is_temp_offer_letter` int(2) DEFAULT 1,
  `name_in_malay` varchar(200) DEFAULT NULL,
  `start_date` datetime DEFAULT current_timestamp(),
  `end_date` datetime DEFAULT current_timestamp(),
  `semester_sequence` varchar(50) DEFAULT '',
  `status` int(2) DEFAULT NULL,
  `created_by` int(20) DEFAULT NULL,
  `created_dt_tm` datetime DEFAULT current_timestamp(),
  `updated_by` int(20) DEFAULT NULL,
  `updated_dt_tm` datetime DEFAULT current_timestamp()
) ENGINE=InnoDB DEFAULT CHARSET=latin1;

--
-- Dumping data for table `intake`
--

INSERT INTO `intake` (`id`, `name`, `year`, `code`, `is_sibbling_discount`, `is_employee_discount`, `is_alumni_discount`, `is_temp_offer_letter`, `name_in_malay`, `start_date`, `end_date`, `semester_sequence`, `status`, `created_by`, `created_dt_tm`, `updated_by`, `updated_dt_tm`) VALUES
(1, 'January 2020', 2020, '', 0, 1, 0, 1, 'Januari 2020', '2019-09-01 00:00:00', '2020-01-01 00:00:00', 'January', 0, NULL, '2020-07-10 23:58:44', NULL, '2020-07-10 23:58:44'),
(2, 'May 2020 Intake', 2016, '', 1, 1, 1, 0, 'Ambilan Mei 2020', '2020-01-01 00:00:00', '2020-09-30 00:00:00', 'May', 0, NULL, '2020-08-27 17:01:11', NULL, '2020-08-27 17:01:11'),
(3, 'February 2021', 2021, '', 0, 0, 0, 1, 'February 2021', '2021-01-01 00:00:00', '2021-01-29 00:00:00', 'January', 1, NULL, '2020-08-31 23:29:21', NULL, '2020-08-31 23:29:21'),
(4, 'January 2016', 2016, '', 0, 0, 0, 1, 'Januari 2016', '2015-09-01 00:00:00', '2016-07-01 00:00:00', 'January', 0, NULL, '2020-08-31 23:36:09', NULL, '2020-08-31 23:36:09'),
(5, 'tsting', 2020, '', 1, 1, 1, 1, '', '2020-01-11 00:00:00', '1970-01-01 00:00:00', 'February', 0, NULL, '2020-11-10 21:13:17', NULL, '2020-11-10 21:13:17'),
(6, 'Nov Test 1', 2020, '', 1, 1, 0, 0, '', '1970-01-01 00:00:00', '2021-01-17 00:00:00', 'October', 1, NULL, '2020-11-11 02:16:58', NULL, '2020-11-11 02:16:58');

-- --------------------------------------------------------

--
-- Table structure for table `intake_has_branch`
--

CREATE TABLE `intake_has_branch` (
  `id` bigint(20) NOT NULL,
  `id_intake` int(20) DEFAULT 0,
  `id_branch` int(20) DEFAULT 0,
  `registration_date` datetime DEFAULT NULL,
  `registration_time` varchar(2048) DEFAULT '',
  `status` int(20) DEFAULT 1,
  `created_by` int(20) DEFAULT 0,
  `created_dt_tm` datetime DEFAULT current_timestamp(),
  `updated_by` int(20) DEFAULT 0,
  `updated_dt_tm` datetime DEFAULT current_timestamp()
) ENGINE=InnoDB DEFAULT CHARSET=latin1;

--
-- Dumping data for table `intake_has_branch`
--

INSERT INTO `intake_has_branch` (`id`, `id_intake`, `id_branch`, `registration_date`, `registration_time`, `status`, `created_by`, `created_dt_tm`, `updated_by`, `updated_dt_tm`) VALUES
(1, 1, 4, '2020-09-01 00:00:00', '11:23 PM', 1, 0, '2020-08-31 19:58:43', 0, '2020-08-31 19:58:43');

-- --------------------------------------------------------

--
-- Table structure for table `intake_has_programme`
--

CREATE TABLE `intake_has_programme` (
  `id` int(20) NOT NULL,
  `id_programme` int(20) DEFAULT NULL,
  `id_intake` int(20) DEFAULT NULL,
  `status` int(2) DEFAULT 1,
  `created_by` int(20) DEFAULT NULL,
  `created_dt_tm` datetime DEFAULT current_timestamp(),
  `updated_by` int(20) DEFAULT NULL,
  `updated_dt_tm` datetime DEFAULT current_timestamp()
) ENGINE=InnoDB DEFAULT CHARSET=latin1;

--
-- Dumping data for table `intake_has_programme`
--

INSERT INTO `intake_has_programme` (`id`, `id_programme`, `id_intake`, `status`, `created_by`, `created_dt_tm`, `updated_by`, `updated_dt_tm`) VALUES
(23, 0, 1, 1, NULL, '2020-08-20 06:22:01', NULL, '2020-08-20 06:22:01'),
(24, 3, 1, 1, NULL, '2020-08-20 06:22:04', NULL, '2020-08-20 06:22:04'),
(25, 0, 1, 1, NULL, '2020-08-20 06:54:24', NULL, '2020-08-20 06:54:24'),
(26, 0, 1, 1, NULL, '2020-08-20 06:55:00', NULL, '2020-08-20 06:55:00'),
(27, 0, 1, 1, NULL, '2020-08-22 23:39:08', NULL, '2020-08-22 23:39:08'),
(28, 0, 1, 1, NULL, '2020-08-22 23:39:27', NULL, '2020-08-22 23:39:27'),
(29, 0, 1, 1, NULL, '2020-08-23 09:11:17', NULL, '2020-08-23 09:11:17'),
(30, 0, 1, 1, NULL, '2020-08-25 04:02:54', NULL, '2020-08-25 04:02:54'),
(31, 0, 1, 1, NULL, '2020-08-25 04:05:32', NULL, '2020-08-25 04:05:32'),
(32, 0, 1, 1, NULL, '2020-08-25 04:06:01', NULL, '2020-08-25 04:06:01'),
(33, 0, 1, 1, NULL, '2020-08-27 00:44:22', NULL, '2020-08-27 00:44:22'),
(34, 4, 1, 1, NULL, '2020-08-27 00:44:42', NULL, '2020-08-27 00:44:42'),
(35, 0, 1, 1, NULL, '2020-08-27 01:10:31', NULL, '2020-08-27 01:10:31'),
(36, 0, 1, 1, NULL, '2020-08-27 05:10:29', NULL, '2020-08-27 05:10:29'),
(37, 0, 1, 1, NULL, '2020-08-27 05:10:53', NULL, '2020-08-27 05:10:53'),
(38, 3, 2, 1, 1, '2020-08-27 17:01:11', NULL, '2020-08-27 17:01:11'),
(39, 4, 2, 1, 1, '2020-08-27 17:01:11', NULL, '2020-08-27 17:01:11'),
(40, 3, 3, 1, 1, '2020-08-31 23:29:21', NULL, '2020-08-31 23:29:21'),
(41, 4, 4, 1, 1, '2020-08-31 23:36:09', NULL, '2020-08-31 23:36:09'),
(42, 3, 4, 1, NULL, '2020-09-01 21:41:54', NULL, '2020-09-01 21:41:54'),
(43, 5, 3, 1, NULL, '2020-10-28 00:27:57', NULL, '2020-10-28 00:27:57'),
(44, 6, 1, 1, NULL, '2020-11-08 08:13:15', NULL, '2020-11-08 08:13:15'),
(45, 5, 5, 1, 1, '2020-11-10 21:13:17', NULL, '2020-11-10 21:13:17'),
(46, 6, 5, 1, NULL, '2020-11-10 21:13:42', NULL, '2020-11-10 21:13:42'),
(47, 3, 6, 1, 1, '2020-11-11 02:16:58', NULL, '2020-11-11 02:16:58'),
(48, 4, 6, 1, 1, '2020-11-11 02:16:58', NULL, '2020-11-11 02:16:58'),
(49, 7, 6, 1, NULL, '2020-11-11 02:44:13', NULL, '2020-11-11 02:44:13'),
(50, 7, 1, 1, NULL, '2020-11-11 03:26:02', NULL, '2020-11-11 03:26:02'),
(51, 8, 1, 1, NULL, '2020-12-09 01:39:26', NULL, '2020-12-09 01:39:26'),
(52, 9, 1, 1, NULL, '2020-12-22 23:31:38', NULL, '2020-12-22 23:31:38'),
(53, 10, 3, 1, NULL, '2021-01-12 20:00:48', NULL, '2021-01-12 20:00:48'),
(54, 11, 3, 1, NULL, '2021-01-12 20:00:52', NULL, '2021-01-12 20:00:52');

-- --------------------------------------------------------

--
-- Table structure for table `intake_has_scheme`
--

CREATE TABLE `intake_has_scheme` (
  `id` bigint(20) NOT NULL,
  `id_intake` int(20) DEFAULT 0,
  `id_scheme` int(20) DEFAULT 0,
  `status` int(20) DEFAULT 1,
  `created_by` int(20) DEFAULT 0,
  `created_dt_tm` datetime DEFAULT current_timestamp(),
  `updated_by` int(20) DEFAULT 0,
  `updated_dt_tm` datetime DEFAULT current_timestamp()
) ENGINE=InnoDB DEFAULT CHARSET=latin1;

--
-- Dumping data for table `intake_has_scheme`
--

INSERT INTO `intake_has_scheme` (`id`, `id_intake`, `id_scheme`, `status`, `created_by`, `created_dt_tm`, `updated_by`, `updated_dt_tm`) VALUES
(1, 3, 1, 1, 0, '2020-08-31 23:46:39', 0, '2020-08-31 23:46:39'),
(2, 3, 4, 1, 0, '2020-08-31 23:46:50', 0, '2020-08-31 23:46:50'),
(3, 4, 1, 1, 0, '2020-09-02 01:20:58', 0, '2020-09-02 01:20:58'),
(4, 1, 2, 1, 0, '2020-11-08 08:13:29', 0, '2020-11-08 08:13:29');

-- --------------------------------------------------------

--
-- Table structure for table `internship_application`
--

CREATE TABLE `internship_application` (
  `id` int(20) NOT NULL,
  `application_number` varchar(50) DEFAULT '',
  `id_company_type` bigint(20) DEFAULT 0,
  `id_company` bigint(20) DEFAULT 0,
  `id_student` bigint(20) DEFAULT 0,
  `id_intake` bigint(20) DEFAULT 0,
  `id_program` bigint(20) DEFAULT 0,
  `description` varchar(500) DEFAULT '',
  `from_dt` datetime DEFAULT current_timestamp(),
  `to_dt` datetime DEFAULT NULL,
  `duration` varchar(50) DEFAULT '',
  `is_reporting` int(2) DEFAULT 0,
  `reason` varchar(50) DEFAULT '',
  `status` int(2) DEFAULT 0,
  `created_by` int(20) DEFAULT NULL,
  `created_dt_tm` datetime DEFAULT current_timestamp(),
  `updated_by` int(20) DEFAULT NULL,
  `updated_dt_tm` datetime DEFAULT current_timestamp()
) ENGINE=InnoDB DEFAULT CHARSET=latin1;

--
-- Dumping data for table `internship_application`
--

INSERT INTO `internship_application` (`id`, `application_number`, `id_company_type`, `id_company`, `id_student`, `id_intake`, `id_program`, `description`, `from_dt`, `to_dt`, `duration`, `is_reporting`, `reason`, `status`, `created_by`, `created_dt_tm`, `updated_by`, `updated_dt_tm`) VALUES
(1, 'INTR000001/2020', 1, 1, 4, 1, 1, '6 Months for Training', '2020-07-12 00:00:00', NULL, '6', 0, '', 1, NULL, '2020-07-11 13:17:49', NULL, '2020-07-11 13:17:49');

-- --------------------------------------------------------

--
-- Table structure for table `internship_company_has_program`
--

CREATE TABLE `internship_company_has_program` (
  `id` int(20) NOT NULL,
  `id_company` bigint(20) DEFAULT 0,
  `id_company_type` bigint(20) DEFAULT 0,
  `id_intake` bigint(20) DEFAULT 0,
  `id_program` bigint(20) DEFAULT 0,
  `status` int(2) DEFAULT 0,
  `created_by` int(20) DEFAULT NULL,
  `created_dt_tm` datetime DEFAULT current_timestamp(),
  `updated_by` int(20) DEFAULT NULL,
  `updated_dt_tm` datetime DEFAULT current_timestamp()
) ENGINE=InnoDB DEFAULT CHARSET=latin1;

--
-- Dumping data for table `internship_company_has_program`
--

INSERT INTO `internship_company_has_program` (`id`, `id_company`, `id_company_type`, `id_intake`, `id_program`, `status`, `created_by`, `created_dt_tm`, `updated_by`, `updated_dt_tm`) VALUES
(1, 1, 0, 0, 1, 0, NULL, '2020-07-11 13:17:08', NULL, '2020-07-11 13:17:08'),
(2, 1, 0, 0, 0, 0, NULL, '2020-08-10 06:39:31', NULL, '2020-08-10 06:39:31');

-- --------------------------------------------------------

--
-- Table structure for table `internship_company_registration`
--

CREATE TABLE `internship_company_registration` (
  `id` int(20) NOT NULL,
  `name` varchar(500) DEFAULT '',
  `registration_no` varchar(50) DEFAULT '',
  `person_in_charge` varchar(500) DEFAULT '',
  `email` varchar(500) DEFAULT '',
  `address` varchar(500) DEFAULT '',
  `contact_number` bigint(20) DEFAULT 0,
  `id_company_type` bigint(20) DEFAULT 0,
  `id_country` bigint(20) DEFAULT 0,
  `id_state` bigint(20) DEFAULT 0,
  `city` varchar(500) DEFAULT '',
  `zipcode` bigint(20) DEFAULT 0,
  `status` int(2) DEFAULT 0,
  `created_by` int(20) DEFAULT NULL,
  `created_dt_tm` datetime DEFAULT current_timestamp(),
  `updated_by` int(20) DEFAULT NULL,
  `updated_dt_tm` datetime DEFAULT current_timestamp()
) ENGINE=InnoDB DEFAULT CHARSET=latin1;

--
-- Dumping data for table `internship_company_registration`
--

INSERT INTO `internship_company_registration` (`id`, `name`, `registration_no`, `person_in_charge`, `email`, `address`, `contact_number`, `id_company_type`, `id_country`, `id_state`, `city`, `zipcode`, `status`, `created_by`, `created_dt_tm`, `updated_by`, `updated_dt_tm`) VALUES
(1, 'Company one', 'Abc123', 'Abbhashah Chee Wee', 'azam@gmail.com', 'Addrss one', 2343423432, 1, 1, 1, 'City one', 23423, 1, 1, '2020-07-11 13:17:10', NULL, '2020-07-11 13:17:10');

-- --------------------------------------------------------

--
-- Table structure for table `internship_company_type`
--

CREATE TABLE `internship_company_type` (
  `id` int(20) NOT NULL,
  `name` varchar(500) DEFAULT '',
  `short_name` varchar(500) DEFAULT '',
  `name_in_malay` varchar(500) DEFAULT '',
  `code` varchar(500) DEFAULT '',
  `status` int(2) DEFAULT 0,
  `created_by` int(20) DEFAULT NULL,
  `created_dt_tm` datetime DEFAULT current_timestamp(),
  `updated_by` int(20) DEFAULT NULL,
  `updated_dt_tm` datetime DEFAULT current_timestamp()
) ENGINE=InnoDB DEFAULT CHARSET=latin1;

--
-- Dumping data for table `internship_company_type`
--

INSERT INTO `internship_company_type` (`id`, `name`, `short_name`, `name_in_malay`, `code`, `status`, `created_by`, `created_dt_tm`, `updated_by`, `updated_dt_tm`) VALUES
(1, 'SAS', '', 'Software Services', 'Software Services', 1, 1, '2020-07-11 13:16:20', NULL, '2020-07-11 13:16:20');

-- --------------------------------------------------------

--
-- Table structure for table `internship_student_limit`
--

CREATE TABLE `internship_student_limit` (
  `id` bigint(20) NOT NULL,
  `max_limit` bigint(20) DEFAULT 0,
  `status` int(2) DEFAULT 0,
  `created_by` int(20) DEFAULT NULL,
  `created_dt_tm` datetime DEFAULT current_timestamp(),
  `updated_by` int(20) DEFAULT NULL,
  `updated_dt_tm` datetime DEFAULT current_timestamp()
) ENGINE=InnoDB DEFAULT CHARSET=utf8;

--
-- Dumping data for table `internship_student_limit`
--

INSERT INTO `internship_student_limit` (`id`, `max_limit`, `status`, `created_by`, `created_dt_tm`, `updated_by`, `updated_dt_tm`) VALUES
(1, 3, 1, NULL, '2020-07-11 13:05:53', NULL, '2020-07-11 13:05:53');

-- --------------------------------------------------------

--
-- Table structure for table `inventory_allotment`
--

CREATE TABLE `inventory_allotment` (
  `id` int(20) NOT NULL,
  `level` int(20) DEFAULT 0,
  `id_room` int(20) DEFAULT 0,
  `id_inventory` int(20) DEFAULT 0,
  `quantity` int(20) DEFAULT 0,
  `status` int(2) DEFAULT 0,
  `created_by` int(20) DEFAULT NULL,
  `created_dt_tm` datetime DEFAULT current_timestamp(),
  `updated_by` int(20) DEFAULT NULL,
  `updated_dt_tm` datetime DEFAULT current_timestamp()
) ENGINE=InnoDB DEFAULT CHARSET=latin1;

--
-- Dumping data for table `inventory_allotment`
--

INSERT INTO `inventory_allotment` (`id`, `level`, `id_room`, `id_inventory`, `quantity`, `status`, `created_by`, `created_dt_tm`, `updated_by`, `updated_dt_tm`) VALUES
(1, 0, 3, 1, 1, 0, NULL, '2020-07-11 12:07:59', NULL, '2020-07-11 12:07:59'),
(2, 0, 4, 1, 3, 0, NULL, '2020-07-11 12:23:07', NULL, '2020-07-11 12:23:07'),
(3, 0, 4, 0, 0, 0, NULL, '2020-07-11 12:25:43', NULL, '2020-07-11 12:25:43'),
(4, 0, 4, 2, 1, 0, NULL, '2020-07-11 12:26:02', NULL, '2020-07-11 12:26:02'),
(5, 0, 4, 0, 0, 0, NULL, '2020-07-11 12:26:11', NULL, '2020-07-11 12:26:11'),
(6, 0, 5, 1, 1, 0, NULL, '2020-07-11 12:31:24', NULL, '2020-07-11 12:31:24'),
(7, 0, 5, 2, 1, 0, NULL, '2020-07-11 12:31:30', NULL, '2020-07-11 12:31:30'),
(8, 0, 3, 0, 0, 0, NULL, '2020-08-27 23:16:00', NULL, '2020-08-27 23:16:00'),
(9, 0, 3, 0, 0, 0, NULL, '2020-11-02 10:12:27', NULL, '2020-11-02 10:12:27'),
(10, 0, 3, 0, 0, 0, NULL, '2020-11-12 19:23:35', NULL, '2020-11-12 19:23:35'),
(11, 0, 3, 0, 0, 0, NULL, '2020-11-20 23:10:31', NULL, '2020-11-20 23:10:31'),
(12, 0, 3, 0, 0, 0, NULL, '2021-01-16 21:35:04', NULL, '2021-01-16 21:35:04');

-- --------------------------------------------------------

--
-- Table structure for table `investment_application`
--

CREATE TABLE `investment_application` (
  `id` int(20) NOT NULL,
  `application_number` varchar(50) DEFAULT '',
  `description` varchar(580) DEFAULT '',
  `date_time` datetime DEFAULT current_timestamp(),
  `amount` float(20,2) DEFAULT NULL,
  `file_upload` varchar(500) DEFAULT NULL,
  `id_investment_bank` int(20) DEFAULT 0,
  `is_registered` int(20) DEFAULT 0,
  `status` int(2) DEFAULT 0,
  `created_by` int(20) DEFAULT NULL,
  `created_dt_tm` datetime DEFAULT current_timestamp(),
  `updated_by` int(20) DEFAULT NULL,
  `updated_dt_tm` datetime DEFAULT current_timestamp()
) ENGINE=InnoDB DEFAULT CHARSET=latin1;

-- --------------------------------------------------------

--
-- Table structure for table `investment_application_details`
--

CREATE TABLE `investment_application_details` (
  `id` int(20) NOT NULL,
  `id_application` varchar(50) DEFAULT '',
  `duration` int(20) DEFAULT 0,
  `duration_type` varchar(80) DEFAULT '',
  `total_amount` float(20,2) DEFAULT 0.00,
  `id_institution` int(20) DEFAULT 0,
  `id_investment_type` int(20) DEFAULT 0,
  `profit_rate` int(20) DEFAULT 0,
  `id_bank` int(20) DEFAULT 0,
  `bank_branch` int(20) DEFAULT 0,
  `maturity_date` datetime DEFAULT current_timestamp(),
  `remarks` varchar(580) DEFAULT '',
  `is_registered` int(2) DEFAULT 0,
  `status` int(2) DEFAULT 0,
  `created_by` int(20) DEFAULT NULL,
  `created_dt_tm` datetime DEFAULT current_timestamp(),
  `updated_by` int(20) DEFAULT NULL,
  `updated_dt_tm` datetime DEFAULT current_timestamp()
) ENGINE=InnoDB DEFAULT CHARSET=latin1;

-- --------------------------------------------------------

--
-- Table structure for table `investment_institution`
--

CREATE TABLE `investment_institution` (
  `id` int(20) NOT NULL,
  `name` varchar(580) DEFAULT '',
  `code` varchar(50) DEFAULT '',
  `contact_number` int(20) DEFAULT NULL,
  `id_bank` int(20) DEFAULT NULL,
  `contact_name` varchar(500) DEFAULT NULL,
  `address` varchar(580) DEFAULT '',
  `landmark` varchar(580) DEFAULT '',
  `id_state` int(20) DEFAULT 0,
  `id_country` int(20) DEFAULT 0,
  `city` varchar(580) DEFAULT '',
  `branch` varchar(580) DEFAULT '',
  `zipcode` int(10) DEFAULT 0,
  `status` int(2) DEFAULT 0,
  `created_by` int(20) DEFAULT NULL,
  `created_dt_tm` datetime DEFAULT current_timestamp(),
  `updated_by` int(20) DEFAULT NULL,
  `updated_dt_tm` datetime DEFAULT current_timestamp()
) ENGINE=InnoDB DEFAULT CHARSET=latin1;

-- --------------------------------------------------------

--
-- Table structure for table `investment_registration`
--

CREATE TABLE `investment_registration` (
  `id` int(20) NOT NULL,
  `id_application` int(20) DEFAULT 0,
  `id_application_detail` int(20) DEFAULT 0,
  `registration_number` varchar(50) DEFAULT '',
  `name` varchar(580) DEFAULT '',
  `amount` float(20,2) DEFAULT 0.00,
  `rate_of_interest` int(20) DEFAULT 0,
  `contact_person_one` varchar(500) DEFAULT '',
  `contact_email_one` varchar(580) DEFAULT '',
  `contact_person_two` varchar(500) DEFAULT '',
  `contact_email_two` varchar(580) DEFAULT '',
  `effective_date` datetime DEFAULT current_timestamp(),
  `maturity_date` datetime DEFAULT current_timestamp(),
  `id_investment_bank` int(20) DEFAULT 0,
  `id_institution` int(20) DEFAULT 0,
  `id_investment_type` int(20) DEFAULT 0,
  `id_bank` int(20) DEFAULT 0,
  `profit_rate` int(20) DEFAULT 0,
  `interest_to_bank` int(20) DEFAULT 0,
  `interest_day` int(20) DEFAULT 0,
  `account_code` varchar(50) DEFAULT '',
  `activity_code` varchar(50) DEFAULT '',
  `department_code` varchar(50) DEFAULT '',
  `fund_code` varchar(50) DEFAULT '',
  `file_upload` varchar(250) DEFAULT '',
  `duration` int(20) DEFAULT 0,
  `duration_type` varchar(50) DEFAULT '',
  `profit_amount` float(20,2) DEFAULT 0.00,
  `previous_status` int(20) DEFAULT 0,
  `previous_rate` int(20) DEFAULT 0,
  `is_reinvested` int(20) DEFAULT 0,
  `investment_status` int(20) DEFAULT 0,
  `status` int(2) DEFAULT 0,
  `created_by` int(20) DEFAULT NULL,
  `created_dt_tm` datetime DEFAULT current_timestamp(),
  `updated_by` int(20) DEFAULT NULL,
  `updated_dt_tm` datetime DEFAULT current_timestamp()
) ENGINE=InnoDB DEFAULT CHARSET=latin1;

-- --------------------------------------------------------

--
-- Table structure for table `investment_registration_withdraw`
--

CREATE TABLE `investment_registration_withdraw` (
  `id` int(20) NOT NULL,
  `id_application` int(20) DEFAULT 0,
  `id_application_detail` int(20) DEFAULT 0,
  `id_investment_registration` int(20) DEFAULT 0,
  `reference_number` varchar(50) DEFAULT '',
  `amount` float(20,2) DEFAULT 0.00,
  `withdraw_date` datetime DEFAULT current_timestamp(),
  `status` int(2) DEFAULT 0,
  `created_by` int(20) DEFAULT NULL,
  `created_dt_tm` datetime DEFAULT current_timestamp(),
  `updated_by` int(20) DEFAULT NULL,
  `updated_dt_tm` datetime DEFAULT current_timestamp()
) ENGINE=InnoDB DEFAULT CHARSET=latin1;

-- --------------------------------------------------------

--
-- Table structure for table `investment_type`
--

CREATE TABLE `investment_type` (
  `id` int(20) NOT NULL,
  `type` varchar(100) DEFAULT '',
  `contact_name` varchar(500) DEFAULT '',
  `contact_number` int(20) DEFAULT NULL,
  `account_code` varchar(50) DEFAULT '',
  `activity_code` varchar(50) DEFAULT '',
  `fund_code` varchar(50) DEFAULT '',
  `department_code` varchar(50) DEFAULT '',
  `status` int(2) DEFAULT 0,
  `created_by` int(20) DEFAULT NULL,
  `created_dt_tm` datetime DEFAULT current_timestamp(),
  `updated_by` int(20) DEFAULT NULL,
  `updated_dt_tm` datetime DEFAULT current_timestamp()
) ENGINE=InnoDB DEFAULT CHARSET=latin1;

-- --------------------------------------------------------

--
-- Table structure for table `is_scholarship_applicant_examination_details`
--

CREATE TABLE `is_scholarship_applicant_examination_details` (
  `id` int(20) NOT NULL,
  `id_scholarship_program` int(20) DEFAULT 0,
  `is_qualification_level` int(20) DEFAULT 1,
  `is_degree_awarded` int(20) DEFAULT 1,
  `is_specialization` int(20) DEFAULT 1,
  `is_class_degree` int(20) DEFAULT 1,
  `is_result` int(20) DEFAULT 1,
  `is_year` int(20) DEFAULT 1,
  `is_medium` int(20) DEFAULT 1,
  `is_college_country` int(20) DEFAULT 1,
  `is_college_name` int(20) DEFAULT 1,
  `is_certificate` int(20) DEFAULT 1,
  `is_transcript` int(20) DEFAULT 1,
  `status` int(20) DEFAULT NULL,
  `created_by` int(20) DEFAULT NULL,
  `created_dt_tm` datetime DEFAULT current_timestamp(),
  `updated_by` int(20) DEFAULT NULL,
  `updated_dt_tm` datetime DEFAULT current_timestamp()
) ENGINE=InnoDB DEFAULT CHARSET=latin1;

--
-- Dumping data for table `is_scholarship_applicant_examination_details`
--

INSERT INTO `is_scholarship_applicant_examination_details` (`id`, `id_scholarship_program`, `is_qualification_level`, `is_degree_awarded`, `is_specialization`, `is_class_degree`, `is_result`, `is_year`, `is_medium`, `is_college_country`, `is_college_name`, `is_certificate`, `is_transcript`, `status`, `created_by`, `created_dt_tm`, `updated_by`, `updated_dt_tm`) VALUES
(1, 1, 1, 1, 1, 1, 1, 1, 1, 1, 1, 1, 1, NULL, NULL, '2020-07-22 02:12:09', NULL, '2020-07-22 02:12:09'),
(2, 2, 1, 1, 1, 1, 1, 1, 1, 1, 1, 1, 1, NULL, NULL, '2020-07-24 13:19:07', NULL, '2020-07-24 13:19:07'),
(3, 3, 1, 1, 1, 1, 1, 1, 1, 1, 1, 1, 1, NULL, NULL, '2020-07-24 23:42:06', NULL, '2020-07-24 23:42:06');

-- --------------------------------------------------------

--
-- Table structure for table `is_scholarship_applicant_personel_details`
--

CREATE TABLE `is_scholarship_applicant_personel_details` (
  `id` int(20) NOT NULL,
  `id_scholarship_program` int(20) DEFAULT 0,
  `is_year` int(20) DEFAULT 1,
  `is_id_intake` int(20) DEFAULT 1,
  `is_id_program` int(20) DEFAULT 1,
  `is_full_name` int(20) DEFAULT 1,
  `is_salutation` int(20) DEFAULT 1,
  `is_first_name` int(20) DEFAULT 1,
  `is_last_name` int(20) DEFAULT 1,
  `is_nric` int(20) DEFAULT 1,
  `is_passport` int(20) DEFAULT 1,
  `is_phone` int(20) DEFAULT 1,
  `is_email_id` int(20) DEFAULT 1,
  `is_password` int(20) DEFAULT 1,
  `is_passport_expiry_date` int(20) DEFAULT 1,
  `is_gender` int(20) DEFAULT 1,
  `is_date_of_birth` int(20) DEFAULT 1,
  `is_martial_status` int(20) DEFAULT 1,
  `is_religion` int(20) DEFAULT 1,
  `is_nationality` int(20) DEFAULT 1,
  `is_is_hostel` int(20) DEFAULT 1,
  `is_id_degree_type` int(20) DEFAULT 1,
  `is_id_race` int(20) DEFAULT 1,
  `is_mail_address1` int(20) DEFAULT 1,
  `is_mail_address2` int(20) DEFAULT 1,
  `is_mailing_country` int(20) DEFAULT 1,
  `is_mailing_state` int(20) DEFAULT 1,
  `is_mailing_city` int(20) DEFAULT 1,
  `is_mailing_zipcode` int(20) DEFAULT 1,
  `is_permanent_address1` int(20) DEFAULT 1,
  `is_permanent_address2` int(20) DEFAULT 1,
  `is_permanent_country` int(20) DEFAULT 1,
  `is_permanent_state` int(20) DEFAULT 1,
  `is_permanent_city` int(20) DEFAULT 1,
  `is_permanent_zipcode` int(20) DEFAULT 1,
  `is_sibbling_discount` int(20) DEFAULT 1,
  `is_employee_discount` int(20) DEFAULT 1,
  `is_applicant_status` int(20) DEFAULT 1,
  `is_is_sibbling_discount` int(20) DEFAULT 1,
  `is_is_employee_discount` int(20) DEFAULT 1,
  `is_id_type` int(20) DEFAULT 1,
  `is_passport_number` int(20) DEFAULT 1,
  `email_verified` int(2) DEFAULT 0,
  `is_submitted` int(2) DEFAULT 0,
  `is_updated` int(2) DEFAULT 0,
  `reason` varchar(2048) DEFAULT '',
  `status` int(20) DEFAULT NULL,
  `approved_by` int(20) DEFAULT 0,
  `created_by` int(20) DEFAULT NULL,
  `created_dt_tm` datetime DEFAULT current_timestamp(),
  `updated_by` int(20) DEFAULT NULL,
  `updated_dt_tm` datetime DEFAULT current_timestamp()
) ENGINE=InnoDB DEFAULT CHARSET=latin1;

--
-- Dumping data for table `is_scholarship_applicant_personel_details`
--

INSERT INTO `is_scholarship_applicant_personel_details` (`id`, `id_scholarship_program`, `is_year`, `is_id_intake`, `is_id_program`, `is_full_name`, `is_salutation`, `is_first_name`, `is_last_name`, `is_nric`, `is_passport`, `is_phone`, `is_email_id`, `is_password`, `is_passport_expiry_date`, `is_gender`, `is_date_of_birth`, `is_martial_status`, `is_religion`, `is_nationality`, `is_is_hostel`, `is_id_degree_type`, `is_id_race`, `is_mail_address1`, `is_mail_address2`, `is_mailing_country`, `is_mailing_state`, `is_mailing_city`, `is_mailing_zipcode`, `is_permanent_address1`, `is_permanent_address2`, `is_permanent_country`, `is_permanent_state`, `is_permanent_city`, `is_permanent_zipcode`, `is_sibbling_discount`, `is_employee_discount`, `is_applicant_status`, `is_is_sibbling_discount`, `is_is_employee_discount`, `is_id_type`, `is_passport_number`, `email_verified`, `is_submitted`, `is_updated`, `reason`, `status`, `approved_by`, `created_by`, `created_dt_tm`, `updated_by`, `updated_dt_tm`) VALUES
(1, 1, 1, 1, 1, 1, 1, 1, 1, 1, 1, 1, 1, 1, 1, 1, 1, 1, 1, 1, 1, 1, 1, 1, 1, 1, 1, 1, 1, 1, 1, 1, 1, 1, 1, 1, 1, 1, 1, 1, 1, 1, 0, 0, 0, '', NULL, 0, NULL, '2020-07-22 02:12:09', NULL, '2020-07-22 02:12:09'),
(2, 2, 1, 1, 1, 1, 1, 1, 1, 1, 1, 1, 1, 1, 1, 1, 1, 1, 1, 1, 1, 1, 1, 1, 1, 1, 1, 1, 1, 1, 1, 1, 1, 1, 1, 1, 1, 1, 1, 1, 1, 1, 0, 0, 0, '', NULL, 0, NULL, '2020-07-24 13:19:07', NULL, '2020-07-24 13:19:07'),
(3, 3, 1, 1, 1, 1, 1, 1, 1, 1, 1, 1, 1, 1, 1, 1, 1, 1, 1, 1, 1, 1, 1, 1, 1, 1, 1, 1, 1, 1, 1, 1, 1, 1, 1, 1, 1, 1, 1, 1, 1, 1, 0, 0, 0, '', NULL, 0, NULL, '2020-07-24 23:42:06', NULL, '2020-07-24 23:42:06');

-- --------------------------------------------------------

--
-- Table structure for table `is_scholar_applicant_employment_status`
--

CREATE TABLE `is_scholar_applicant_employment_status` (
  `id` int(20) NOT NULL,
  `id_scholarship_program` int(10) DEFAULT 0,
  `is_company_name` int(20) DEFAULT 1,
  `is_company_address` int(20) DEFAULT 1,
  `is_telephone` int(20) DEFAULT 1,
  `is_fax_num` int(20) DEFAULT 1,
  `is_designation` int(20) DEFAULT 1,
  `is_position` int(20) DEFAULT 1,
  `is_service_year` int(20) DEFAULT 1,
  `is_industry` int(20) DEFAULT 1,
  `is_job_desc` int(20) DEFAULT 1,
  `is_employment_letter` int(20) DEFAULT 1,
  `status` int(20) DEFAULT NULL,
  `created_by` int(20) DEFAULT NULL,
  `created_dt_tm` datetime DEFAULT current_timestamp(),
  `updated_by` int(20) DEFAULT NULL,
  `updated_dt_tm` datetime DEFAULT current_timestamp()
) ENGINE=InnoDB DEFAULT CHARSET=latin1;

--
-- Dumping data for table `is_scholar_applicant_employment_status`
--

INSERT INTO `is_scholar_applicant_employment_status` (`id`, `id_scholarship_program`, `is_company_name`, `is_company_address`, `is_telephone`, `is_fax_num`, `is_designation`, `is_position`, `is_service_year`, `is_industry`, `is_job_desc`, `is_employment_letter`, `status`, `created_by`, `created_dt_tm`, `updated_by`, `updated_dt_tm`) VALUES
(1, 1, 1, 1, 1, 1, 1, 1, 1, 1, 1, 1, NULL, NULL, '2020-07-22 02:12:09', NULL, '2020-07-22 02:12:09'),
(2, 2, 1, 1, 1, 1, 1, 1, 1, 1, 1, 1, NULL, NULL, '2020-07-24 13:19:07', NULL, '2020-07-24 13:19:07'),
(3, 3, 1, 1, 1, 1, 1, 1, 1, 1, 1, 1, NULL, NULL, '2020-07-24 23:42:06', NULL, '2020-07-24 23:42:06');

-- --------------------------------------------------------

--
-- Table structure for table `is_scholar_applicant_family_details`
--

CREATE TABLE `is_scholar_applicant_family_details` (
  `id` int(20) NOT NULL,
  `id_scholarship_program` int(20) DEFAULT 0,
  `is_father_name` int(20) DEFAULT 1,
  `is_mother_name` int(20) DEFAULT 1,
  `is_father_deceased` int(20) DEFAULT 1,
  `is_father_occupation` int(20) DEFAULT 1,
  `is_no_siblings` int(20) DEFAULT 1,
  `is_est_fee` int(20) DEFAULT 1,
  `is_family_annual_income` int(20) DEFAULT 1,
  `reason` varchar(50) DEFAULT '',
  `status` int(2) DEFAULT 0,
  `created_by` int(20) DEFAULT NULL,
  `created_dt_tm` datetime DEFAULT current_timestamp(),
  `updated_by` int(20) DEFAULT NULL,
  `updated_dt_tm` datetime DEFAULT current_timestamp()
) ENGINE=InnoDB DEFAULT CHARSET=latin1;

--
-- Dumping data for table `is_scholar_applicant_family_details`
--

INSERT INTO `is_scholar_applicant_family_details` (`id`, `id_scholarship_program`, `is_father_name`, `is_mother_name`, `is_father_deceased`, `is_father_occupation`, `is_no_siblings`, `is_est_fee`, `is_family_annual_income`, `reason`, `status`, `created_by`, `created_dt_tm`, `updated_by`, `updated_dt_tm`) VALUES
(1, 1, 1, 1, 1, 1, 1, 1, 1, '', 0, NULL, '2020-07-22 02:12:09', NULL, '2020-07-22 02:12:09'),
(2, 2, 1, 1, 1, 1, 1, 1, 1, '', 0, NULL, '2020-07-24 13:19:07', NULL, '2020-07-24 13:19:07'),
(3, 3, 1, 1, 1, 1, 1, 1, 1, '', 0, NULL, '2020-07-24 23:42:06', NULL, '2020-07-24 23:42:06');

-- --------------------------------------------------------

--
-- Table structure for table `journal`
--

CREATE TABLE `journal` (
  `id` int(20) NOT NULL,
  `journal_number` varchar(20) DEFAULT NULL,
  `date` datetime DEFAULT current_timestamp(),
  `reason` varchar(520) DEFAULT NULL,
  `total_amount` varchar(20) DEFAULT NULL,
  `id_financial_year` int(10) DEFAULT NULL,
  `status` int(2) DEFAULT 1,
  `created_by` int(20) DEFAULT NULL,
  `created_dt_tm` datetime DEFAULT current_timestamp(),
  `updated_by` int(20) DEFAULT NULL,
  `updated_dt_tm` datetime DEFAULT current_timestamp(),
  `approval_status` int(10) DEFAULT 0
) ENGINE=InnoDB DEFAULT CHARSET=latin1;

-- --------------------------------------------------------

--
-- Table structure for table `journal_details`
--

CREATE TABLE `journal_details` (
  `id` int(20) NOT NULL,
  `id_journal` int(20) DEFAULT NULL,
  `journal_type` varchar(50) DEFAULT '',
  `credit_amount` varchar(50) DEFAULT '',
  `debit_amount` varchar(50) DEFAULT '',
  `id_account_code` int(20) DEFAULT NULL,
  `id_activity_code` int(20) DEFAULT NULL,
  `id_department_code` int(20) DEFAULT NULL,
  `id_fund_code` int(20) DEFAULT NULL,
  `status` int(2) DEFAULT 1,
  `created_by` int(20) DEFAULT NULL,
  `created_dt_tm` datetime DEFAULT current_timestamp(),
  `updated_by` int(20) DEFAULT NULL,
  `updated_dt_tm` datetime DEFAULT current_timestamp()
) ENGINE=InnoDB DEFAULT CHARSET=latin1;

-- --------------------------------------------------------

--
-- Table structure for table `landscape_course_type`
--

CREATE TABLE `landscape_course_type` (
  `id` int(20) NOT NULL,
  `name` varchar(250) DEFAULT '',
  `code` varchar(50) DEFAULT '',
  `status` int(2) DEFAULT NULL,
  `created_by` int(20) DEFAULT NULL,
  `created_dt_tm` datetime DEFAULT current_timestamp(),
  `updated_by` int(20) DEFAULT NULL,
  `updated_dt_tm` datetime DEFAULT current_timestamp()
) ENGINE=InnoDB DEFAULT CHARSET=latin1;

--
-- Dumping data for table `landscape_course_type`
--

INSERT INTO `landscape_course_type` (`id`, `name`, `code`, `status`, `created_by`, `created_dt_tm`, `updated_by`, `updated_dt_tm`) VALUES
(1, 'MPU', 'MPU', 1, NULL, '2020-07-19 09:21:49', NULL, '2020-07-19 09:21:49'),
(2, 'UCS', 'UCS', 1, NULL, '2020-07-19 09:22:08', NULL, '2020-07-19 09:22:08'),
(3, 'Common Core', 'CCORE', 1, NULL, '2020-07-19 09:22:08', NULL, '2020-07-19 09:22:08'),
(4, 'Discipline Core', 'DCORE', 1, NULL, '2020-07-19 09:22:08', NULL, '2020-07-19 09:22:08'),
(5, 'Elective', 'ELEC', 1, NULL, '2020-07-19 09:22:08', NULL, '2020-07-19 09:22:08'),
(6, 'Industrial Training', 'IND', 1, NULL, '2020-07-19 09:22:08', NULL, '2020-07-19 09:22:08'),
(7, 'PROFESSIONAL PRACTICE', 'PRAC', 1, NULL, '2020-08-27 05:21:19', NULL, '2020-08-27 05:21:19');

-- --------------------------------------------------------

--
-- Table structure for table `late_registration`
--

CREATE TABLE `late_registration` (
  `id` int(20) NOT NULL,
  `semester_type` varchar(50) DEFAULT '',
  `effective_date` datetime DEFAULT current_timestamp(),
  `no_of_days` int(20) DEFAULT NULL,
  `penalty` varchar(20) DEFAULT '',
  `no_of_days_for_special_appeal` int(20) DEFAULT NULL,
  `special_appeal_penalty` varchar(20) DEFAULT '',
  `status` int(2) DEFAULT 1,
  `created_by` int(20) DEFAULT NULL,
  `created_dt_tm` datetime DEFAULT current_timestamp(),
  `updated_by` int(20) DEFAULT NULL,
  `updated_dt_tm` datetime DEFAULT current_timestamp()
) ENGINE=InnoDB DEFAULT CHARSET=latin1;

-- --------------------------------------------------------

--
-- Table structure for table `main_invoice`
--

CREATE TABLE `main_invoice` (
  `id` int(20) NOT NULL,
  `type` varchar(50) DEFAULT '',
  `id_program` int(20) DEFAULT 0,
  `id_intake` int(20) DEFAULT 0,
  `invoice_number` varchar(50) DEFAULT '',
  `type_of_invoice` varchar(50) DEFAULT '',
  `date_time` datetime DEFAULT current_timestamp(),
  `remarks` varchar(520) DEFAULT '',
  `id_application` int(10) DEFAULT NULL,
  `id_sponser` int(20) DEFAULT 0,
  `id_student` int(10) DEFAULT NULL,
  `no_count` int(20) DEFAULT 0,
  `applicant_partner_fee` int(20) DEFAULT 0,
  `currency` varchar(200) DEFAULT '',
  `total_amount` float(20,2) DEFAULT 0.00,
  `invoice_total` float(20,2) DEFAULT 0.00,
  `total_discount` float(20,2) DEFAULT 0.00,
  `balance_amount` float(20,2) DEFAULT 0.00,
  `paid_amount` float(20,2) DEFAULT 0.00,
  `is_migrate_applicant` int(20) DEFAULT 0,
  `reason` varchar(2048) DEFAULT '',
  `status` int(2) DEFAULT NULL,
  `created_by` int(20) DEFAULT NULL,
  `created_dt_tm` datetime DEFAULT current_timestamp(),
  `updated_by` int(20) DEFAULT NULL,
  `updated_dt_tm` datetime DEFAULT current_timestamp()
) ENGINE=InnoDB DEFAULT CHARSET=latin1;

--
-- Dumping data for table `main_invoice`
--

INSERT INTO `main_invoice` (`id`, `type`, `id_program`, `id_intake`, `invoice_number`, `type_of_invoice`, `date_time`, `remarks`, `id_application`, `id_sponser`, `id_student`, `no_count`, `applicant_partner_fee`, `currency`, `total_amount`, `invoice_total`, `total_discount`, `balance_amount`, `paid_amount`, `is_migrate_applicant`, `reason`, `status`, `created_by`, `created_dt_tm`, `updated_by`, `updated_dt_tm`) VALUES
(65, 'Applicant', 10, 3, 'INV000001/2021', '', '2021-01-15 01:29:23', 'Application Registration Fee', 1, 0, 128, 0, 0, '1', 590.00, 590.00, 0.00, 0.00, 590.00, 128, '', 1, 1, '2021-01-15 01:29:23', NULL, '2021-01-15 01:29:23'),
(66, 'Applicant', 10, 3, 'INV000002/2021', '', '2021-01-15 01:30:14', 'Application Registration Fee', 1, 0, 127, 0, 0, '1', 220.00, 220.00, 0.00, 0.00, 220.00, 127, '', 1, 1, '2021-01-15 01:30:14', NULL, '2021-01-15 01:30:14'),
(67, 'Applicant', 10, 3, 'INV000003/2021', '', '2021-01-15 01:33:29', 'Application Registration Fee', 1, 0, 124, 0, 0, '1', 220.00, 220.00, 0.00, 220.00, 0.00, 124, '', 1, 1, '2021-01-15 01:33:29', NULL, '2021-01-15 01:33:29'),
(68, 'Applicant', 10, 3, 'INV000004/2021', '', '2021-01-15 10:55:16', 'Application Registration Fee', 1, 0, 130, 0, 0, '1', 120.00, 120.00, 0.00, 0.00, 120.00, 130, '', 1, 1, '2021-01-15 10:55:16', NULL, '2021-01-15 10:55:16'),
(76, 'Applicant', 10, 3, 'INV000012/2021', '', '2021-01-17 23:11:07', 'OFFER ACCEPTED Fee', 1, 0, 137, 0, 0, '1', 220.00, 220.00, 0.00, 0.00, 220.00, 137, '', 1, 1, '2021-01-17 23:11:07', NULL, '2021-01-17 23:11:07');

-- --------------------------------------------------------

--
-- Table structure for table `main_invoice_details`
--

CREATE TABLE `main_invoice_details` (
  `id` int(20) NOT NULL,
  `id_main_invoice` int(10) DEFAULT NULL,
  `id_fee_item` int(10) DEFAULT NULL,
  `amount` float(20,2) DEFAULT NULL,
  `quantity` int(20) DEFAULT 0,
  `price` int(20) DEFAULT 0,
  `id_reference` int(20) DEFAULT 0,
  `description` varchar(1024) DEFAULT '',
  `status` int(2) DEFAULT NULL,
  `created_by` int(20) DEFAULT NULL,
  `created_dt_tm` datetime DEFAULT current_timestamp(),
  `updated_by` int(20) DEFAULT NULL,
  `updated_dt_tm` datetime DEFAULT current_timestamp()
) ENGINE=InnoDB DEFAULT CHARSET=latin1;

--
-- Dumping data for table `main_invoice_details`
--

INSERT INTO `main_invoice_details` (`id`, `id_main_invoice`, `id_fee_item`, `amount`, `quantity`, `price`, `id_reference`, `description`, `status`, `created_by`, `created_dt_tm`, `updated_by`, `updated_dt_tm`) VALUES
(96, 52, 6, 12000.00, 1, 12000, 111, 'Application Registration Fee', 1, 1, '2020-12-25 12:00:46', NULL, '2020-12-25 12:00:46'),
(97, 52, 8, 8000.00, 1, 8000, 111, 'Application Registration Fee', 1, 1, '2020-12-25 12:00:46', NULL, '2020-12-25 12:00:46'),
(98, 53, 8, 200.00, 1, 200, 218, 'Application Registration Fee', 1, 1, '2020-12-25 12:02:44', NULL, '2020-12-25 12:02:44'),
(99, 54, 8, 300.00, 1, 300, 223, 'Application Registration Fee', 1, 1, '2020-12-25 12:03:16', NULL, '2020-12-25 12:03:16'),
(100, 55, 12, 1000.00, 1, 1000, 241, 'Student Course Registration Per Semester Trigger Fee', 1, 1, '2020-12-25 12:30:40', NULL, '2020-12-25 12:30:40'),
(101, 55, 7, 6000.00, 1, 6000, 58, 'Student Course Registration Installment Trigger Fee', 1, 1, '2020-12-25 12:30:40', NULL, '2020-12-25 12:30:40'),
(102, 56, 12, 1000.00, 1, 1000, 241, 'Student Course Registration Per Semester Trigger Fee', 1, 1, '2020-12-25 12:32:34', NULL, '2020-12-25 12:32:34'),
(103, 56, 7, 6000.00, 1, 6000, 58, 'Student Course Registration Installment Trigger Fee', 1, 1, '2020-12-25 12:32:34', NULL, '2020-12-25 12:32:34'),
(104, 57, 12, 1000.00, 1, 1000, 241, 'Student Course Registration Per Semester Trigger Fee', 1, 1, '2020-12-25 12:35:29', NULL, '2020-12-25 12:35:29'),
(105, 57, 7, 6000.00, 1, 6000, 58, 'Student Course Registration Installment Trigger Fee', 1, 1, '2020-12-25 12:35:29', NULL, '2020-12-25 12:35:29'),
(106, 58, 12, 1000.00, 1, 1000, 241, 'Student Course Registration Per Semester Trigger Fee', 1, 1, '2020-12-25 12:39:33', NULL, '2020-12-25 12:39:33'),
(107, 58, 7, 6000.00, 1, 6000, 58, 'Student Course Registration Installment Trigger Fee', 1, 1, '2020-12-25 12:39:33', NULL, '2020-12-25 12:39:33'),
(108, 59, 7, 20000.00, 1, 20000, 242, 'Student Semester Promotion (Per Semester) Trigger Fee', 1, 1, '2020-12-25 12:57:50', NULL, '2020-12-25 12:57:50'),
(109, 59, 12, 5000.00, 1, 5000, 59, 'Student Semester Promotion Installment Trigger Fee', 1, 1, '2020-12-25 12:57:50', NULL, '2020-12-25 12:57:50'),
(110, 60, 8, 12.00, 1, 12, 115, 'Application Registration Fee', 1, 1, '2021-01-12 20:12:15', NULL, '2021-01-12 20:12:15'),
(111, 60, 11, 11.00, 1, 11, 115, 'Application Registration Fee', 1, 1, '2021-01-12 20:12:15', NULL, '2021-01-12 20:12:15'),
(112, 60, 12, 2.00, 1, 2, 115, 'Application Registration Fee', 1, 1, '2021-01-12 20:12:15', NULL, '2021-01-12 20:12:15'),
(113, 61, 6, 1900.00, 1, 1900, 116, 'Application Registration Fee', 1, 1, '2021-01-13 03:22:49', NULL, '2021-01-13 03:22:49'),
(114, 62, 8, 590.00, 1, 590, 259, 'OFFER ACCEPTED Fee', 1, 1, '2021-01-14 13:19:58', NULL, '2021-01-14 13:19:58'),
(115, 63, 8, 590.00, 1, 590, 259, 'OFFER ACCEPTED Fee', 1, 1, '2021-01-14 21:53:13', NULL, '2021-01-14 21:53:13'),
(116, 64, 8, 590.00, 1, 590, 263, 'OFFER ACCEPTED Fee', 1, 1, '2021-01-14 23:17:57', NULL, '2021-01-14 23:17:57'),
(117, 65, 8, 590.00, 1, 590, 259, 'OFFER ACCEPTED Fee', 1, 1, '2021-01-15 01:29:23', NULL, '2021-01-15 01:29:23'),
(118, 66, 10, 220.00, 1, 220, 268, 'OFFER ACCEPTED Fee', 1, 1, '2021-01-15 01:30:14', NULL, '2021-01-15 01:30:14'),
(119, 67, 10, 220.00, 1, 220, 268, 'OFFER ACCEPTED Fee', 1, 1, '2021-01-15 01:33:29', NULL, '2021-01-15 01:33:29'),
(120, 68, 12, 120.00, 1, 120, 266, 'OFFER ACCEPTED Fee', 1, 1, '2021-01-15 10:55:16', NULL, '2021-01-15 10:55:16'),
(121, 69, 10, 220.00, 1, 220, 268, 'OFFER ACCEPTED Fee', 1, 1, '2021-01-17 22:11:12', NULL, '2021-01-17 22:11:12'),
(122, 70, 10, 220.00, 1, 220, 268, 'OFFER ACCEPTED Fee', 1, 1, '2021-01-17 22:13:05', NULL, '2021-01-17 22:13:05'),
(123, 71, 10, 220.00, 1, 220, 268, 'OFFER ACCEPTED Fee', 1, 1, '2021-01-17 22:13:10', NULL, '2021-01-17 22:13:10'),
(124, 72, 10, 220.00, 1, 220, 268, 'OFFER ACCEPTED Fee', 1, 1, '2021-01-17 22:14:52', NULL, '2021-01-17 22:14:52'),
(125, 73, 10, 220.00, 1, 220, 268, 'OFFER ACCEPTED Fee', 1, 1, '2021-01-17 22:23:43', NULL, '2021-01-17 22:23:43'),
(126, 74, 10, 220.00, 1, 220, 268, 'OFFER ACCEPTED Fee', 1, 1, '2021-01-17 22:23:49', NULL, '2021-01-17 22:23:49'),
(127, 75, 10, 220.00, 1, 220, 268, 'OFFER ACCEPTED Fee', 1, 1, '2021-01-17 22:24:11', NULL, '2021-01-17 22:24:11'),
(128, 76, 10, 220.00, 1, 220, 268, 'OFFER ACCEPTED Fee', 1, 1, '2021-01-17 23:11:07', NULL, '2021-01-17 23:11:07');

-- --------------------------------------------------------

--
-- Table structure for table `main_invoice_discount_details`
--

CREATE TABLE `main_invoice_discount_details` (
  `id` int(20) NOT NULL,
  `id_main_invoice` int(20) DEFAULT 0,
  `name` varchar(500) DEFAULT '',
  `amount` float(20,2) DEFAULT 0.00,
  `id_student` int(20) DEFAULT 0,
  `id_reference` int(20) DEFAULT 0,
  `status` int(2) DEFAULT 1,
  `created_by` int(20) DEFAULT NULL,
  `created_dt_tm` datetime DEFAULT current_timestamp(),
  `updated_by` int(20) DEFAULT NULL,
  `updated_dt_tm` datetime DEFAULT current_timestamp()
) ENGINE=InnoDB DEFAULT CHARSET=latin1;

--
-- Dumping data for table `main_invoice_discount_details`
--

INSERT INTO `main_invoice_discount_details` (`id`, `id_main_invoice`, `name`, `amount`, `id_student`, `id_reference`, `status`, `created_by`, `created_dt_tm`, `updated_by`, `updated_dt_tm`) VALUES
(46, 54, 'Employee Discount Applied', 10.00, 113, 2, 1, NULL, '2020-12-25 12:03:16', NULL, '2020-12-25 12:03:16'),
(47, 62, 'Employee Discount Applied', 50.00, 123, 1, 1, NULL, '2021-01-14 13:19:58', NULL, '2021-01-14 13:19:58');

-- --------------------------------------------------------

--
-- Table structure for table `marital_status_setup`
--

CREATE TABLE `marital_status_setup` (
  `id` int(20) NOT NULL,
  `name` varchar(250) DEFAULT '',
  `sequence` int(20) DEFAULT 0,
  `status` int(2) DEFAULT NULL,
  `created_by` int(20) DEFAULT NULL,
  `created_dt_tm` datetime DEFAULT current_timestamp(),
  `updated_by` int(20) DEFAULT NULL,
  `updated_dt_tm` datetime DEFAULT current_timestamp()
) ENGINE=InnoDB DEFAULT CHARSET=latin1;

--
-- Dumping data for table `marital_status_setup`
--

INSERT INTO `marital_status_setup` (`id`, `name`, `sequence`, `status`, `created_by`, `created_dt_tm`, `updated_by`, `updated_dt_tm`) VALUES
(1, 'Single', 1, 1, NULL, '2020-07-22 01:31:35', NULL, '2020-07-22 01:31:35'),
(2, 'Married', 2, 1, NULL, '2020-07-22 02:29:21', NULL, '2020-07-22 02:29:21'),
(3, 'Divorced', 3, 0, NULL, '2020-07-22 02:29:35', NULL, '2020-07-22 02:29:35'),
(4, 'Widowed', 4, 1, NULL, '2020-07-22 02:29:52', NULL, '2020-07-22 02:29:52');

-- --------------------------------------------------------

--
-- Table structure for table `mark_distribution`
--

CREATE TABLE `mark_distribution` (
  `id` int(20) NOT NULL,
  `id_program` int(20) DEFAULT NULL,
  `id_programme_landscape` int(20) DEFAULT 0,
  `id_intake` int(20) DEFAULT NULL,
  `id_course` int(20) DEFAULT NULL,
  `id_course_registered` int(20) DEFAULT NULL COMMENT 'its a id_program_landscape_course typed wrongly',
  `status` int(2) DEFAULT NULL,
  `reason` varchar(1024) DEFAULT '',
  `created_by` int(20) DEFAULT NULL,
  `created_dt_tm` datetime DEFAULT current_timestamp(),
  `updated_by` int(20) DEFAULT NULL,
  `updated_dt_tm` datetime DEFAULT current_timestamp()
) ENGINE=InnoDB DEFAULT CHARSET=latin1;

--
-- Dumping data for table `mark_distribution`
--

INSERT INTO `mark_distribution` (`id`, `id_program`, `id_programme_landscape`, `id_intake`, `id_course`, `id_course_registered`, `status`, `reason`, `created_by`, `created_dt_tm`, `updated_by`, `updated_dt_tm`) VALUES
(12, 6, 21, 1, 10, 89, 1, '', 1, '2020-11-12 11:07:21', 1, '2020-11-12 11:07:21'),
(13, 6, 21, 1, 14, 88, 1, '', 1, '2020-11-30 02:55:03', 1, '2020-11-30 02:55:03'),
(14, 8, 28, 1, 10, 113, 1, '', 1, '2020-12-15 10:54:00', 1, '2020-12-15 10:54:00'),
(15, 6, 29, 1, 4, 115, 1, '', 1, '2020-12-25 12:45:56', 1, '2020-12-25 12:45:56');

-- --------------------------------------------------------

--
-- Table structure for table `mark_distribution_details`
--

CREATE TABLE `mark_distribution_details` (
  `id` int(20) NOT NULL,
  `id_mark_distribution` int(20) DEFAULT NULL,
  `id_component` int(20) DEFAULT NULL,
  `is_pass_compulsary` int(2) DEFAULT NULL,
  `pass_marks` int(20) DEFAULT NULL,
  `max_marks` int(20) DEFAULT NULL,
  `weightage` int(20) DEFAULT NULL,
  `attendance_status` int(2) DEFAULT NULL,
  `status` int(2) DEFAULT NULL,
  `created_by` int(20) DEFAULT NULL,
  `created_dt_tm` datetime DEFAULT current_timestamp(),
  `updated_by` int(20) DEFAULT NULL,
  `updated_dt_tm` datetime DEFAULT current_timestamp()
) ENGINE=InnoDB DEFAULT CHARSET=latin1;

--
-- Dumping data for table `mark_distribution_details`
--

INSERT INTO `mark_distribution_details` (`id`, `id_mark_distribution`, `id_component`, `is_pass_compulsary`, `pass_marks`, `max_marks`, `weightage`, `attendance_status`, `status`, `created_by`, `created_dt_tm`, `updated_by`, `updated_dt_tm`) VALUES
(25, 12, 1, 1, 25, 50, NULL, 1, NULL, NULL, '2020-11-12 11:06:58', NULL, '2020-11-12 11:06:58'),
(26, 12, 3, 1, 40, 100, NULL, 1, NULL, NULL, '2020-11-12 11:07:07', NULL, '2020-11-12 11:07:07'),
(27, 12, 2, 1, 40, 100, NULL, 1, NULL, NULL, '2020-11-12 11:07:14', NULL, '2020-11-12 11:07:14'),
(28, 13, 1, 1, 40, 100, NULL, 1, NULL, NULL, '2020-11-30 02:54:38', NULL, '2020-11-30 02:54:38'),
(29, 13, 3, 1, 35, 80, NULL, 1, NULL, NULL, '2020-11-30 02:54:51', NULL, '2020-11-30 02:54:51'),
(30, 13, 2, 1, 35, 80, NULL, 1, NULL, NULL, '2020-11-30 02:55:00', NULL, '2020-11-30 02:55:00'),
(31, 14, 1, 1, 30, 50, NULL, 1, NULL, NULL, '2020-12-15 10:53:40', NULL, '2020-12-15 10:53:40'),
(32, 14, 3, 1, 35, 100, NULL, 1, NULL, NULL, '2020-12-15 10:53:54', NULL, '2020-12-15 10:53:54'),
(33, 14, 2, 1, 35, 100, NULL, 1, NULL, NULL, '2020-12-15 10:53:58', NULL, '2020-12-15 10:53:58'),
(34, 15, 1, 1, 40, 100, NULL, 1, NULL, NULL, '2020-12-25 12:45:40', NULL, '2020-12-25 12:45:40'),
(35, 15, 3, 1, 40, 100, NULL, 1, NULL, NULL, '2020-12-25 12:45:48', NULL, '2020-12-25 12:45:48'),
(36, 15, 2, 1, 40, 100, NULL, 1, NULL, NULL, '2020-12-25 12:45:54', NULL, '2020-12-25 12:45:54');

-- --------------------------------------------------------

--
-- Table structure for table `menu`
--

CREATE TABLE `menu` (
  `id` int(20) NOT NULL,
  `menu_name` varchar(200) DEFAULT NULL,
  `module_name` varchar(200) DEFAULT NULL,
  `parent_name` varchar(200) DEFAULT NULL,
  `order` int(20) DEFAULT NULL,
  `controller` varchar(200) DEFAULT NULL,
  `action` varchar(200) DEFAULT NULL,
  `parent_order` int(20) DEFAULT NULL
) ENGINE=InnoDB DEFAULT CHARSET=latin1;

--
-- Dumping data for table `menu`
--

INSERT INTO `menu` (`id`, `menu_name`, `module_name`, `parent_name`, `order`, `controller`, `action`, `parent_order`) VALUES
(1, 'User', 'Setup', 'General Setup', 1, 'user', 'list', 1),
(2, 'Role', 'Setup', 'General Setup', 2, 'role', 'list', 1),
(3, 'Permission', 'Setup', 'General Setup', 3, 'permission', 'list', 1),
(4, 'Salutation', 'Setup', 'General Setup', NULL, 'salutation', 'list', 1),
(5, 'Country', 'Setup', 'country', NULL, 'country', 'list', NULL),
(6, 'State', 'Setup', 'state', NULL, 'state', 'list', NULL),
(7, 'Education Level', 'Setup', 'General Setup', 4, 'educationLevel', 'list', 1),
(8, 'Academic Year', 'Setup', 'Operation Setup', 2, 'academicYear', 'list', 6),
(9, 'Award', 'Setup', 'General Setup', NULL, 'award', 'list', NULL),
(10, 'Race', 'Setup', 'Demographic', 1, 'race', 'list', 2),
(11, 'Religion', 'Setup', 'Demographic', 2, 'religion', 'list', 2),
(12, 'Nationality', 'Setup', 'Demographic', 3, 'nationality', 'list', 2),
(13, 'Department', 'Setup', 'Organisation Setup', 3, 'department', 'list', 3),
(14, 'Organisation', 'Setup', 'Organisation Setup', 1, 'organisation', 'edit', 3),
(15, 'Partner Category', 'pm', 'Setup', 1, 'partnerCategory', 'list', 1),
(16, 'Partner University', 'pm', 'Setup', 2, 'partnerUniversity', 'list', 1),
(17, 'Faculty Program', 'Setup', 'Organisation Setup', 2, 'facultyProgram', 'list', 6),
(18, 'Course Major / Minor', 'Setup', NULL, NULL, NULL, 'list', NULL),
(19, 'Course Type', 'cm', 'Course Setup', 1, 'courseType', 'list', 1),
(20, 'Course Offered', 'Setup', 'Operation Setup', 6, 'courseOffered', 'list', 6),
(21, 'Course Main', 'cm', 'Course Setup', 2, 'course', 'list', 1),
(22, 'Course Requisite', 'cm', 'Course Setup', 3, 'courseMaster', 'list', 1),
(23, 'Course Equivalent', 'cm', 'Course Setup', 4, 'equivalentCourse', 'list', 1),
(24, 'Scheme', 'Setup', 'Operation Setup', 1, 'scheme', 'list', 6),
(25, 'Activity', 'Setup', 'Operation Setup', 5, 'activityDetails', 'list', 6),
(26, 'Semester', 'Setup', 'Operation Setup', 4, 'semester', 'list', 6),
(27, 'Intake', 'Setup', 'Operation Setup', 3, 'intake', 'list', 6),
(28, 'Landscape Course Type', 'Setup', NULL, NULL, NULL, 'list', NULL),
(29, 'Program Type', 'cm', 'Program Setup', 1, 'programType', 'list', 2),
(30, 'Program Main', 'cm', 'Program Setup', 2, 'programme', 'list', 2),
(31, 'Program Landscape', 'cm', 'Program Setup', 4, 'programmeLandscape', 'list', 2),
(32, 'Program Entry Requirement', 'cm', 'Program Setup', 3, 'individualEntryRequirement', 'list', 2),
(33, 'Documents Required', 'Setup', 'Document', 2, 'documents', 'list', 5),
(34, 'Staff Master', 'Setup', 'Staff', 1, 'staff', 'list', 4),
(35, 'Course Withdraw', 'Setup', NULL, NULL, NULL, 'list', NULL),
(36, 'Late Registration', 'Setup', NULL, NULL, NULL, 'list', NULL),
(37, 'Report Students by Intake', 'Setup', NULL, NULL, NULL, 'list', NULL),
(38, 'Report Applicant V/S Lead V/S Student', 'Setup', NULL, NULL, NULL, 'list', NULL),
(39, 'Report Course Wise data', 'Setup', NULL, NULL, NULL, 'list', NULL),
(40, 'Group Setup', 'Admission', NULL, NULL, NULL, 'list', NULL),
(41, 'Specialization', 'Admission', NULL, NULL, NULL, 'list', NULL),
(42, 'Application List', 'Admission', 'Online Application and Applicant Portal', NULL, 'applicant', 'list', NULL),
(43, 'APEL Approval', 'Admission', 'Online Application and Applicant Portal', NULL, 'apelApproval', 'list', NULL),
(44, 'Sibbling Discount Approval', 'Admission', 'Online Application and Applicant Portal', NULL, 'sibblingDiscountApproval', NULL, NULL),
(45, 'Employee Discount Approval', 'Admission', 'Online Application and Applicant Portal\n', NULL, 'employeeDiscountApproval', NULL, NULL),
(46, 'Alumni Discount Approval', 'Admission', 'Online Application and Applicant Portal\n', NULL, 'alumniDiscountApproval', 'list', NULL),
(47, 'Application Approval', 'Admission', 'Online Application and Applicant Portal\n', 1, 'applicantApproval', 'list', 1),
(48, 'Student Registration', 'Registration', 'Registration', 1, 'student', 'approvalList', 1),
(49, 'Academic Advisor Tagging', 'Registration', 'Registration', 2, 'advisorTagging', 'add', 1),
(50, 'Subject Registration', 'Registration', 'Registration', 3, 'courseRegistration', 'list', 1),
(51, 'Individual and bulk Withdrawal', 'Registration', 'Registration', 4, 'bulkWithdraw', 'list', 1),
(52, 'Credit Transfer / Excemption Application', 'Registration', 'Credit Transfer / Excemption', 1, 'creditTransfer', 'list', 2),
(53, 'Credit Transfer / Excemption Approval', 'Registration', 'Credit Transfer / Excemption', 2, 'creditTransfer', 'approvalList', 2),
(54, 'Attendence Setup', 'Registration', NULL, NULL, NULL, 'list', NULL),
(55, 'Report Course Count', 'Registration', NULL, NULL, NULL, 'list', NULL),
(56, 'Barring Type', 'Records', 'Barring', 1, 'barringType', 'list', 2),
(57, 'Barring', 'Records', 'Barring', 2, 'barring', 'list', 2),
(58, 'Release', 'Records', 'Barring', 3, 'release', 'list', 2),
(59, 'Student Profile', 'Records', 'Records Info', 2, 'studentRecord', 'list', 1),
(60, 'Student Records', 'Records', 'Records Info', 1, 'student', 'list', 1),
(61, 'Change Status Setup', 'Records', 'Change Status', 1, 'changeStatus', 'list', 3),
(62, 'Apply Change Status', 'Records', 'Change Status', 2, 'applyChangeStatus', 'list', 3),
(63, 'Apply Change Status Approval', 'Records', 'Change Status', 3, 'applyChangeStatus', 'approval_list', 3),
(64, 'Visa Details', 'Records', 'Visa Management', 1, 'visaDetails', 'list', 7),
(65, 'Apply Change Program', 'Records', 'Change Programme', 1, 'applyChangeProgramme', 'list', 4),
(66, 'Apply Change Program Approval', 'Records', 'Change Programme', 2, 'applyChangeProgramme', 'approval_list', 4),
(67, 'Apply Change Scheme', 'Records', NULL, NULL, NULL, 'list', NULL),
(68, 'Apply Change Scheme Approval', 'Records', NULL, NULL, NULL, 'list', NULL),
(69, 'Change Branch', 'Records', 'Change Branch/Learning Centre', 1, 'changeBranch', 'list', 6),
(70, 'Change Branch Approval', 'Records', 'Change Branch/Learning Centre', 2, 'changeBranch', 'approval_list', 6),
(71, 'Exam Configuration', 'Examination', 'Setup', 1, 'examConfiguration', 'edit', 1),
(72, 'Exam Calender', 'Examination', NULL, 1, NULL, 'list', NULL),
(73, 'GPA/CGPA Setup', 'Examination', 'Setup', 2, 'gpaCgpaSetup', 'list', 1),
(74, 'Assesment Type', 'Examination', 'Setup', 3, 'assesmentType', 'list', 1),
(75, 'Grade Setup', 'Examination', 'Setup', 4, 'gradeSetup', 'list', 1),
(76, 'Course Grade', 'Examination', 'Setup', NULL, NULL, 'list', NULL),
(77, 'Publish Exam Result', 'Examination', NULL, NULL, NULL, 'list', NULL),
(78, 'Exam Locaction Setup', 'Examination', NULL, NULL, NULL, 'list', NULL),
(79, 'Exam Center Setup', 'Examination', NULL, NULL, NULL, 'list', NULL),
(80, 'Exam Event', 'Examination', NULL, NULL, NULL, 'list', NULL),
(81, 'Exam Registration List', 'Examination', 'Exam Registration', 1, 'examRegistration', 'list', 2),
(82, 'Tag Student To Exam Registration', 'Examination', 'Exam Registration', 5, 'examRegistration', 'tagList', 2),
(83, 'Release Exam Slip', 'Examination', NULL, NULL, NULL, 'list', NULL),
(84, 'Publish Exam Result Schedule', 'Examination', NULL, NULL, NULL, 'list', NULL),
(85, 'Publish Assesment Result Schedule', 'Examination', NULL, NULL, NULL, 'list', NULL),
(86, 'Mark Distribution', 'Examination', 'Mark Distribution Setup', 1, 'markDistribution', 'list', 3),
(87, 'Mark Distribution Approval', 'Examination', 'Mark Distribution Setup', 2, 'markDistribution', 'approvalList', 3),
(88, 'Student Marks Entry Approval', 'Examination', 'Marks Entry', 2, 'studentMarksEntry', 'marksEntryApprovalList', 4),
(89, 'Student Marks Entry Summary', 'Examination', 'Marks Entry', 3, 'studentMarksEntry', 'summaryList', 4),
(90, 'Remarking Application', 'Examination', 'Remarking', 1, 'remarkingApplication', 'remarkingList', 5),
(91, 'Remarking Application Approval', 'Examination', 'Remarking', 2, 'remarkingApplication', 'marksEntryApprovalList', 5),
(92, 'Remarking List', 'Examination', 'Remarking', 3, 'remarkingApplication', 'summaryList', 5),
(93, 'Transcript', 'Examination', 'Remarking', 4, 'transcript', 'list', 5),
(94, 'Result Slip', 'Examination', NULL, 5, NULL, 'list', NULL),
(95, 'Award Level', 'Graduation', 'Setup', 1, 'award', 'list', 1),
(96, 'Convocation Setup', 'Graduation', 'Graduation', 1, 'convocation', 'list', 2),
(97, 'Guest', 'Graduation', 'Graduation', 2, 'guest', 'list', 2),
(98, 'Graduation List', 'Graduation', 'Graduation', 3, 'graduationList', 'list', NULL),
(99, 'Approve Graduation Students', 'Graduation', 'Graduation', 4, 'graduationList', 'approvalList', NULL),
(100, 'Currency Setup', 'Finance', 'Finance Setup', 1, 'currency', 'list', 1),
(101, 'Currency Rate Setup', 'Finance', 'Finance Setup', 2, 'currencyRateSetup', 'list', 1),
(102, 'Credit Note Type', 'Finance', 'Finance Setup', 3, 'creditNoteType', 'list', 1),
(103, 'Fee Structure Activity', 'Finance', 'Fee Structure', 3, 'feeStructureActivity', 'list', 2),
(104, 'Account Code', 'Finance', 'Finance Setup', 5, 'accountCode', 'list', 1),
(105, 'Bank Registration', 'Finance', 'Finance Setup', 4, 'bankRegistration', 'list', 1),
(106, 'Amount Calculation Type', 'Finance', 'Finance Setup', 7, 'amountCalculationType', 'list', 1),
(107, 'Frequency Mode', 'Finance', 'Finance Setup', 6, 'frequencyMode', 'list', 1),
(108, 'Payment Type', 'Finance', 'Finance Setup', 9, 'paymentType', 'list', 1),
(109, 'Fee Category', 'Finance', 'Finance Setup', 8, 'feeCategory', 'list', 1),
(110, 'Fee Setup', 'Finance', 'Fee Structure', 1, 'feeSetup', 'list', 2),
(111, 'Fee Structure', 'Finance', 'Fee Structure', 2, 'feeStructure', 'list', 2),
(112, 'Invoicing', 'pm', 'Finance', 1, 'partnerUniversityInvoice', 'list', 2),
(113, 'Payment & Receipt', 'pm', 'Finance', 2, 'receipt', 'list', 2),
(115, 'Discount', 'Finance', 'Discount Setup', 2, 'discount', 'list', 3),
(116, 'Statement Of Accounts', 'Finance', 'Refund', 1, 'StatementOfAccount', 'list', 8),
(117, 'Invoice Generation', 'Finance', 'Invoice', 1, 'mainInvoice', 'list', 4),
(118, 'Wrong Invoice Generated', 'Finance', 'Invoice', 2, 'mainInvoice', 'approvalList', 4),
(119, 'Partner Invoice Generation', 'Finance', NULL, NULL, NULL, 'list', NULL),
(120, 'Receipt', 'Finance', 'Receivables', 1, 'receipt', 'list', 5),
(121, 'Receipt Approval', 'Finance', 'Receivables', 2, 'receipt', 'approvalList', 5),
(122, 'Sponsor Invoice Generation', 'Finance', NULL, NULL, NULL, 'list', NULL),
(123, 'Sponsor Invoice Cancellation', 'Finance', NULL, NULL, NULL, 'list', NULL),
(124, 'Advance Payment', 'Finance', NULL, NULL, NULL, 'list', NULL),
(125, 'Credit Note Entry', 'Finance', 'Credit Note', 1, 'creditNote', 'list', 6),
(126, 'Debit Note Entry', 'Finance', 'Debit Note', 1, 'debitNote', 'list', 7),
(127, 'Refund Entry', 'Finance', NULL, NULL, NULL, 'list', NULL),
(128, 'Sponsor', 'Sponsor', NULL, NULL, NULL, 'list', NULL),
(129, 'Sponsor Has Students', 'Sponsor', NULL, NULL, NULL, 'list', NULL),
(130, 'Room Type', 'Hostel', NULL, NULL, NULL, 'list', NULL),
(131, 'Inventory', 'Hostel', NULL, NULL, NULL, 'list', NULL),
(132, 'Hostel Registration', 'Hostel', NULL, NULL, NULL, 'list', NULL),
(133, 'Apartment Setup', 'Hostel', NULL, NULL, NULL, 'list', NULL),
(134, 'Unit Setup', 'Hostel', NULL, NULL, NULL, 'list', NULL),
(135, 'Room Setup', 'Hostel', NULL, NULL, NULL, 'list', NULL),
(136, 'Room Allotment', 'Hostel', NULL, NULL, NULL, 'list', NULL),
(137, 'Room Allotment Summary', 'Hostel', NULL, NULL, NULL, 'list', NULL),
(138, 'Room Vacancy', 'Hostel', NULL, NULL, NULL, 'list', NULL),
(139, 'Equipments', 'Facility', NULL, NULL, NULL, 'list', NULL),
(140, 'Room Type', 'Facility', NULL, NULL, NULL, 'list', NULL),
(141, 'Building', 'Facility', NULL, NULL, NULL, 'list', NULL),
(142, 'Room Setup', 'Facility', NULL, NULL, NULL, 'list', NULL),
(143, 'Apply For Booking', 'Facility', NULL, NULL, NULL, 'list', NULL),
(144, 'Booking Summary', 'Facility', NULL, NULL, NULL, 'list', NULL),
(145, 'Max. Internship Limit', 'Internship', NULL, NULL, NULL, 'list', NULL),
(146, 'Company Type', 'Internship', NULL, NULL, NULL, 'list', NULL),
(147, 'Company Registration', 'Internship', NULL, NULL, NULL, 'list', NULL),
(148, 'Application', 'Internship', NULL, NULL, NULL, 'list', NULL),
(149, 'Application Approval', 'Internship', NULL, NULL, NULL, 'list', NULL),
(150, 'Reporting', 'Internship', NULL, NULL, NULL, 'list', NULL),
(151, 'Placement Form', 'Internship', NULL, NULL, NULL, 'list', NULL),
(152, 'Alumni List', 'Alumni', NULL, NULL, NULL, 'list', NULL),
(153, 'Templates', 'Communication', 'Communication', 1, 'template', 'list', 1),
(154, 'Group', 'Communication', 'Communication', 2, 'group', 'list', 1),
(155, 'Group Recepients', 'Communication', 'Communication', 3, 'group', 'recepientList', 1),
(156, 'Messaging Templates', 'Communication', 'Messaging', 1, 'templateMessage', 'list', 2),
(157, 'Messaging Group', 'Communication', 'Messaging', 2, 'groupMessage', 'list', 2),
(158, 'Group Recepients (Messaging)', 'Communication', 'Messaging', 3, 'groupMessage', 'recepientList', 2),
(159, 'IPS Topics', 'IPS', NULL, NULL, NULL, 'list', NULL),
(160, 'Research Status', 'IPS', NULL, NULL, NULL, 'list', NULL),
(161, 'Field Of Interest', 'IPS', NULL, NULL, NULL, 'list', NULL),
(162, 'Reason For Applying', 'IPS', NULL, NULL, NULL, 'list', NULL),
(163, 'Research Category', 'IPS', NULL, NULL, NULL, 'list', NULL),
(164, 'Colloquium Setup', 'IPS', NULL, NULL, NULL, 'list', NULL),
(165, 'Advisory', 'IPS', NULL, NULL, NULL, 'list', NULL),
(166, 'Readers', 'IPS', NULL, NULL, NULL, 'list', NULL),
(167, 'Proposal Defense Comitee', 'IPS', NULL, NULL, NULL, 'list', NULL),
(168, 'Chapter', 'IPS', NULL, NULL, NULL, 'list', NULL),
(169, 'Deliverables', 'IPS', NULL, NULL, NULL, 'list', NULL),
(170, 'Submitted Deliverables', 'IPS', NULL, NULL, NULL, 'list', NULL),
(171, 'Phd Duration Tagging', 'IPS', NULL, NULL, NULL, 'list', NULL),
(172, 'Stage', 'IPS', NULL, NULL, NULL, 'list', NULL),
(173, 'Mile Stone', 'IPS', NULL, NULL, NULL, 'list', NULL),
(174, 'Tag Mile Stone To Semester', 'IPS', NULL, NULL, NULL, 'list', NULL),
(175, 'Overview', 'IPS', NULL, NULL, NULL, 'list', NULL),
(176, 'Supervisor Role', 'IPS', NULL, NULL, NULL, 'list', NULL),
(177, 'Supervisor', 'IPS', NULL, NULL, NULL, 'list', NULL),
(178, 'Supervisor Tagging', 'IPS', NULL, NULL, NULL, 'list', NULL),
(179, 'Examiner Role', 'IPS', NULL, NULL, NULL, 'list', NULL),
(180, 'Examiner', 'IPS', NULL, NULL, NULL, 'list', NULL),
(181, 'Proposal', 'IPS', NULL, NULL, NULL, 'list', NULL),
(182, 'Articleship', 'IPS', NULL, NULL, NULL, 'list', NULL),
(183, 'Professional Practice Paper', 'IPS', NULL, NULL, NULL, 'list', NULL),
(184, 'Proposal Approval', 'IPS', NULL, NULL, NULL, 'list', NULL),
(185, 'Articleship Approval', 'IPS', NULL, NULL, NULL, 'list', NULL),
(186, 'PPP Approval', 'IPS', NULL, NULL, NULL, 'list', NULL),
(187, 'Student Marks Entry', 'Examination', 'Marks Entry', 1, 'studentMarksEntry', 'studentList', 4),
(188, 'Supervisor Change Application', 'IPS', NULL, NULL, NULL, 'list', NULL),
(189, 'Student IPS Progress', 'Examination', NULL, NULL, NULL, 'list', NULL),
(190, 'Payment Rate', 'af', 'Setup', 1, 'paymentRate', 'list', 1),
(191, 'Academic Facilitator profile', 'af', 'Setup', 2, 'staff', 'list', 1),
(192, 'Change Of Status', 'af', 'Records Management', 1, 'staff', 'changeStatusList', 2),
(193, 'Online claim', 'af', 'Records Management', 2, 'onlineClaim', 'list', 2),
(194, 'Statement of account', 'af', 'Records Management', 3, 'statementOfAccount', 'list', 2),
(195, 'Discount Type', 'Finance', 'Discount Setup', 1, 'discountType', 'list', 3),
(196, 'Change Learning Mode Application', 'Records', 'Change Learning Mode', 1, 'applyChangeLearningMode', 'list', 5),
(197, 'Change Learning Mode Approval', 'Records', 'Change Learning Mode', 2, 'applyChangeLearningMode', 'approval_list', 5),
(198, 'Schedule Publish Final Exam Result', 'Examination', 'Setup', 5, 'publishExamResult', 'list', 1),
(199, 'Student IP List', 'Examination', 'Exam Registration', 2, 'ipsProgress', 'list', 2),
(200, 'Exam Registration Slip', 'Examination', 'Exam Registration', 3, 'examAttendence', 'comingSoon', 2),
(201, 'Student Semester Promotion', 'Registration', 'Registration', 5, 'studentSemester', 'add', 1),
(202, 'File Type', 'Setup', 'Document', 1, 'fileType', 'list', 5);

-- --------------------------------------------------------

--
-- Table structure for table `mile_stone`
--

CREATE TABLE `mile_stone` (
  `id` int(20) NOT NULL,
  `name` varchar(2048) DEFAULT '',
  `description` varchar(2048) DEFAULT '',
  `order` varchar(200) DEFAULT '',
  `status` int(2) DEFAULT 1,
  `created_by` int(20) DEFAULT NULL,
  `created_dt_tm` datetime DEFAULT current_timestamp(),
  `updated_by` int(20) DEFAULT NULL,
  `updated_dt_tm` datetime DEFAULT current_timestamp()
) ENGINE=InnoDB DEFAULT CHARSET=latin1;

--
-- Dumping data for table `mile_stone`
--

INSERT INTO `mile_stone` (`id`, `name`, `description`, `order`, `status`, `created_by`, `created_dt_tm`, `updated_by`, `updated_dt_tm`) VALUES
(1, 'Audit Courses', 'Audit Courses', '2', 1, 1, '2020-10-12 21:39:00', 1, '2020-10-12 21:39:00'),
(2, 'Appoinment of Supervisor', 'Appoinment of Supervisor', '1', 1, 1, '2020-10-12 21:39:11', 1, '2020-10-12 21:39:11'),
(3, 'Preparation of Research Proposal', 'Preparation of Research Proposal', '3', 1, 1, '2020-10-13 23:17:45', NULL, '2020-10-13 23:17:45'),
(4, 'Proposal Defense', 'Proposal Defense', '4', 1, 1, '2020-10-13 23:21:58', NULL, '2020-10-13 23:21:58'),
(5, 'Data Collection & Analysis', 'Data Collection & Analysis', '5', 1, 1, '2020-10-13 23:22:18', NULL, '2020-10-13 23:22:18'),
(6, 'Thesis Writing', 'Thesis Writing', '6', 1, 1, '2020-10-13 23:22:32', NULL, '2020-10-13 23:22:32'),
(7, 'Thesis submission', 'Thesis submission', '7', 1, 1, '2020-10-13 23:22:46', NULL, '2020-10-13 23:22:46'),
(8, 'Appoinment of Exam', 'Appoinment of Examiners', '8', 1, 1, '2020-10-13 23:23:00', 1, '2020-10-13 23:23:00'),
(9, 'Thesis Evalutaion by Examiners', 'Thesis Evalutaion by Examiners', '9', 1, 1, '2020-10-13 23:23:17', NULL, '2020-10-13 23:23:17'),
(10, 'Thesis Examination/ Viva Voce', 'Thesis Examination/ Viva Voce', '10', 1, 1, '2020-10-13 23:23:31', NULL, '2020-10-13 23:23:31'),
(11, 'Graduation', 'Graduation', '11', 1, 1, '2020-10-13 23:23:47', NULL, '2020-10-13 23:23:47');

-- --------------------------------------------------------

--
-- Table structure for table `mile_stone_tag_semester`
--

CREATE TABLE `mile_stone_tag_semester` (
  `id` int(20) NOT NULL,
  `id_stage` int(20) DEFAULT 0,
  `type` varchar(2048) DEFAULT '',
  `id_semester` int(20) DEFAULT 0,
  `id_mile_stone` int(20) DEFAULT 0,
  `name` varchar(2048) DEFAULT '',
  `status` int(2) DEFAULT 1,
  `created_by` int(20) DEFAULT NULL,
  `created_dt_tm` datetime DEFAULT current_timestamp(),
  `updated_by` int(20) DEFAULT NULL,
  `updated_dt_tm` datetime DEFAULT current_timestamp()
) ENGINE=InnoDB DEFAULT CHARSET=latin1;

--
-- Dumping data for table `mile_stone_tag_semester`
--

INSERT INTO `mile_stone_tag_semester` (`id`, `id_stage`, `type`, `id_semester`, `id_mile_stone`, `name`, `status`, `created_by`, `created_dt_tm`, `updated_by`, `updated_dt_tm`) VALUES
(1, 1, 'Full Time', 2, 2, '', 1, 1, '2020-10-13 02:04:53', 1, '2020-10-13 02:04:53'),
(2, 1, 'Part Time', 1, 11, '', 1, 1, '2020-10-15 00:14:15', NULL, '2020-10-15 00:14:15');

-- --------------------------------------------------------

--
-- Table structure for table `mode_of_category`
--

CREATE TABLE `mode_of_category` (
  `id` int(20) NOT NULL,
  `name` varchar(120) DEFAULT '',
  `category_code` varchar(120) DEFAULT '',
  `status` int(20) DEFAULT NULL,
  `created_by` int(20) DEFAULT NULL,
  `created_dt_tm` datetime DEFAULT current_timestamp(),
  `updated_by` int(20) DEFAULT NULL,
  `updated_dt_tm` datetime DEFAULT current_timestamp()
) ENGINE=InnoDB DEFAULT CHARSET=latin1;

-- --------------------------------------------------------

--
-- Table structure for table `mode_of_program`
--

CREATE TABLE `mode_of_program` (
  `id` int(20) NOT NULL,
  `name` varchar(520) DEFAULT '',
  `status` int(2) DEFAULT NULL,
  `created_by` int(20) DEFAULT NULL,
  `created_dt_tm` datetime DEFAULT current_timestamp(),
  `updated_by` int(20) DEFAULT NULL,
  `updated_dt_tm` datetime DEFAULT current_timestamp()
) ENGINE=InnoDB DEFAULT CHARSET=latin1;

-- --------------------------------------------------------

--
-- Table structure for table `nationality`
--

CREATE TABLE `nationality` (
  `id` bigint(20) NOT NULL,
  `name` varchar(2048) NOT NULL,
  `code` varchar(2048) NOT NULL,
  `country` varchar(2048) NOT NULL,
  `person` varchar(2048) NOT NULL,
  `status` int(20) DEFAULT 1,
  `created_by` int(20) DEFAULT NULL,
  `created_dt_tm` datetime DEFAULT current_timestamp(),
  `updated_by` int(20) DEFAULT NULL,
  `updated_dt_tm` datetime DEFAULT current_timestamp()
) ENGINE=InnoDB DEFAULT CHARSET=utf8;

--
-- Dumping data for table `nationality`
--

INSERT INTO `nationality` (`id`, `name`, `code`, `country`, `person`, `status`, `created_by`, `created_dt_tm`, `updated_by`, `updated_dt_tm`) VALUES
(1, 'Malaysian', '', '', '', 1, NULL, '2021-01-17 09:15:28', NULL, '2021-01-17 09:15:28'),
(8, 'Afghan', '', '', '', 1, NULL, '2021-01-17 09:15:35', NULL, '2021-01-17 09:15:35'),
(9, 'Albanian', '', '', '', 1, NULL, '2021-01-17 09:15:35', NULL, '2021-01-17 09:15:35'),
(10, 'Algerian', '', '', '', 1, NULL, '2021-01-17 09:15:35', NULL, '2021-01-17 09:15:35'),
(11, 'American', '', '', '', 1, NULL, '2021-01-17 09:15:35', NULL, '2021-01-17 09:15:35'),
(12, 'Andorran', '', '', '', 1, NULL, '2021-01-17 09:15:35', NULL, '2021-01-17 09:15:35'),
(13, 'Angolan', '', '', '', 1, NULL, '2021-01-17 09:15:35', NULL, '2021-01-17 09:15:35'),
(14, 'Anguillan', '', '', '', 1, NULL, '2021-01-17 09:15:35', NULL, '2021-01-17 09:15:35'),
(15, 'Argentine', '', '', '', 1, NULL, '2021-01-17 09:15:35', NULL, '2021-01-17 09:15:35'),
(16, 'Armenian', '', '', '', 1, NULL, '2021-01-17 09:15:35', NULL, '2021-01-17 09:15:35'),
(17, 'Australian', '', '', '', 1, NULL, '2021-01-17 09:15:35', NULL, '2021-01-17 09:15:35'),
(18, 'Austrian', '', '', '', 1, NULL, '2021-01-17 09:15:35', NULL, '2021-01-17 09:15:35'),
(19, 'Azerbaijani', '', '', '', 1, NULL, '2021-01-17 09:15:35', NULL, '2021-01-17 09:15:35'),
(20, 'Bahamian', '', '', '', 1, NULL, '2021-01-17 09:15:35', NULL, '2021-01-17 09:15:35'),
(21, 'Bahraini', '', '', '', 1, NULL, '2021-01-17 09:15:35', NULL, '2021-01-17 09:15:35'),
(22, 'Bangladeshi', '', '', '', 1, NULL, '2021-01-17 09:15:35', NULL, '2021-01-17 09:15:35'),
(23, 'Barbadian', '', '', '', 1, NULL, '2021-01-17 09:15:35', NULL, '2021-01-17 09:15:35'),
(24, 'Belarusian', '', '', '', 1, NULL, '2021-01-17 09:15:35', NULL, '2021-01-17 09:15:35'),
(25, 'Belgian', '', '', '', 1, NULL, '2021-01-17 09:15:35', NULL, '2021-01-17 09:15:35'),
(26, 'Belizean', '', '', '', 1, NULL, '2021-01-17 09:15:35', NULL, '2021-01-17 09:15:35'),
(27, 'Beninese', '', '', '', 1, NULL, '2021-01-17 09:15:35', NULL, '2021-01-17 09:15:35'),
(28, 'Bermudian', '', '', '', 1, NULL, '2021-01-17 09:15:35', NULL, '2021-01-17 09:15:35'),
(29, 'Bhutanese', '', '', '', 1, NULL, '2021-01-17 09:15:35', NULL, '2021-01-17 09:15:35'),
(30, 'Bolivian', '', '', '', 1, NULL, '2021-01-17 09:15:35', NULL, '2021-01-17 09:15:35'),
(31, 'Botswanan', '', '', '', 1, NULL, '2021-01-17 09:15:35', NULL, '2021-01-17 09:15:35'),
(32, 'Brazilian', '', '', '', 1, NULL, '2021-01-17 09:15:35', NULL, '2021-01-17 09:15:35'),
(33, 'British', '', '', '', 1, NULL, '2021-01-17 09:15:35', NULL, '2021-01-17 09:15:35'),
(34, 'British Virgin Islander', '', '', '', 1, NULL, '2021-01-17 09:15:35', NULL, '2021-01-17 09:15:35'),
(35, 'Bruneian', '', '', '', 1, NULL, '2021-01-17 09:15:35', NULL, '2021-01-17 09:15:35'),
(36, 'Bulgarian', '', '', '', 1, NULL, '2021-01-17 09:15:35', NULL, '2021-01-17 09:15:35'),
(37, 'Burkinan', '', '', '', 1, NULL, '2021-01-17 09:15:35', NULL, '2021-01-17 09:15:35'),
(38, 'Burmese', '', '', '', 1, NULL, '2021-01-17 09:15:35', NULL, '2021-01-17 09:15:35'),
(39, 'Burundian', '', '', '', 1, NULL, '2021-01-17 09:15:35', NULL, '2021-01-17 09:15:35'),
(40, 'Cambodian', '', '', '', 1, NULL, '2021-01-17 09:15:35', NULL, '2021-01-17 09:15:35'),
(41, 'Cameroonian', '', '', '', 1, NULL, '2021-01-17 09:15:35', NULL, '2021-01-17 09:15:35'),
(42, 'Canadian', '', '', '', 1, NULL, '2021-01-17 09:15:35', NULL, '2021-01-17 09:15:35'),
(43, 'Cape Verdean', '', '', '', 1, NULL, '2021-01-17 09:15:35', NULL, '2021-01-17 09:15:35'),
(44, 'Cayman Islander', '', '', '', 1, NULL, '2021-01-17 09:15:35', NULL, '2021-01-17 09:15:35'),
(45, 'Central African', '', '', '', 1, NULL, '2021-01-17 09:15:35', NULL, '2021-01-17 09:15:35'),
(46, 'Chadian', '', '', '', 1, NULL, '2021-01-17 09:15:35', NULL, '2021-01-17 09:15:35'),
(47, 'Chilean', '', '', '', 1, NULL, '2021-01-17 09:15:35', NULL, '2021-01-17 09:15:35'),
(48, 'Chinese', '', '', '', 1, NULL, '2021-01-17 09:15:35', NULL, '2021-01-17 09:15:35'),
(49, 'Citizen of Antigua and Barbuda', '', '', '', 1, NULL, '2021-01-17 09:15:35', NULL, '2021-01-17 09:15:35'),
(50, 'Citizen of Bosnia and Herzegovina', '', '', '', 1, NULL, '2021-01-17 09:15:35', NULL, '2021-01-17 09:15:35'),
(51, 'Citizen of Guinea-Bissau', '', '', '', 1, NULL, '2021-01-17 09:15:35', NULL, '2021-01-17 09:15:35'),
(52, 'Citizen of Kiribati', '', '', '', 1, NULL, '2021-01-17 09:15:35', NULL, '2021-01-17 09:15:35'),
(53, 'Citizen of Seychelles', '', '', '', 1, NULL, '2021-01-17 09:15:35', NULL, '2021-01-17 09:15:35'),
(54, 'Citizen of the Dominican Republic', '', '', '', 1, NULL, '2021-01-17 09:15:35', NULL, '2021-01-17 09:15:35'),
(55, 'Citizen of Vanuatu', '', '', '', 1, NULL, '2021-01-17 09:15:35', NULL, '2021-01-17 09:15:35'),
(56, 'Colombian', '', '', '', 1, NULL, '2021-01-17 09:15:35', NULL, '2021-01-17 09:15:35'),
(57, 'Comoran', '', '', '', 1, NULL, '2021-01-17 09:15:35', NULL, '2021-01-17 09:15:35'),
(58, 'Congolese (Congo)', '', '', '', 1, NULL, '2021-01-17 09:15:35', NULL, '2021-01-17 09:15:35'),
(59, 'Congolese (DRC)', '', '', '', 1, NULL, '2021-01-17 09:15:35', NULL, '2021-01-17 09:15:35'),
(60, 'Cook Islander', '', '', '', 1, NULL, '2021-01-17 09:15:35', NULL, '2021-01-17 09:15:35'),
(61, 'Costa Rican', '', '', '', 1, NULL, '2021-01-17 09:15:35', NULL, '2021-01-17 09:15:35'),
(62, 'Croatian', '', '', '', 1, NULL, '2021-01-17 09:15:35', NULL, '2021-01-17 09:15:35'),
(63, 'Cuban', '', '', '', 1, NULL, '2021-01-17 09:15:35', NULL, '2021-01-17 09:15:35'),
(64, 'Cymraes', '', '', '', 1, NULL, '2021-01-17 09:15:35', NULL, '2021-01-17 09:15:35'),
(65, 'Cymro', '', '', '', 1, NULL, '2021-01-17 09:15:35', NULL, '2021-01-17 09:15:35'),
(66, 'Cypriot', '', '', '', 1, NULL, '2021-01-17 09:15:35', NULL, '2021-01-17 09:15:35'),
(67, 'Czech', '', '', '', 1, NULL, '2021-01-17 09:15:35', NULL, '2021-01-17 09:15:35'),
(68, 'Danish', '', '', '', 1, NULL, '2021-01-17 09:15:35', NULL, '2021-01-17 09:15:35'),
(69, 'Djiboutian', '', '', '', 1, NULL, '2021-01-17 09:15:35', NULL, '2021-01-17 09:15:35'),
(70, 'Dominican', '', '', '', 1, NULL, '2021-01-17 09:15:35', NULL, '2021-01-17 09:15:35'),
(71, 'Dutch', '', '', '', 1, NULL, '2021-01-17 09:15:35', NULL, '2021-01-17 09:15:35'),
(72, 'East Timorese', '', '', '', 1, NULL, '2021-01-17 09:15:35', NULL, '2021-01-17 09:15:35'),
(73, 'Ecuadorean', '', '', '', 1, NULL, '2021-01-17 09:15:35', NULL, '2021-01-17 09:15:35'),
(74, 'Egyptian', '', '', '', 1, NULL, '2021-01-17 09:15:35', NULL, '2021-01-17 09:15:35'),
(75, 'Emirati', '', '', '', 1, NULL, '2021-01-17 09:15:35', NULL, '2021-01-17 09:15:35'),
(76, 'English', '', '', '', 1, NULL, '2021-01-17 09:15:35', NULL, '2021-01-17 09:15:35'),
(77, 'Equatorial Guinean', '', '', '', 1, NULL, '2021-01-17 09:15:35', NULL, '2021-01-17 09:15:35'),
(78, 'Eritrean', '', '', '', 1, NULL, '2021-01-17 09:15:35', NULL, '2021-01-17 09:15:35'),
(79, 'Estonian', '', '', '', 1, NULL, '2021-01-17 09:15:35', NULL, '2021-01-17 09:15:35'),
(80, 'Ethiopian', '', '', '', 1, NULL, '2021-01-17 09:15:35', NULL, '2021-01-17 09:15:35'),
(81, 'Faroese', '', '', '', 1, NULL, '2021-01-17 09:15:35', NULL, '2021-01-17 09:15:35'),
(82, 'Fijian', '', '', '', 1, NULL, '2021-01-17 09:15:35', NULL, '2021-01-17 09:15:35'),
(83, 'Filipino', '', '', '', 1, NULL, '2021-01-17 09:15:35', NULL, '2021-01-17 09:15:35'),
(84, 'Finnish', '', '', '', 1, NULL, '2021-01-17 09:15:35', NULL, '2021-01-17 09:15:35'),
(85, 'French', '', '', '', 1, NULL, '2021-01-17 09:15:35', NULL, '2021-01-17 09:15:35'),
(86, 'Gabonese', '', '', '', 1, NULL, '2021-01-17 09:15:35', NULL, '2021-01-17 09:15:35'),
(87, 'Gambian', '', '', '', 1, NULL, '2021-01-17 09:15:35', NULL, '2021-01-17 09:15:35'),
(88, 'Georgian', '', '', '', 1, NULL, '2021-01-17 09:15:35', NULL, '2021-01-17 09:15:35'),
(89, 'German', '', '', '', 1, NULL, '2021-01-17 09:15:35', NULL, '2021-01-17 09:15:35'),
(90, 'Ghanaian', '', '', '', 1, NULL, '2021-01-17 09:15:35', NULL, '2021-01-17 09:15:35'),
(91, 'Gibraltarian', '', '', '', 1, NULL, '2021-01-17 09:15:35', NULL, '2021-01-17 09:15:35'),
(92, 'Greek', '', '', '', 1, NULL, '2021-01-17 09:15:35', NULL, '2021-01-17 09:15:35'),
(93, 'Greenlandic', '', '', '', 1, NULL, '2021-01-17 09:15:35', NULL, '2021-01-17 09:15:35'),
(94, 'Grenadian', '', '', '', 1, NULL, '2021-01-17 09:15:35', NULL, '2021-01-17 09:15:35'),
(95, 'Guamanian', '', '', '', 1, NULL, '2021-01-17 09:15:35', NULL, '2021-01-17 09:15:35'),
(96, 'Guatemalan', '', '', '', 1, NULL, '2021-01-17 09:15:35', NULL, '2021-01-17 09:15:35'),
(97, 'Guinean', '', '', '', 1, NULL, '2021-01-17 09:15:35', NULL, '2021-01-17 09:15:35'),
(98, 'Guyanese', '', '', '', 1, NULL, '2021-01-17 09:15:35', NULL, '2021-01-17 09:15:35'),
(99, 'Haitian', '', '', '', 1, NULL, '2021-01-17 09:15:35', NULL, '2021-01-17 09:15:35'),
(100, 'Honduran', '', '', '', 1, NULL, '2021-01-17 09:15:35', NULL, '2021-01-17 09:15:35'),
(101, 'Hong Konger', '', '', '', 1, NULL, '2021-01-17 09:15:35', NULL, '2021-01-17 09:15:35'),
(102, 'Hungarian', '', '', '', 1, NULL, '2021-01-17 09:15:35', NULL, '2021-01-17 09:15:35'),
(103, 'Icelandic', '', '', '', 1, NULL, '2021-01-17 09:15:35', NULL, '2021-01-17 09:15:35'),
(104, 'Indian', '', '', '', 1, NULL, '2021-01-17 09:15:35', NULL, '2021-01-17 09:15:35'),
(105, 'Indonesian', '', '', '', 1, NULL, '2021-01-17 09:15:35', NULL, '2021-01-17 09:15:35'),
(106, 'Iranian', '', '', '', 1, NULL, '2021-01-17 09:15:35', NULL, '2021-01-17 09:15:35'),
(107, 'Iraqi', '', '', '', 1, NULL, '2021-01-17 09:15:35', NULL, '2021-01-17 09:15:35'),
(108, 'Irish', '', '', '', 1, NULL, '2021-01-17 09:15:35', NULL, '2021-01-17 09:15:35'),
(109, 'Israeli', '', '', '', 1, NULL, '2021-01-17 09:15:35', NULL, '2021-01-17 09:15:35'),
(110, 'Italian', '', '', '', 1, NULL, '2021-01-17 09:15:35', NULL, '2021-01-17 09:15:35'),
(111, 'Ivorian', '', '', '', 1, NULL, '2021-01-17 09:15:35', NULL, '2021-01-17 09:15:35'),
(112, 'Jamaican', '', '', '', 1, NULL, '2021-01-17 09:15:35', NULL, '2021-01-17 09:15:35'),
(113, 'Japanese', '', '', '', 1, NULL, '2021-01-17 09:15:35', NULL, '2021-01-17 09:15:35'),
(114, 'Jordanian', '', '', '', 1, NULL, '2021-01-17 09:15:35', NULL, '2021-01-17 09:15:35'),
(115, 'Kazakh', '', '', '', 1, NULL, '2021-01-17 09:15:35', NULL, '2021-01-17 09:15:35'),
(116, 'Kenyan', '', '', '', 1, NULL, '2021-01-17 09:15:35', NULL, '2021-01-17 09:15:35'),
(117, 'Kittitian', '', '', '', 1, NULL, '2021-01-17 09:15:35', NULL, '2021-01-17 09:15:35'),
(118, 'Kosovan', '', '', '', 1, NULL, '2021-01-17 09:15:35', NULL, '2021-01-17 09:15:35'),
(119, 'Kuwaiti', '', '', '', 1, NULL, '2021-01-17 09:15:35', NULL, '2021-01-17 09:15:35'),
(120, 'Kyrgyz', '', '', '', 1, NULL, '2021-01-17 09:15:35', NULL, '2021-01-17 09:15:35'),
(121, 'Lao', '', '', '', 1, NULL, '2021-01-17 09:15:35', NULL, '2021-01-17 09:15:35'),
(122, 'Latvian', '', '', '', 1, NULL, '2021-01-17 09:15:35', NULL, '2021-01-17 09:15:35'),
(123, 'Lebanese', '', '', '', 1, NULL, '2021-01-17 09:15:35', NULL, '2021-01-17 09:15:35'),
(124, 'Liberian', '', '', '', 1, NULL, '2021-01-17 09:15:35', NULL, '2021-01-17 09:15:35'),
(125, 'Libyan', '', '', '', 1, NULL, '2021-01-17 09:15:35', NULL, '2021-01-17 09:15:35'),
(126, 'Liechtenstein citizen', '', '', '', 1, NULL, '2021-01-17 09:15:35', NULL, '2021-01-17 09:15:35'),
(127, 'Lithuanian', '', '', '', 1, NULL, '2021-01-17 09:15:35', NULL, '2021-01-17 09:15:35'),
(128, 'Luxembourger', '', '', '', 1, NULL, '2021-01-17 09:15:35', NULL, '2021-01-17 09:15:35'),
(129, 'Macanese', '', '', '', 1, NULL, '2021-01-17 09:15:35', NULL, '2021-01-17 09:15:35'),
(130, 'Macedonian', '', '', '', 1, NULL, '2021-01-17 09:15:35', NULL, '2021-01-17 09:15:35'),
(131, 'Malagasy', '', '', '', 1, NULL, '2021-01-17 09:15:35', NULL, '2021-01-17 09:15:35'),
(132, 'Malawian', '', '', '', 1, NULL, '2021-01-17 09:15:35', NULL, '2021-01-17 09:15:35'),
(134, 'Maldivian', '', '', '', 1, NULL, '2021-01-17 09:15:35', NULL, '2021-01-17 09:15:35'),
(135, 'Malian', '', '', '', 1, NULL, '2021-01-17 09:15:35', NULL, '2021-01-17 09:15:35'),
(136, 'Maltese', '', '', '', 1, NULL, '2021-01-17 09:15:35', NULL, '2021-01-17 09:15:35'),
(137, 'Marshallese', '', '', '', 1, NULL, '2021-01-17 09:15:35', NULL, '2021-01-17 09:15:35'),
(138, 'Martiniquais', '', '', '', 1, NULL, '2021-01-17 09:15:35', NULL, '2021-01-17 09:15:35'),
(139, 'Mauritanian', '', '', '', 1, NULL, '2021-01-17 09:15:35', NULL, '2021-01-17 09:15:35'),
(140, 'Mauritian', '', '', '', 1, NULL, '2021-01-17 09:15:35', NULL, '2021-01-17 09:15:35'),
(141, 'Mexican', '', '', '', 1, NULL, '2021-01-17 09:15:35', NULL, '2021-01-17 09:15:35'),
(142, 'Micronesian', '', '', '', 1, NULL, '2021-01-17 09:15:35', NULL, '2021-01-17 09:15:35'),
(143, 'Moldovan', '', '', '', 1, NULL, '2021-01-17 09:15:35', NULL, '2021-01-17 09:15:35'),
(144, 'Monegasque', '', '', '', 1, NULL, '2021-01-17 09:15:35', NULL, '2021-01-17 09:15:35'),
(145, 'Mongolian', '', '', '', 1, NULL, '2021-01-17 09:15:35', NULL, '2021-01-17 09:15:35'),
(146, 'Montenegrin', '', '', '', 1, NULL, '2021-01-17 09:15:35', NULL, '2021-01-17 09:15:35'),
(147, 'Montserratian', '', '', '', 1, NULL, '2021-01-17 09:15:35', NULL, '2021-01-17 09:15:35'),
(148, 'Moroccan', '', '', '', 1, NULL, '2021-01-17 09:15:35', NULL, '2021-01-17 09:15:35'),
(149, 'Mosotho', '', '', '', 1, NULL, '2021-01-17 09:15:35', NULL, '2021-01-17 09:15:35'),
(150, 'Mozambican', '', '', '', 1, NULL, '2021-01-17 09:15:35', NULL, '2021-01-17 09:15:35'),
(151, 'Namibian', '', '', '', 1, NULL, '2021-01-17 09:15:35', NULL, '2021-01-17 09:15:35'),
(152, 'Nauruan', '', '', '', 1, NULL, '2021-01-17 09:15:35', NULL, '2021-01-17 09:15:35'),
(153, 'Nepalese', '', '', '', 1, NULL, '2021-01-17 09:15:35', NULL, '2021-01-17 09:15:35'),
(154, 'New Zealander', '', '', '', 1, NULL, '2021-01-17 09:15:35', NULL, '2021-01-17 09:15:35'),
(155, 'Nicaraguan', '', '', '', 1, NULL, '2021-01-17 09:15:35', NULL, '2021-01-17 09:15:35'),
(156, 'Nigerian', '', '', '', 1, NULL, '2021-01-17 09:15:35', NULL, '2021-01-17 09:15:35'),
(157, 'Nigerien', '', '', '', 1, NULL, '2021-01-17 09:15:35', NULL, '2021-01-17 09:15:35'),
(158, 'Niuean', '', '', '', 1, NULL, '2021-01-17 09:15:35', NULL, '2021-01-17 09:15:35'),
(159, 'North Korean', '', '', '', 1, NULL, '2021-01-17 09:15:35', NULL, '2021-01-17 09:15:35'),
(160, 'Northern Irish', '', '', '', 1, NULL, '2021-01-17 09:15:35', NULL, '2021-01-17 09:15:35'),
(161, 'Norwegian', '', '', '', 1, NULL, '2021-01-17 09:15:35', NULL, '2021-01-17 09:15:35'),
(162, 'Omani', '', '', '', 1, NULL, '2021-01-17 09:15:35', NULL, '2021-01-17 09:15:35'),
(163, 'Pakistani', '', '', '', 1, NULL, '2021-01-17 09:15:35', NULL, '2021-01-17 09:15:35'),
(164, 'Palauan', '', '', '', 1, NULL, '2021-01-17 09:15:35', NULL, '2021-01-17 09:15:35'),
(165, 'Palestinian', '', '', '', 1, NULL, '2021-01-17 09:15:35', NULL, '2021-01-17 09:15:35'),
(166, 'Panamanian', '', '', '', 1, NULL, '2021-01-17 09:15:35', NULL, '2021-01-17 09:15:35'),
(167, 'Papua New Guinean', '', '', '', 1, NULL, '2021-01-17 09:15:35', NULL, '2021-01-17 09:15:35'),
(168, 'Paraguayan', '', '', '', 1, NULL, '2021-01-17 09:15:35', NULL, '2021-01-17 09:15:35'),
(169, 'Peruvian', '', '', '', 1, NULL, '2021-01-17 09:15:35', NULL, '2021-01-17 09:15:35'),
(170, 'Pitcairn Islander', '', '', '', 1, NULL, '2021-01-17 09:15:35', NULL, '2021-01-17 09:15:35'),
(171, 'Polish', '', '', '', 1, NULL, '2021-01-17 09:15:35', NULL, '2021-01-17 09:15:35'),
(172, 'Portuguese', '', '', '', 1, NULL, '2021-01-17 09:15:35', NULL, '2021-01-17 09:15:35'),
(173, 'Prydeinig', '', '', '', 1, NULL, '2021-01-17 09:15:35', NULL, '2021-01-17 09:15:35'),
(174, 'Puerto Rican', '', '', '', 1, NULL, '2021-01-17 09:15:35', NULL, '2021-01-17 09:15:35'),
(175, 'Qatari', '', '', '', 1, NULL, '2021-01-17 09:15:35', NULL, '2021-01-17 09:15:35'),
(176, 'Romanian', '', '', '', 1, NULL, '2021-01-17 09:15:35', NULL, '2021-01-17 09:15:35'),
(177, 'Russian', '', '', '', 1, NULL, '2021-01-17 09:15:35', NULL, '2021-01-17 09:15:35'),
(178, 'Rwandan', '', '', '', 1, NULL, '2021-01-17 09:15:35', NULL, '2021-01-17 09:15:35'),
(179, 'Salvadorean', '', '', '', 1, NULL, '2021-01-17 09:15:35', NULL, '2021-01-17 09:15:35'),
(180, 'Sammarinese', '', '', '', 1, NULL, '2021-01-17 09:15:35', NULL, '2021-01-17 09:15:35'),
(181, 'Samoan', '', '', '', 1, NULL, '2021-01-17 09:15:35', NULL, '2021-01-17 09:15:35'),
(182, 'Sao Tomean', '', '', '', 1, NULL, '2021-01-17 09:15:35', NULL, '2021-01-17 09:15:35'),
(183, 'Saudi Arabian', '', '', '', 1, NULL, '2021-01-17 09:15:35', NULL, '2021-01-17 09:15:35'),
(184, 'Scottish', '', '', '', 1, NULL, '2021-01-17 09:15:35', NULL, '2021-01-17 09:15:35'),
(185, 'Senegalese', '', '', '', 1, NULL, '2021-01-17 09:15:35', NULL, '2021-01-17 09:15:35'),
(186, 'Serbian', '', '', '', 1, NULL, '2021-01-17 09:15:35', NULL, '2021-01-17 09:15:35'),
(187, 'Sierra Leonean', '', '', '', 1, NULL, '2021-01-17 09:15:35', NULL, '2021-01-17 09:15:35'),
(188, 'Singaporean', '', '', '', 1, NULL, '2021-01-17 09:15:35', NULL, '2021-01-17 09:15:35'),
(189, 'Slovak', '', '', '', 1, NULL, '2021-01-17 09:15:35', NULL, '2021-01-17 09:15:35'),
(190, 'Slovenian', '', '', '', 1, NULL, '2021-01-17 09:15:35', NULL, '2021-01-17 09:15:35'),
(191, 'Solomon Islander', '', '', '', 1, NULL, '2021-01-17 09:15:35', NULL, '2021-01-17 09:15:35'),
(192, 'Somali', '', '', '', 1, NULL, '2021-01-17 09:15:35', NULL, '2021-01-17 09:15:35'),
(193, 'South African', '', '', '', 1, NULL, '2021-01-17 09:15:35', NULL, '2021-01-17 09:15:35'),
(194, 'South Korean', '', '', '', 1, NULL, '2021-01-17 09:15:35', NULL, '2021-01-17 09:15:35'),
(195, 'South Sudanese', '', '', '', 1, NULL, '2021-01-17 09:15:35', NULL, '2021-01-17 09:15:35'),
(196, 'Spanish', '', '', '', 1, NULL, '2021-01-17 09:15:35', NULL, '2021-01-17 09:15:35'),
(197, 'Sri Lankan', '', '', '', 1, NULL, '2021-01-17 09:15:35', NULL, '2021-01-17 09:15:35'),
(198, 'St Helenian', '', '', '', 1, NULL, '2021-01-17 09:15:35', NULL, '2021-01-17 09:15:35'),
(199, 'St Lucian', '', '', '', 1, NULL, '2021-01-17 09:15:35', NULL, '2021-01-17 09:15:35'),
(200, 'Stateless', '', '', '', 1, NULL, '2021-01-17 09:15:35', NULL, '2021-01-17 09:15:35'),
(201, 'Sudanese', '', '', '', 1, NULL, '2021-01-17 09:15:35', NULL, '2021-01-17 09:15:35'),
(202, 'Surinamese', '', '', '', 1, NULL, '2021-01-17 09:15:35', NULL, '2021-01-17 09:15:35'),
(203, 'Swazi', '', '', '', 1, NULL, '2021-01-17 09:15:35', NULL, '2021-01-17 09:15:35'),
(204, 'Swedish', '', '', '', 1, NULL, '2021-01-17 09:15:35', NULL, '2021-01-17 09:15:35'),
(205, 'Swiss', '', '', '', 1, NULL, '2021-01-17 09:15:35', NULL, '2021-01-17 09:15:35'),
(206, 'Syrian', '', '', '', 1, NULL, '2021-01-17 09:15:35', NULL, '2021-01-17 09:15:35'),
(207, 'Taiwanese', '', '', '', 1, NULL, '2021-01-17 09:15:35', NULL, '2021-01-17 09:15:35'),
(208, 'Tajik', '', '', '', 1, NULL, '2021-01-17 09:15:35', NULL, '2021-01-17 09:15:35'),
(209, 'Tanzanian', '', '', '', 1, NULL, '2021-01-17 09:15:35', NULL, '2021-01-17 09:15:35'),
(210, 'Thai', '', '', '', 1, NULL, '2021-01-17 09:15:35', NULL, '2021-01-17 09:15:35'),
(211, 'Togolese', '', '', '', 1, NULL, '2021-01-17 09:15:35', NULL, '2021-01-17 09:15:35'),
(212, 'Tongan', '', '', '', 1, NULL, '2021-01-17 09:15:35', NULL, '2021-01-17 09:15:35'),
(213, 'Trinidadian', '', '', '', 1, NULL, '2021-01-17 09:15:35', NULL, '2021-01-17 09:15:35'),
(214, 'Tristanian', '', '', '', 1, NULL, '2021-01-17 09:15:35', NULL, '2021-01-17 09:15:35'),
(215, 'Tunisian', '', '', '', 1, NULL, '2021-01-17 09:15:35', NULL, '2021-01-17 09:15:35'),
(216, 'Turkish', '', '', '', 1, NULL, '2021-01-17 09:15:35', NULL, '2021-01-17 09:15:35'),
(217, 'Turkmen', '', '', '', 1, NULL, '2021-01-17 09:15:35', NULL, '2021-01-17 09:15:35'),
(218, 'Turks and Caicos Islander', '', '', '', 1, NULL, '2021-01-17 09:15:35', NULL, '2021-01-17 09:15:35'),
(219, 'Tuvaluan', '', '', '', 1, NULL, '2021-01-17 09:15:35', NULL, '2021-01-17 09:15:35'),
(220, 'Ugandan', '', '', '', 1, NULL, '2021-01-17 09:15:35', NULL, '2021-01-17 09:15:35'),
(221, 'Ukrainian', '', '', '', 1, NULL, '2021-01-17 09:15:35', NULL, '2021-01-17 09:15:35'),
(222, 'Uruguayan', '', '', '', 1, NULL, '2021-01-17 09:15:35', NULL, '2021-01-17 09:15:35'),
(223, 'Uzbek', '', '', '', 1, NULL, '2021-01-17 09:15:35', NULL, '2021-01-17 09:15:35'),
(224, 'Vatican citizen', '', '', '', 1, NULL, '2021-01-17 09:15:35', NULL, '2021-01-17 09:15:35'),
(225, 'Venezuelan', '', '', '', 1, NULL, '2021-01-17 09:15:35', NULL, '2021-01-17 09:15:35'),
(226, 'Vietnamese', '', '', '', 1, NULL, '2021-01-17 09:15:35', NULL, '2021-01-17 09:15:35'),
(227, 'Vincentian', '', '', '', 1, NULL, '2021-01-17 09:15:35', NULL, '2021-01-17 09:15:35'),
(228, 'Wallisian', '', '', '', 1, NULL, '2021-01-17 09:15:35', NULL, '2021-01-17 09:15:35'),
(229, 'Welsh', '', '', '', 1, NULL, '2021-01-17 09:15:35', NULL, '2021-01-17 09:15:35'),
(230, 'Yemeni', '', '', '', 1, NULL, '2021-01-17 09:15:35', NULL, '2021-01-17 09:15:35'),
(231, 'Zambian', '', '', '', 1, NULL, '2021-01-17 09:15:35', NULL, '2021-01-17 09:15:35'),
(232, 'Zimbabwean', '', '', '', 1, NULL, '2021-01-17 09:15:35', NULL, '2021-01-17 09:15:35');

-- --------------------------------------------------------

--
-- Table structure for table `nonpo_detail`
--

CREATE TABLE `nonpo_detail` (
  `id` bigint(20) NOT NULL,
  `id_po_entry` bigint(20) DEFAULT NULL,
  `cr_account` varchar(20) DEFAULT NULL,
  `cr_activity` varchar(20) DEFAULT NULL,
  `cr_department` varchar(20) DEFAULT NULL,
  `cr_fund` varchar(20) DEFAULT NULL,
  `dt_account` varchar(20) DEFAULT NULL,
  `dt_activity` varchar(20) DEFAULT NULL,
  `dt_department` varchar(20) DEFAULT NULL,
  `dt_fund` varchar(20) DEFAULT NULL,
  `id_category` bigint(20) DEFAULT NULL,
  `id_sub_category` bigint(20) DEFAULT NULL,
  `id_item` bigint(20) DEFAULT NULL,
  `type` varchar(20) DEFAULT NULL,
  `quantity` int(20) DEFAULT NULL,
  `price` float(20,2) DEFAULT NULL,
  `id_tax` float(10,2) DEFAULT NULL,
  `tax_price` float(10,2) DEFAULT NULL,
  `total_final` float(10,2) DEFAULT NULL
) ENGINE=InnoDB DEFAULT CHARSET=latin1;

-- --------------------------------------------------------

--
-- Table structure for table `nonpo_entry`
--

CREATE TABLE `nonpo_entry` (
  `id` bigint(20) NOT NULL,
  `id_financial_year` bigint(20) DEFAULT NULL,
  `type` varchar(100) DEFAULT '',
  `nonpo_entry_date` date DEFAULT NULL,
  `description` varchar(500) DEFAULT NULL,
  `reason` varchar(500) DEFAULT NULL,
  `created_by` bigint(20) DEFAULT NULL,
  `status` int(10) DEFAULT NULL,
  `created_date` datetime DEFAULT current_timestamp(),
  `nonpo_number` varchar(50) DEFAULT NULL,
  `amount` float(10,2) DEFAULT NULL,
  `id_vendor` bigint(20) DEFAULT NULL,
  `id_pr` int(20) DEFAULT NULL,
  `id_department` bigint(20) DEFAULT NULL
) ENGINE=InnoDB DEFAULT CHARSET=latin1;

-- --------------------------------------------------------

--
-- Table structure for table `online_claim`
--

CREATE TABLE `online_claim` (
  `id` bigint(20) NOT NULL,
  `type` varchar(256) NOT NULL,
  `id_staff` bigint(20) NOT NULL,
  `id_university` bigint(20) NOT NULL,
  `id_branch` bigint(20) NOT NULL,
  `id_programme` bigint(20) NOT NULL,
  `id_semester` bigint(20) NOT NULL,
  `total_amount` float(20,2) DEFAULT 0.00,
  `reason` varchar(2048) DEFAULT '',
  `status` int(2) DEFAULT 1,
  `created_by` int(20) DEFAULT NULL,
  `created_dt_tm` datetime DEFAULT current_timestamp(),
  `updated_by` int(20) DEFAULT NULL,
  `updated_dt_tm` datetime DEFAULT current_timestamp()
) ENGINE=InnoDB DEFAULT CHARSET=utf8;

--
-- Dumping data for table `online_claim`
--

INSERT INTO `online_claim` (`id`, `type`, `id_staff`, `id_university`, `id_branch`, `id_programme`, `id_semester`, `total_amount`, `reason`, `status`, `created_by`, `created_dt_tm`, `updated_by`, `updated_dt_tm`) VALUES
(1, 'Academic Facilitator', 2, 1, 3, 3, 1, 0.00, '', 1, 1, '2020-12-12 03:41:48', NULL, '2020-12-12 03:41:48'),
(2, 'Academic Facilitator', 1, 4, 5, 4, 2, 120.00, '', 1, 1, '2020-12-12 03:51:51', NULL, '2020-12-12 03:51:51');

-- --------------------------------------------------------

--
-- Table structure for table `online_claim_details`
--

CREATE TABLE `online_claim_details` (
  `id` bigint(20) NOT NULL,
  `id_online_claim` int(20) NOT NULL,
  `id_course` bigint(20) NOT NULL,
  `id_payment_rate` bigint(20) NOT NULL,
  `hours` bigint(20) NOT NULL,
  `date_time` varchar(2048) DEFAULT '',
  `amount` float(20,2) NOT NULL,
  `status` int(20) DEFAULT 1,
  `created_by` int(20) DEFAULT NULL,
  `created_dt_tm` datetime DEFAULT current_timestamp(),
  `updated_by` int(20) DEFAULT NULL,
  `updated_dt_tm` datetime DEFAULT current_timestamp()
) ENGINE=InnoDB DEFAULT CHARSET=utf8;

--
-- Dumping data for table `online_claim_details`
--

INSERT INTO `online_claim_details` (`id`, `id_online_claim`, `id_course`, `id_payment_rate`, `hours`, `date_time`, `amount`, `status`, `created_by`, `created_dt_tm`, `updated_by`, `updated_dt_tm`) VALUES
(1, 2, 1, 1, 3, '2020-12-10', 120.00, 1, NULL, '2020-12-12 03:51:49', NULL, '2020-12-12 03:51:49');

-- --------------------------------------------------------

--
-- Table structure for table `organisation`
--

CREATE TABLE `organisation` (
  `id` int(20) NOT NULL,
  `name` varchar(500) DEFAULT '',
  `short_name` varchar(500) DEFAULT '',
  `name_in_malay` varchar(500) DEFAULT '',
  `url` varchar(500) DEFAULT '',
  `id_country` int(20) DEFAULT 0,
  `id_registrar` int(20) DEFAULT 0,
  `date_time` datetime DEFAULT current_timestamp(),
  `contact_number` int(20) DEFAULT 0,
  `email` varchar(200) DEFAULT '',
  `address1` varchar(1024) DEFAULT '',
  `address2` varchar(1024) DEFAULT '',
  `id_state` int(20) DEFAULT 0,
  `city` varchar(512) DEFAULT '',
  `zipcode` int(20) DEFAULT 0,
  `image` varchar(1024) DEFAULT '',
  `status` int(2) DEFAULT 0,
  `created_by` int(20) DEFAULT NULL,
  `created_dt_tm` datetime DEFAULT current_timestamp(),
  `updated_by` int(20) DEFAULT NULL,
  `updated_dt_tm` datetime DEFAULT current_timestamp()
) ENGINE=InnoDB DEFAULT CHARSET=latin1;

--
-- Dumping data for table `organisation`
--

INSERT INTO `organisation` (`id`, `name`, `short_name`, `name_in_malay`, `url`, `id_country`, `id_registrar`, `date_time`, `contact_number`, `email`, `address1`, `address2`, `id_state`, `city`, `zipcode`, `image`, `status`, `created_by`, `created_dt_tm`, `updated_by`, `updated_dt_tm`) VALUES
(1, 'East Asia Global', 'EAG', 'East Asia Global', 'https://eag.edu.my/', 1, 1, '2020-07-10 00:00:00', 2147483647, 'conta@eag.com', 'KL', '', 1, 'KL', 345465, '867de2430dc8589b38787f7c45936020.png', 1, 1, '2020-07-10 23:25:36', NULL, '2020-07-10 23:25:36');

-- --------------------------------------------------------

--
-- Table structure for table `organisation_comitee`
--

CREATE TABLE `organisation_comitee` (
  `id` int(20) NOT NULL,
  `id_organisation` int(20) DEFAULT 0,
  `role` varchar(50) DEFAULT '',
  `name` varchar(1024) DEFAULT '',
  `nric` varchar(100) DEFAULT '',
  `effective_date` datetime DEFAULT NULL,
  `status` int(2) DEFAULT NULL,
  `created_by` int(20) DEFAULT NULL,
  `created_dt_tm` datetime DEFAULT current_timestamp(),
  `updated_by` int(20) DEFAULT NULL,
  `updated_dt_tm` datetime DEFAULT current_timestamp()
) ENGINE=InnoDB DEFAULT CHARSET=latin1;

--
-- Dumping data for table `organisation_comitee`
--

INSERT INTO `organisation_comitee` (`id`, `id_organisation`, `role`, `name`, `nric`, `effective_date`, `status`, `created_by`, `created_dt_tm`, `updated_by`, `updated_dt_tm`) VALUES
(1, 1, 'Vice Chancellor', 'Emeritus Prof Datuk Dr Hassan Said', '740501026919', '2020-08-01 00:00:00', NULL, NULL, '2020-08-08 23:35:59', NULL, '2020-08-08 23:35:59');

-- --------------------------------------------------------

--
-- Table structure for table `organisation_has_training_center`
--

CREATE TABLE `organisation_has_training_center` (
  `id` int(20) NOT NULL,
  `id_organisation` int(20) DEFAULT 0 COMMENT 'Traeted as id_partner_university in Case Of Partner_university_has_training_center',
  `name` varchar(500) DEFAULT '',
  `code` varchar(200) DEFAULT '',
  `complete_code` varchar(500) DEFAULT '',
  `id_contact_person` int(20) DEFAULT 0,
  `contact_number` int(20) DEFAULT 0,
  `email` varchar(200) DEFAULT '',
  `fax` varchar(200) DEFAULT '',
  `address1` varchar(1024) DEFAULT '',
  `address2` varchar(1024) DEFAULT '',
  `location` varchar(512) DEFAULT '',
  `id_country` int(20) DEFAULT 0,
  `id_state` int(20) DEFAULT 0,
  `city` varchar(512) DEFAULT '',
  `zipcode` int(20) DEFAULT 0,
  `status` int(2) DEFAULT 0,
  `created_by` int(20) DEFAULT NULL,
  `created_dt_tm` datetime DEFAULT current_timestamp(),
  `updated_by` int(20) DEFAULT NULL,
  `updated_dt_tm` datetime DEFAULT current_timestamp()
) ENGINE=InnoDB DEFAULT CHARSET=latin1;

--
-- Dumping data for table `organisation_has_training_center`
--

INSERT INTO `organisation_has_training_center` (`id`, `id_organisation`, `name`, `code`, `complete_code`, `id_contact_person`, `contact_number`, `email`, `fax`, `address1`, `address2`, `location`, `id_country`, `id_state`, `city`, `zipcode`, `status`, `created_by`, `created_dt_tm`, `updated_by`, `updated_dt_tm`) VALUES
(3, 1, 'KL', 'KL', '', 2, 123, 'as@cms.com', '123', 'KL', 'KL', 'KL', 1, 1, 'KL', 123, 1, NULL, '2020-08-20 07:07:01', NULL, '2020-08-20 07:07:01'),
(4, 1, 'Branch Putra Jaya', 'PJ', '', 2, 123, 'branch-pj@connect.com', '123', 'PJ', 'PJ', 'PJ', 1, 1, 'PJ', 32131, 1, NULL, '2020-08-21 13:44:33', NULL, '2020-08-21 13:44:33'),
(5, 4, 'Shingo Academy 001', 'SHI-ACA/001', 'AEU_J01_SHI-ACA/001', 2, 123, 'academy.shingo@cms.com', '1234', 'KL', 'KL', 'KL', 110, 1, 'KL', 1234, 1, NULL, '2020-09-10 14:02:40', NULL, '2020-09-10 14:02:40'),
(6, 8, 'MU - Johor', 'MU1', 'MU_MU1', 3, 123456789, 'shinchan@g.com', '123456789', 'Johor', 'Johor', 'Johor', 110, 9, 'Johor', 75000, 1, NULL, '2020-11-15 04:48:10', NULL, '2020-11-15 04:48:10'),
(7, 7, 'BMI Campus KL', '001KL', 'BMI_001KL', 1, 123, '123@cms.com', '123', '1', '1', '1', 110, 12, 'KL', 123, 1, NULL, '2020-12-20 13:40:50', NULL, '2020-12-20 13:40:50'),
(8, 6, 'Ambroce KL Branch', '001KL', 'AIC_001KL', 2, 123, '123@kl.com', '1', '1', '1', '1', 110, 1, '123', 123, 1, NULL, '2020-12-20 13:42:54', NULL, '2020-12-20 13:42:54'),
(9, 9, 'Training Center 1', 'TC1', 'USAS_TC1', 1, 2147483647, 'osfian@usas.edu.my', '123', 'KL', 'qwe', 'KL', 110, 1, 'KL', 12354, 1, NULL, '2021-01-12 05:21:40', NULL, '2021-01-12 05:21:40');

-- --------------------------------------------------------

--
-- Table structure for table `organisation_training_center_has_program`
--

CREATE TABLE `organisation_training_center_has_program` (
  `id` int(20) NOT NULL,
  `id_organisation` int(20) DEFAULT 0,
  `id_training_center` int(20) DEFAULT 0,
  `id_program` int(20) DEFAULT 0,
  `status` int(2) DEFAULT 0,
  `created_by` int(20) DEFAULT NULL,
  `created_dt_tm` datetime DEFAULT current_timestamp(),
  `updated_by` int(20) DEFAULT NULL,
  `updated_dt_tm` datetime DEFAULT current_timestamp()
) ENGINE=InnoDB DEFAULT CHARSET=latin1;

--
-- Dumping data for table `organisation_training_center_has_program`
--

INSERT INTO `organisation_training_center_has_program` (`id`, `id_organisation`, `id_training_center`, `id_program`, `status`, `created_by`, `created_dt_tm`, `updated_by`, `updated_dt_tm`) VALUES
(2, 1, 1, 2, 0, NULL, '2020-08-18 08:18:26', NULL, '2020-08-18 08:18:26'),
(3, 1, 1, 1, 0, NULL, '2020-08-18 13:51:39', NULL, '2020-08-18 13:51:39'),
(4, 1, 2, 1, 0, NULL, '2020-08-19 13:10:33', NULL, '2020-08-19 13:10:33'),
(5, 1, 2, 2, 0, NULL, '2020-08-19 13:10:46', NULL, '2020-08-19 13:10:46'),
(6, 1, 3, 3, 0, NULL, '2020-08-20 07:07:12', NULL, '2020-08-20 07:07:12'),
(7, 1, 4, 3, 0, NULL, '2020-08-21 13:44:44', NULL, '2020-08-21 13:44:44');

-- --------------------------------------------------------

--
-- Table structure for table `other_documents`
--

CREATE TABLE `other_documents` (
  `id` int(20) NOT NULL,
  `id_student` int(10) DEFAULT NULL,
  `doc_name` varchar(120) DEFAULT '',
  `doc_file` varchar(520) DEFAULT '',
  `remarks` varchar(120) DEFAULT '',
  `status` int(20) DEFAULT NULL,
  `created_by` int(20) DEFAULT NULL,
  `created_dt_tm` datetime DEFAULT current_timestamp(),
  `updated_by` int(20) DEFAULT NULL,
  `updated_dt_tm` datetime DEFAULT current_timestamp()
) ENGINE=InnoDB DEFAULT CHARSET=latin1;

--
-- Dumping data for table `other_documents`
--

INSERT INTO `other_documents` (`id`, `id_student`, `doc_name`, `doc_file`, `remarks`, `status`, `created_by`, `created_dt_tm`, `updated_by`, `updated_dt_tm`) VALUES
(3, 28, 'Name', 'Salt.png', 'Remar', NULL, NULL, '2020-10-10 02:29:31', NULL, '2020-10-10 02:29:31'),
(4, 31, 'Passport', 'Screenshot from 2020-03-17 23-45-27.png', 'Remarks', NULL, NULL, '2020-11-08 11:47:52', NULL, '2020-11-08 11:47:52');

-- --------------------------------------------------------

--
-- Table structure for table `partner_category`
--

CREATE TABLE `partner_category` (
  `id` int(20) NOT NULL,
  `name` varchar(250) DEFAULT '',
  `code` varchar(50) DEFAULT '',
  `status` int(2) DEFAULT NULL,
  `created_by` int(20) DEFAULT NULL,
  `created_dt_tm` datetime DEFAULT current_timestamp(),
  `updated_by` int(20) DEFAULT NULL,
  `updated_dt_tm` datetime DEFAULT current_timestamp()
) ENGINE=InnoDB DEFAULT CHARSET=latin1;

--
-- Dumping data for table `partner_category`
--

INSERT INTO `partner_category` (`id`, `name`, `code`, `status`, `created_by`, `created_dt_tm`, `updated_by`, `updated_dt_tm`) VALUES
(1, 'Franchise', 'F', 1, NULL, '2020-07-13 04:46:25', NULL, '2020-07-13 04:46:25'),
(2, 'Joint Award', 'J', 1, NULL, '2020-07-13 04:46:44', NULL, '2020-07-13 04:46:44'),
(3, 'Learning Centre', 'LC', 1, NULL, '2020-08-08 23:38:31', NULL, '2020-08-08 23:38:31'),
(4, 'Dual Award', 'DUAL', 1, NULL, '2020-08-10 20:23:43', NULL, '2020-08-10 20:23:43');

-- --------------------------------------------------------

--
-- Table structure for table `partner_university`
--

CREATE TABLE `partner_university` (
  `id` int(20) NOT NULL,
  `name` varchar(500) DEFAULT '',
  `code` varchar(200) DEFAULT '',
  `id_partner_category` int(20) DEFAULT 0,
  `id_partner_university` int(20) DEFAULT 0,
  `start_date` datetime DEFAULT NULL,
  `end_date` datetime DEFAULT NULL,
  `certificate` varchar(200) DEFAULT '',
  `short_name` varchar(500) DEFAULT '',
  `name_in_malay` varchar(500) DEFAULT '',
  `url` varchar(500) DEFAULT '',
  `id_country` int(20) DEFAULT 0,
  `id_registrar` int(20) DEFAULT 0,
  `pay_as_agent` int(20) DEFAULT 0,
  `date_time` datetime DEFAULT current_timestamp(),
  `contact_number` int(20) DEFAULT 0,
  `email` varchar(200) DEFAULT '',
  `address1` varchar(1024) DEFAULT '',
  `address2` varchar(1024) DEFAULT '',
  `location` varchar(512) DEFAULT '',
  `id_state` int(20) DEFAULT 0,
  `city` varchar(512) DEFAULT '',
  `zipcode` int(20) DEFAULT 0,
  `login_id` varchar(500) DEFAULT '',
  `password` varchar(500) DEFAULT '',
  `billing_to` varchar(200) DEFAULT '',
  `id_bank` int(20) DEFAULT 0,
  `account_number` varchar(512) DEFAULT '',
  `swift_code` varchar(512) DEFAULT '',
  `bank_address` varchar(2048) DEFAULT '',
  `status` int(2) DEFAULT 0,
  `created_by` int(20) DEFAULT NULL,
  `created_dt_tm` datetime DEFAULT current_timestamp(),
  `updated_by` int(20) DEFAULT NULL,
  `updated_dt_tm` datetime DEFAULT current_timestamp()
) ENGINE=InnoDB DEFAULT CHARSET=latin1;

--
-- Dumping data for table `partner_university`
--

INSERT INTO `partner_university` (`id`, `name`, `code`, `id_partner_category`, `id_partner_university`, `start_date`, `end_date`, `certificate`, `short_name`, `name_in_malay`, `url`, `id_country`, `id_registrar`, `pay_as_agent`, `date_time`, `contact_number`, `email`, `address1`, `address2`, `location`, `id_state`, `city`, `zipcode`, `login_id`, `password`, `billing_to`, `id_bank`, `account_number`, `swift_code`, `bank_address`, `status`, `created_by`, `created_dt_tm`, `updated_by`, `updated_dt_tm`) VALUES
(9, 'Universiti Sultan Azlan Shah', 'USAS', 1, 0, '2021-01-01 00:00:00', '2026-01-02 00:00:00', '', 'Universiti Sultan Azlan Shah', '', 'http://www.usas.edu.my/', 110, 0, 1, '2021-01-12 05:14:09', 2147483647, 'osfian@usas.edu.my', 'Bukit Chandan, 33000 Bandar Diraja Kuala Kangsar ', 'Perak Darul Ridzuan, Malaysia', '', 1, 'KL', 33000, '00001', '202cb962ac59075b964b07152d234b70', 'Student', 1, '1234567890', '1234567', 'KL', 1, 1, '2021-01-12 05:14:09', NULL, '2021-01-12 05:14:09');

-- --------------------------------------------------------

--
-- Table structure for table `partner_university_comitee`
--

CREATE TABLE `partner_university_comitee` (
  `id` int(20) NOT NULL,
  `id_partner_university` int(20) DEFAULT 0,
  `role` varchar(50) DEFAULT '',
  `name` varchar(1024) DEFAULT '',
  `nric` varchar(100) DEFAULT '',
  `effective_date` datetime DEFAULT NULL,
  `status` int(2) DEFAULT NULL,
  `created_by` int(20) DEFAULT NULL,
  `created_dt_tm` datetime DEFAULT current_timestamp(),
  `updated_by` int(20) DEFAULT NULL,
  `updated_dt_tm` datetime DEFAULT current_timestamp()
) ENGINE=InnoDB DEFAULT CHARSET=latin1;

--
-- Dumping data for table `partner_university_comitee`
--

INSERT INTO `partner_university_comitee` (`id`, `id_partner_university`, `role`, `name`, `nric`, `effective_date`, `status`, `created_by`, `created_dt_tm`, `updated_by`, `updated_dt_tm`) VALUES
(1, 1, 'Chancellor', 'ABC', '34234234', '2020-07-13 00:00:00', NULL, NULL, '2020-07-13 08:56:43', NULL, '2020-07-13 08:56:43'),
(2, 4, 'Chancellor', 'Shaheel', 'NR4432', '2020-07-01 00:00:00', NULL, NULL, '2020-07-14 06:58:44', NULL, '2020-07-14 06:58:44'),
(3, 4, 'Registrar', 'Bhasha Abdullah', '221278564', '2020-08-25 00:00:00', NULL, NULL, '2020-08-12 03:57:07', NULL, '2020-08-12 03:57:07'),
(4, 6, 'Chancellor', 'Nuruz Pathima', 'NR89889', '2020-09-01 00:00:00', NULL, NULL, '2020-09-01 11:53:45', NULL, '2020-09-01 11:53:45'),
(5, 8, 'Chancellor', 'Shinchan', 'Yes', '2020-11-01 00:00:00', NULL, NULL, '2020-11-13 09:50:07', NULL, '2020-11-13 09:50:07'),
(6, 9, 'Chancellor', 'Burazi Mohammed', 'NRIC1234', '2021-01-14 00:00:00', NULL, NULL, '2021-01-12 21:33:28', NULL, '2021-01-12 21:33:28'),
(7, 9, 'Vice Chancellor', 'Izamul Firozi', 'NRIC124321', '2021-01-31 00:00:00', NULL, NULL, '2021-01-12 21:34:06', NULL, '2021-01-12 21:34:06');

-- --------------------------------------------------------

--
-- Table structure for table `partner_university_fee`
--

CREATE TABLE `partner_university_fee` (
  `id` int(20) NOT NULL,
  `id_partner_university` int(20) DEFAULT 0,
  `id_program` int(20) DEFAULT 0,
  `id_intake` int(20) DEFAULT 0,
  `amount` float(20,2) DEFAULT 0.00,
  `fee_type` varchar(520) DEFAULT '',
  `status` int(2) DEFAULT 1,
  `created_by` int(20) DEFAULT NULL,
  `created_dt_tm` datetime DEFAULT current_timestamp(),
  `updated_by` int(20) DEFAULT NULL,
  `updated_dt_tm` datetime DEFAULT current_timestamp(),
  `payment_day` varchar(20) DEFAULT NULL,
  `id_agreement` int(20) DEFAULT NULL
) ENGINE=InnoDB DEFAULT CHARSET=latin1;

--
-- Dumping data for table `partner_university_fee`
--

INSERT INTO `partner_university_fee` (`id`, `id_partner_university`, `id_program`, `id_intake`, `amount`, `fee_type`, `status`, `created_by`, `created_dt_tm`, `updated_by`, `updated_dt_tm`, `payment_day`, `id_agreement`) VALUES
(1, 7, 3, 1, 1980.00, 'Program Wise', 1, NULL, '2020-09-09 13:39:21', NULL, '2020-09-09 13:39:21', '3', 6),
(2, 7, 3, 2, 8880.00, 'Program Wise', 1, NULL, '2020-09-21 13:14:53', NULL, '2020-09-21 13:14:53', '4', 6);

-- --------------------------------------------------------

--
-- Table structure for table `partner_university_invoice_student_details`
--

CREATE TABLE `partner_university_invoice_student_details` (
  `id` int(20) NOT NULL,
  `id_main_invoice` int(20) DEFAULT 0,
  `id_partner_university` int(20) DEFAULT 0,
  `id_student` int(20) DEFAULT 0,
  `amount` float(20,2) DEFAULT 0.00,
  `status` int(2) DEFAULT 1,
  `created_by` int(20) DEFAULT NULL,
  `created_dt_tm` datetime DEFAULT current_timestamp(),
  `updated_by` int(20) DEFAULT NULL,
  `updated_dt_tm` datetime DEFAULT current_timestamp()
) ENGINE=InnoDB DEFAULT CHARSET=latin1;

--
-- Dumping data for table `partner_university_invoice_student_details`
--

INSERT INTO `partner_university_invoice_student_details` (`id`, `id_main_invoice`, `id_partner_university`, `id_student`, `amount`, `status`, `created_by`, `created_dt_tm`, `updated_by`, `updated_dt_tm`) VALUES
(1, 66, 4, 18, 3200.00, 1, NULL, '2020-09-22 15:05:25', NULL, '2020-09-22 15:05:25'),
(2, 66, 4, 26, 3200.00, 1, NULL, '2020-09-22 15:05:25', NULL, '2020-09-22 15:05:25'),
(3, 67, 4, 25, 1960.00, 1, NULL, '2020-09-23 00:43:17', NULL, '2020-09-23 00:43:17'),
(4, 67, 4, 26, 1960.00, 1, NULL, '2020-09-23 00:43:17', NULL, '2020-09-23 00:43:17'),
(5, 28, 8, 94, 2600.00, 1, NULL, '2020-12-19 14:37:56', NULL, '2020-12-19 14:37:56'),
(6, 28, 8, 95, 2600.00, 1, NULL, '2020-12-19 14:37:56', NULL, '2020-12-19 14:37:56'),
(7, 29, 6, 96, 2000.00, 1, NULL, '2020-12-20 14:14:03', NULL, '2020-12-20 14:14:03'),
(8, 29, 6, 97, 2000.00, 1, NULL, '2020-12-20 14:14:03', NULL, '2020-12-20 14:14:03');

-- --------------------------------------------------------

--
-- Table structure for table `partner_university_last_login`
--

CREATE TABLE `partner_university_last_login` (
  `id` bigint(20) NOT NULL,
  `id_partner_university` bigint(20) NOT NULL,
  `session_data` varchar(2048) NOT NULL,
  `machine_ip` varchar(1024) NOT NULL,
  `user_agent` varchar(128) NOT NULL,
  `agent_string` varchar(1024) NOT NULL,
  `platform` varchar(128) NOT NULL,
  `created_dt_tm` datetime DEFAULT current_timestamp()
) ENGINE=InnoDB DEFAULT CHARSET=utf8;

--
-- Dumping data for table `partner_university_last_login`
--

INSERT INTO `partner_university_last_login` (`id`, `id_partner_university`, `session_data`, `machine_ip`, `user_agent`, `agent_string`, `platform`, `created_dt_tm`) VALUES
(1, 4, '{\"partner_university_name\":\"SHINGO ACADEMY\",\"partner_university_code\":\"AEU_J01\"}', '157.49.188.213', 'Chrome 83.0.4103.116', 'Mozilla/5.0 (X11; Linux x86_64) AppleWebKit/537.36 (KHTML, like Gecko) Chrome/83.0.4103.116 Safari/537.36', 'Linux', '2020-09-09 23:31:13'),
(2, 4, '{\"partner_university_name\":\"SHINGO ACADEMY\",\"partner_university_code\":\"AEU_J01\"}', '49.206.4.152', 'Chrome 78.0.3904.97', 'Mozilla/5.0 (X11; Linux x86_64) AppleWebKit/537.36 (KHTML, like Gecko) Chrome/78.0.3904.97 Safari/537.36', 'Linux', '2020-09-10 05:05:53'),
(3, 4, '{\"partner_university_name\":\"SHINGO ACADEMY\",\"partner_university_code\":\"AEU_J01\",\"partner_university_login_id\":\"00111\"}', '157.49.189.60', 'Chrome 83.0.4103.116', 'Mozilla/5.0 (X11; Linux x86_64) AppleWebKit/537.36 (KHTML, like Gecko) Chrome/83.0.4103.116 Safari/537.36', 'Linux', '2020-09-10 14:00:29'),
(4, 4, '{\"partner_university_name\":\"SHINGO ACADEMY\",\"partner_university_code\":\"AEU_J01\",\"partner_university_login_id\":\"00111\"}', '49.206.4.152', 'Chrome 78.0.3904.97', 'Mozilla/5.0 (X11; Linux x86_64) AppleWebKit/537.36 (KHTML, like Gecko) Chrome/78.0.3904.97 Safari/537.36', 'Linux', '2020-09-10 18:47:04'),
(5, 4, '{\"partner_university_name\":\"SHINGO ACADEMY\",\"partner_university_code\":\"AEU_J01\",\"partner_university_login_id\":\"00111\"}', '157.49.173.246', 'Chrome 83.0.4103.116', 'Mozilla/5.0 (X11; Linux x86_64) AppleWebKit/537.36 (KHTML, like Gecko) Chrome/83.0.4103.116 Safari/537.36', 'Linux', '2020-09-10 23:43:53'),
(6, 4, '{\"partner_university_name\":\"SHINGO ACADEMY\",\"partner_university_code\":\"AEU_J01\",\"partner_university_login_id\":\"00111\"}', '49.206.4.152', 'Chrome 78.0.3904.97', 'Mozilla/5.0 (X11; Linux x86_64) AppleWebKit/537.36 (KHTML, like Gecko) Chrome/78.0.3904.97 Safari/537.36', 'Linux', '2020-09-12 03:51:26'),
(7, 4, '{\"partner_university_name\":\"SHINGO ACADEMY\",\"partner_university_code\":\"AEU_J01\",\"partner_university_login_id\":\"00111\"}', '157.49.174.89', 'Chrome 83.0.4103.116', 'Mozilla/5.0 (X11; Linux x86_64) AppleWebKit/537.36 (KHTML, like Gecko) Chrome/83.0.4103.116 Safari/537.36', 'Linux', '2020-09-12 08:04:10'),
(8, 4, '{\"partner_university_name\":\"SHINGO ACADEMY\",\"partner_university_code\":\"AEU_J01\",\"partner_university_login_id\":\"00111\"}', '157.49.178.137', 'Chrome 85.0.4183.102', 'Mozilla/5.0 (X11; Linux x86_64) AppleWebKit/537.36 (KHTML, like Gecko) Chrome/85.0.4183.102 Safari/537.36', 'Linux', '2020-09-13 14:19:50'),
(9, 4, '{\"partner_university_name\":\"SHINGO ACADEMY\",\"partner_university_code\":\"AEU_J01\",\"partner_university_login_id\":\"00111\"}', '157.49.176.43', 'Chrome 85.0.4183.102', 'Mozilla/5.0 (X11; Linux x86_64) AppleWebKit/537.36 (KHTML, like Gecko) Chrome/85.0.4183.102 Safari/537.36', 'Linux', '2020-09-15 02:11:37'),
(10, 4, '{\"partner_university_name\":\"SHINGO ACADEMY\",\"partner_university_code\":\"AEU_J01\",\"partner_university_login_id\":\"00111\"}', '49.206.4.152', 'Chrome 78.0.3904.97', 'Mozilla/5.0 (X11; Linux x86_64) AppleWebKit/537.36 (KHTML, like Gecko) Chrome/78.0.3904.97 Safari/537.36', 'Linux', '2020-09-21 19:02:58'),
(11, 8, '{\"partner_university_name\":\"MYANMAR INSTITUTE OF EDUCATION\",\"partner_university_code\":\"MIE\",\"partner_university_login_id\":\"00114\"}', '117.230.62.170', 'Chrome 87.0.4280.66', 'Mozilla/5.0 (X11; Linux x86_64) AppleWebKit/537.36 (KHTML, like Gecko) Chrome/87.0.4280.66 Safari/537.36', 'Linux', '2020-12-19 14:24:29'),
(12, 8, '{\"partner_university_name\":\"MYANMAR INSTITUTE OF EDUCATION\",\"partner_university_code\":\"MIE\",\"partner_university_login_id\":\"00114\"}', '42.105.117.194', 'Chrome 87.0.4280.66', 'Mozilla/5.0 (X11; Linux x86_64) AppleWebKit/537.36 (KHTML, like Gecko) Chrome/87.0.4280.66 Safari/537.36', 'Linux', '2020-12-20 13:28:36'),
(13, 6, '{\"partner_university_name\":\"AMBROSIA INTERNATIONAL COLLEGE\",\"partner_university_code\":\"AIC\",\"partner_university_login_id\":\"00112\"}', '42.105.117.194', 'Chrome 87.0.4280.66', 'Mozilla/5.0 (X11; Linux x86_64) AppleWebKit/537.36 (KHTML, like Gecko) Chrome/87.0.4280.66 Safari/537.36', 'Linux', '2020-12-20 14:09:49'),
(14, 8, '{\"partner_university_name\":\"MYANMAR INSTITUTE OF EDUCATION\",\"partner_university_code\":\"MIE\",\"partner_university_login_id\":\"00114\"}', '42.105.117.53', 'Chrome 87.0.4280.66', 'Mozilla/5.0 (X11; Linux x86_64) AppleWebKit/537.36 (KHTML, like Gecko) Chrome/87.0.4280.66 Safari/537.36', 'Linux', '2020-12-20 14:41:12');

-- --------------------------------------------------------

--
-- Table structure for table `partner_university_student_invoice_details`
--

CREATE TABLE `partner_university_student_invoice_details` (
  `id` int(20) NOT NULL,
  `id_student_invoice_details` int(10) DEFAULT NULL,
  `id_fee_item` int(10) DEFAULT NULL,
  `amount` float(20,2) DEFAULT NULL,
  `quantity` int(20) DEFAULT 0,
  `price` int(20) DEFAULT 0,
  `id_reference` int(20) DEFAULT 0,
  `description` varchar(1024) DEFAULT '',
  `status` int(2) DEFAULT NULL,
  `created_by` int(20) DEFAULT NULL,
  `created_dt_tm` datetime DEFAULT current_timestamp(),
  `updated_by` int(20) DEFAULT NULL,
  `updated_dt_tm` datetime DEFAULT current_timestamp()
) ENGINE=InnoDB DEFAULT CHARSET=latin1;

--
-- Dumping data for table `partner_university_student_invoice_details`
--

INSERT INTO `partner_university_student_invoice_details` (`id`, `id_student_invoice_details`, `id_fee_item`, `amount`, `quantity`, `price`, `id_reference`, `description`, `status`, `created_by`, `created_dt_tm`, `updated_by`, `updated_dt_tm`) VALUES
(1, 5, 8, 100.00, 1, 100, 94, 'Application Registration Fee', 1, 0, '2020-12-19 14:37:56', NULL, '2020-12-19 14:37:56'),
(2, 5, 8, 2500.00, 1, 2500, 94, 'Application Registration Fee', 1, 0, '2020-12-19 14:37:56', NULL, '2020-12-19 14:37:56'),
(3, 6, 8, 100.00, 1, 100, 95, 'Application Registration Fee', 1, 0, '2020-12-19 14:37:56', NULL, '2020-12-19 14:37:56'),
(4, 6, 8, 2500.00, 1, 2500, 95, 'Application Registration Fee', 1, 0, '2020-12-19 14:37:56', NULL, '2020-12-19 14:37:56'),
(5, 7, 8, 2000.00, 1, 2000, 96, 'Application Registration Fee', 1, 0, '2020-12-20 14:14:03', NULL, '2020-12-20 14:14:03'),
(6, 8, 8, 2000.00, 1, 2000, 97, 'Application Registration Fee', 1, 0, '2020-12-20 14:14:03', NULL, '2020-12-20 14:14:03');

-- --------------------------------------------------------

--
-- Table structure for table `payment_rate`
--

CREATE TABLE `payment_rate` (
  `id` int(20) NOT NULL,
  `id_award` int(20) DEFAULT 0,
  `learning_mode` varchar(200) DEFAULT '',
  `teaching_component` varchar(200) DEFAULT '',
  `id_currency` int(20) DEFAULT 0,
  `calculation_type` varchar(200) DEFAULT '',
  `amount` float(20,2) DEFAULT 0.00,
  `status` int(2) DEFAULT 1,
  `created_by` int(20) DEFAULT NULL,
  `created_dt_tm` datetime DEFAULT current_timestamp(),
  `updated_by` int(20) DEFAULT NULL,
  `updated_dt_tm` datetime DEFAULT current_timestamp()
) ENGINE=InnoDB DEFAULT CHARSET=latin1;

--
-- Dumping data for table `payment_rate`
--

INSERT INTO `payment_rate` (`id`, `id_award`, `learning_mode`, `teaching_component`, `id_currency`, `calculation_type`, `amount`, `status`, `created_by`, `created_dt_tm`, `updated_by`, `updated_dt_tm`) VALUES
(1, 6, 'Full Time', 'Face to face lecture', 1, 'Per hour', 0.00, 1, 1, '2020-12-09 04:41:24', 1, '2020-12-09 04:41:24');

-- --------------------------------------------------------

--
-- Table structure for table `payment_type`
--

CREATE TABLE `payment_type` (
  `id` int(20) NOT NULL,
  `name` varchar(520) DEFAULT '',
  `description` varchar(2048) DEFAULT '',
  `description_optional_language` varchar(2048) DEFAULT '',
  `payment_group` varchar(512) DEFAULT '',
  `code` varchar(50) DEFAULT '',
  `name_in_malay` varchar(520) DEFAULT '',
  `status` int(2) DEFAULT NULL,
  `created_by` int(20) DEFAULT NULL,
  `created_dt_tm` datetime DEFAULT current_timestamp(),
  `updated_by` int(20) DEFAULT NULL,
  `updated_dt_tm` datetime DEFAULT current_timestamp()
) ENGINE=InnoDB DEFAULT CHARSET=latin1;

--
-- Dumping data for table `payment_type`
--

INSERT INTO `payment_type` (`id`, `name`, `description`, `description_optional_language`, `payment_group`, `code`, `name_in_malay`, `status`, `created_by`, `created_dt_tm`, `updated_by`, `updated_dt_tm`) VALUES
(1, '', 'Cash Payment', '', 'Cash', 'Cash', '', 1, NULL, '2020-08-20 10:08:10', NULL, '2020-08-20 10:08:10'),
(2, '', 'Bank Checue Transfer', '', 'Checque', 'Bank Transfer', '', 1, NULL, '2020-08-20 10:09:30', NULL, '2020-08-20 10:09:30');

-- --------------------------------------------------------

--
-- Table structure for table `performa_invoice`
--

CREATE TABLE `performa_invoice` (
  `id` int(20) NOT NULL,
  `type_of_invoice` varchar(50) DEFAULT '',
  `performa_number` varchar(50) DEFAULT '',
  `total_amount` varchar(20) DEFAULT '',
  `balance_amount` varchar(20) DEFAULT '0',
  `paid_amount` varchar(20) DEFAULT '0',
  `date_time` datetime DEFAULT current_timestamp(),
  `remarks` varchar(520) DEFAULT NULL,
  `id_application` int(10) DEFAULT NULL,
  `id_student` int(10) DEFAULT NULL,
  `approval_status` int(10) DEFAULT NULL,
  `status` int(2) DEFAULT NULL,
  `created_by` int(20) DEFAULT NULL,
  `created_dt_tm` datetime DEFAULT current_timestamp(),
  `updated_by` int(20) DEFAULT NULL,
  `updated_dt_tm` datetime DEFAULT current_timestamp()
) ENGINE=InnoDB DEFAULT CHARSET=latin1;

-- --------------------------------------------------------

--
-- Table structure for table `performa_invoice_details`
--

CREATE TABLE `performa_invoice_details` (
  `id` int(20) NOT NULL,
  `id_performa` int(20) DEFAULT NULL,
  `id_fee_item` int(20) DEFAULT NULL,
  `amount` varchar(20) DEFAULT '',
  `status` int(2) DEFAULT NULL,
  `created_by` int(20) DEFAULT NULL,
  `created_dt_tm` datetime DEFAULT current_timestamp(),
  `updated_by` int(20) DEFAULT NULL,
  `updated_dt_tm` datetime DEFAULT current_timestamp()
) ENGINE=InnoDB DEFAULT CHARSET=latin1;

-- --------------------------------------------------------

--
-- Table structure for table `permissions`
--

CREATE TABLE `permissions` (
  `id` bigint(20) NOT NULL,
  `id_menu` int(20) DEFAULT 0,
  `module` varchar(512) DEFAULT '',
  `code` varchar(100) DEFAULT NULL,
  `description` varchar(200) DEFAULT NULL,
  `status` tinyint(4) NOT NULL
) ENGINE=InnoDB DEFAULT CHARSET=latin1;

--
-- Dumping data for table `permissions`
--

INSERT INTO `permissions` (`id`, `id_menu`, `module`, `code`, `description`, `status`) VALUES
(7, 3, 'Setup', 'permission.add', 'Add Permission', 1),
(8, 3, 'Setup', 'permission.list', 'View Permission', 1),
(9, 3, 'Setup', 'permission.edit', 'Edit Permission', 1),
(10, 1, 'Setup', 'user.edit', 'Edit User', 1),
(11, 1, 'Setup', 'user.add', 'Add User', 1),
(12, 1, 'Setup', 'user.list', 'View User', 1),
(13, 2, 'Setup', 'role.list', 'View Role', 1),
(14, 2, 'Setup', 'role.add', 'Add Role', 1),
(15, 2, 'Setup', 'role.edit', 'Edit Role', 1),
(70, 4, 'Setup', 'salutation.list', 'Salutation List', 1),
(71, 4, 'Setup', 'salutation.add', 'Salutation Add', 1),
(72, 4, 'Setup', 'salutation.edit', 'Salutation Edit', 1),
(73, 5, 'Setup', 'country.list', 'Country List', 1),
(74, 5, 'Setup', 'country.add', 'Country Add', 1),
(75, 5, 'Setup', 'country.edit', 'Country Edit', 1),
(76, 6, 'Setup', 'state.list', 'State List', 1),
(77, 7, 'Setup', 'education_level.list', 'Education Level List', 1),
(78, 7, 'Setup', 'education_level.add', 'Education Level Add', 1),
(79, 7, 'Setup', 'education_level.edit', 'Education Level Edit', 1),
(80, 8, 'Setup', 'academic_year.list', 'Academic Year List', 1),
(81, 8, 'Setup', 'academic_year.add', 'Academic Year Add', 1),
(82, 8, 'Setup', 'academic_year.edit', 'Academic Year Edit', 1),
(83, 9, 'Setup', 'award.list', 'Award List', 1),
(84, 9, 'Setup', 'award.add', 'Award Add', 1),
(85, 9, 'Setup', 'award.edit', 'Award Edit', 1),
(86, 10, 'Setup', 'race.list', 'Race List', 1),
(87, 10, 'Setup', 'race.add', 'Race Add', 1),
(88, 10, 'Setup', 'race.edit', 'Race Edit', 1),
(89, 11, 'Setup', 'religion.list', 'Religion List', 1),
(90, 11, 'Setup', 'religion.add', 'Religion Add', 1),
(91, 11, 'Setup', 'religion.edit', 'Religion Edit', 1),
(92, 12, 'Setup', 'nationality.list', 'Nationality List', 1),
(93, 12, 'Setup', 'nationality.add', 'Nationality Add', 1),
(94, 12, 'Setup', 'nationality.edit', 'Nationality Edit', 1),
(95, 13, 'Setup', 'department.list', 'Department List', 1),
(96, 13, 'Setup', 'department.add', 'Department Add', 1),
(97, 13, 'Setup', 'department.edit', 'Department Edit', 1),
(98, 14, 'Setup', 'organisation.edit', 'Organisation Edit', 1),
(99, 15, 'Setup', 'partner_category.list', 'Partner Category List', 1),
(100, 15, 'Setup', 'partner_category.add', 'Partner Category Add', 1),
(101, 15, 'Setup', 'partner_category.edit', 'Partner Category Edit', 1),
(102, 16, 'Setup', 'partner_university.list', 'Partner University List', 1),
(103, 16, 'Setup', 'partner_university.add', 'Partner University Add', 1),
(104, 16, 'Setup', 'partner_university.edit', 'Partner University Edit', 1),
(105, 17, 'Setup', 'faculty_program.list', 'Faculty Program List', 1),
(106, 17, 'Setup', 'faculty_program.add', 'Faculty Program Add', 1),
(107, 17, 'Setup', 'faculty_program.edit', 'Faculty Program Edit', 1),
(108, 18, 'Setup', 'course_description.list', 'course Major / Minor List', 1),
(109, 18, 'Setup', 'course_description.add', 'course Major / Minor Add', 1),
(110, 18, 'Setup', 'course_description.edit', 'course Major / Minor Edit', 1),
(111, 19, 'Setup', 'course_type.list', 'Course Type list', 1),
(112, 19, 'Setup', 'course_type.add', 'Course Type Add', 1),
(113, 19, 'Setup', 'course_type.edit', 'Course Type Edit', 1),
(114, 20, 'Setup', 'course_offered,list', 'Course Offered List', 1),
(115, 20, 'Setup', 'course_offered,add', 'Course Offered Add', 1),
(116, 20, 'Setup', 'course_offered,edit', 'Course Offered Edit', 1),
(117, 21, 'Setup', 'course.list', 'Course List', 1),
(118, 21, 'Setup', 'course.add', 'Course Add', 1),
(119, 21, 'Setup', 'course.edit', 'Course Edit', 1),
(120, 22, 'Setup', 'course_master.list', 'Course Requisite List', 1),
(121, 22, 'Setup', 'course_master.add', 'Course Requisite Add', 1),
(122, 22, 'Setup', 'course_master.edit', 'Course Requisite Edit', 1),
(123, 23, 'Setup', 'equivalent_course.list', 'Equivalent Course List', 1),
(124, 23, 'Setup', 'equivalent_course.add', 'Equivalent Course Add', 1),
(125, 23, 'Setup', 'equivalent_course.edit', 'Equivalent Course Edit', 1),
(126, 24, 'Setup', 'scheme.list', 'Scheme List', 1),
(127, 24, 'Setup', 'scheme.add', 'Scheme Add', 1),
(128, 24, 'Setup', 'scheme.edit', 'Scheme Edit', 1),
(129, 25, 'Setup', 'activity.list', 'Activity List', 1),
(130, 25, 'Setup', 'activity.add', 'Activity Add', 1),
(131, 25, 'Setup', 'activity.edit', 'Activity Edit', 1),
(132, 26, 'Setup', 'semester.list', 'Semester List', 1),
(133, 26, 'Setup', 'semester.add', 'Semester Add', 1),
(134, 26, 'Setup', 'semester.edit', 'Semester Edit', 1),
(135, 27, 'Setup', 'intake.list', 'Intake List', 1),
(136, 27, 'Setup', 'intake.add', 'Intake Add', 1),
(137, 27, 'Setup', 'intake.edit', 'Intake Edit', 1),
(138, 28, 'Setup', 'landscape_course_type.list', 'Landscape CourseType List', 1),
(139, 28, 'Setup', 'landscape_course_type.add', 'Landscape CourseType Add', 1),
(140, 28, 'Setup', 'landscape_course_type.edit', 'Landscape CourseType Edit', 1),
(141, 29, 'Setup', 'program_type.list', 'Program Type list', 1),
(142, 29, 'Setup', 'program_type.add', 'Program Type Add', 1),
(143, 29, 'Setup', 'program_type.edit', 'Program Type Edit', 1),
(144, 30, 'Setup', 'programme.list', 'Programme List', 1),
(145, 30, 'Setup', 'programme.add', 'Programme Add', 1),
(146, 30, 'Setup', 'programme.edit', 'Programme Edit', 1),
(147, 31, 'Setup', 'programme_landscape.list', 'Programme Landscape List', 1),
(148, 31, 'Setup', 'programme_landscape.add', 'Programme Landscape Add', 1),
(149, 31, 'Setup', 'programme_landscape.edit', 'Programme Landscape Edit', 1),
(150, 32, 'Setup', 'programme_entry_requirement.list', 'Programme Entry Requirement List', 1),
(151, 32, 'Setup', 'programme_entry_requirement.add', 'Programme Entry Requirement Add', 1),
(152, 32, 'Setup', 'programme_entry_requirement.edit', 'Programme Entry Requirement Edit', 1),
(153, 33, 'Setup', 'documents_program.list', 'Documents Reuired Program List', 1),
(154, 33, 'Setup', 'documents_program.add', 'Documents Reuired Program Add', 1),
(155, 33, 'Setup', 'documents_program.edit', 'Documents Reuired Program Edit', 1),
(156, 34, 'Setup', 'staff.list', 'Staff List', 1),
(157, 34, 'Setup', 'staff.add', 'Staff Add', 1),
(158, 34, 'Setup', 'staff.edit', 'Staff Edit', 1),
(159, 35, 'Setup', 'course_withdraw.list', 'Course Withdraw List', 1),
(160, 35, 'Setup', 'course_withdraw.add', 'Course Withdraw Add', 1),
(161, 35, 'Setup', 'course_withdraw.edit', 'Course Withdraw Edit', 1),
(162, 36, 'Setup', 'late_registration.list', 'Late Registration List', 1),
(163, 36, 'Setup', 'late_registration.add', 'Late Registration Add', 1),
(164, 36, 'Setup', 'late_registration.edit', 'Late Registration Edit', 1),
(165, 37, 'Setup', 'report.student_by_intake', 'Report Student By Intake', 1),
(166, 38, 'Setup', 'report.applicant_lead_student', 'Report Applicant Lead Student', 1),
(167, 39, 'Setup', 'report.course_wise_data', 'Report Course Wise Data', 1),
(168, 40, 'Admission', 'group_setup.list', 'Group Setup List', 1),
(169, 40, 'Admission', 'group_setup.add', 'Group Setup Add', 1),
(170, 40, 'Admission', 'group_setup.edit', 'Group Setup Edit', 1),
(171, 41, 'Admission', 'specialization_setup.list', 'Specialization List', 1),
(172, 41, 'Admission', 'specialization_setup.add', 'Specialization Add', 1),
(173, 41, 'Admission', 'specialization_setup.edit', 'Specialization Edit', 1),
(174, 42, 'Admission', 'applicant.list', 'Applicant List', 1),
(175, 42, 'Admission', 'applicant.view', 'Applicant View', 1),
(176, 43, 'Admission', 'apel_approval.list', 'Apel Approval List', 1),
(177, 43, 'Admission', 'apel_approval.approve', 'Apel Approve', 1),
(178, 44, 'Admission', 'sibbling_discount_approval.list', 'Sibbling Discount Approval List', 1),
(179, 44, 'Admission', 'sibbling_discount_approval.approve', 'Sibbling Discount Approve', 1),
(180, 45, 'Admission', 'employee_discount_approval.list', 'Employee Discount Approval List', 1),
(181, 45, 'Admission', 'employee_discount_approval.approve', 'Employee Discount Approve', 1),
(182, 46, 'Admission', 'alumni_discount_approval.list', 'Alumni Discount Approval List', 1),
(183, 46, 'Admission', 'alumni_discount_approval.approve', 'Alumni Discount Approve', 1),
(184, 47, 'Admission', 'applicant_approval.list', 'Applicant Approval List', 1),
(185, 47, 'Admission', 'applicant_approval.approve', 'Applicant Approve', 1),
(186, 48, 'Registration', 'student_approval.list', 'Student Approval List', 1),
(187, 48, 'Registration', 'student_approval.approve', 'Student Approval Approve', 1),
(188, 49, 'Registration', 'advisor_tagging.add', 'Academic Advisor Tagging Add/ Edit', 1),
(189, 50, 'Registration', 'course_registration.list', 'Course Registration List', 1),
(190, 50, 'Registration', 'course_registration.add', 'Course Registration Add', 1),
(191, 50, 'Registration', 'course_registration.view', 'Course Registration View', 1),
(192, 51, 'Registration', 'bulk_withdraw.list', 'Bulk Withdraw List', 1),
(193, 51, 'Registration', 'bulk_withdraw.add', 'Bulk Withdraw Add', 1),
(194, 51, 'Registration', 'bulk_withdraw.view', 'Bulk Withdraw View', 1),
(195, 52, 'Registration', 'credit_transfer.list', 'Credit Transfer / Excemption Application List', 1),
(196, 52, 'Registration', 'credit_transfer.add', 'Credit Transfer / Excemption Application Add', 1),
(197, 52, 'Registration', 'credit_transfer.view', 'Credit Transfer / Excemption Application View', 1),
(198, 52, 'Registration', 'credit_transfer.approval_list', 'Credit Transfer / Excemption Application Approval List', 1),
(199, 52, 'Registration', 'credit_transfer.approve', 'Credit Transfer / Excemption Application Approve', 1),
(200, 54, 'Registration', 'attendence_setup.list', 'Attendence Setup List', 1),
(201, 54, 'Registration', 'attendence_setup.add', 'Attendence Setup Add', 1),
(202, 54, 'Registration', 'attendence_setup.view', 'Attendence Setup View', 1),
(203, 55, 'Registration', 'report.course_count', 'Report Course Count', 1),
(204, 56, 'Records', 'barring_type.list', ' Barring Type List', 1),
(205, 56, 'Records', 'barring_type.add', ' Barring Type Add', 1),
(206, 56, 'Records', 'barring_type.edit', ' Barring Type Edit', 1),
(207, 57, 'Records', 'barring.list', 'Barring List', 1),
(208, 57, 'Records', 'barring.add', 'Barring Add', 1),
(209, 57, 'Records', 'barring.edit', 'Barring Edit', 1),
(210, 58, 'Records', 'release.list', 'Release List', 1),
(211, 58, 'Records', 'release.add', 'Release Add', 1),
(212, 58, 'Records', 'release.dedit', 'Release Edit', 1),
(213, 59, 'Records', 'student.list', 'Student List', 1),
(214, 59, 'Records', 'student.edit', 'Student Edit', 1),
(215, 60, 'Records', 'student_record.list', 'Student Record List', 1),
(216, 60, 'Records', 'student_record.view', 'Student Record View', 1),
(217, 61, 'Records', 'change_status.list', 'Change Status List', 1),
(218, 61, 'Records', 'change_status.add', 'Change Status Add', 1),
(219, 61, 'Records', 'change_status.edit', 'Change Status Edit', 1),
(220, 62, 'Records', 'apply_change_status.list', 'Apply Change Status List', 1),
(221, 62, 'Records', 'apply_change_status.add', 'Apply Change Status Add', 1),
(222, 62, 'Records', 'apply_change_status.view', 'Apply Change Status View', 1),
(223, 63, 'Records', 'apply_change_status.approval_list', 'Apply Change Status Approval List', 1),
(224, 63, 'Records', 'apply_change_status.approve', 'Apply Change Status Approve', 1),
(225, 64, 'Records', 'visa_details.student_list', 'Visa Details Student List', 1),
(226, 64, 'Records', 'visa_details.add', 'Visa Details Student Add', 1),
(227, 65, 'Records', 'apply_change_programme.list', 'Apply Change Programme List', 1),
(228, 65, 'Records', 'apply_change_programme.add', 'Apply Change Programme Add', 1),
(229, 65, 'Records', 'apply_change_programme.view', 'Apply Change Programme View', 1),
(230, 66, 'Records', 'apply_change_programme.approve', 'Apply Change Programme Approve', 1),
(231, 66, 'Records', 'apply_change_programme.approval_list', 'Apply Change Programme Approval List', 1),
(232, 67, 'Records', 'apply_change_scheme.list', 'Apply Change Scheme List', 1),
(233, 67, 'Records', 'apply_change_scheme.add', 'Apply Change Scheme Add', 1),
(234, 67, 'Records', 'apply_change_scheme.view', 'Apply Change Scheme View', 1),
(235, 68, 'Records', 'apply_change_scheme.approval_list', 'Apply Change Scheme Approval List', 1),
(236, 68, 'Records', 'apply_change_scheme.approve', 'Apply Change Scheme Approve', 1),
(237, 69, 'Records', 'change_branch.list', 'Change Branch List', 1),
(238, 69, 'Records', 'change_branch.add', 'Change Branch Add', 1),
(239, 69, 'Records', 'change_branch.view', 'Change Branch View', 1),
(240, 70, 'Records', 'change_branch.approval_list', 'Change Branch Approval List', 1),
(241, 70, 'Records', 'change_branch.approve', 'Change Branch Approve', 1),
(242, 71, 'Examination', 'exam_configuration.edit', 'Exam Configuration Edit', 1),
(243, 72, 'Examination', 'exam_configuration.edit', 'Exam Configuration Edit', 1),
(244, 73, 'Examination', 'gpa_cgpa.list', 'Gpa Cgpa List', 1),
(245, 73, 'Examination', 'gpa_cgpa.add', 'Gpa Cgpa Add', 1),
(246, 73, 'Examination', 'gpa_cgpa.edit', 'Gpa Cgpa Edit', 1),
(247, 74, 'Examination', 'assesment_type.list', 'Assesment Type List', 1),
(248, 74, 'Examination', 'assesment_type.add', 'Assesment Type Add', 1),
(249, 74, 'Examination', 'assesment_type.edit', 'Assesment Type Edit', 1),
(250, 75, 'Examination', 'grade_setup.list', 'Grade Setup List', 1),
(251, 75, 'Examination', 'grade_setup.add', 'Grade Setup Add', 1),
(252, 75, 'Examination', 'grade_setup.edit', 'Grade Setup Edit', 1),
(253, 76, 'Examination', 'course_grade.list', 'Course Grade List', 1),
(254, 76, 'Examination', 'course_grade.add', 'Course Grade Add', 1),
(255, 76, 'Examination', 'course_grade.edit', 'Course Grade Edit', 1),
(256, 77, 'Examination', 'publish_exam_result.list', 'Publish Exam Result List', 1),
(257, 77, 'Examination', 'publish_exam_result.add', 'Publish Exam Result Add', 1),
(258, 77, 'Examination', 'publish_exam_result.edit', 'Publish Exam Result Edit', 1),
(259, 78, 'Examination', 'location.list', 'Exam Locaction Setup', 1),
(260, 78, 'Examination', 'location.add', 'Exam Locaction Add', 1),
(261, 78, 'Examination', 'location.edit', 'Exam Locaction Edit', 1),
(262, 79, 'Examination', 'exam_center.list', 'Exam Center List', 1),
(263, 79, 'Examination', 'exam_center.add', 'Exam Center Add', 1),
(264, 79, 'Examination', 'exam_center.edit', 'Exam Center Edit', 1),
(265, 80, 'Examination', 'exam_event.list', 'Exam Event List', 1),
(266, 80, 'Examination', 'exam_event.add', 'Exam Event Add', 1),
(267, 80, 'Examination', 'exam_event.edit', 'Exam Event Edit', 1),
(268, 81, 'Examination', 'exam_registration.list', 'Exam Registration List', 1),
(269, 81, 'Examination', 'exam_registration.add', 'Exam Registration Add', 1),
(270, 82, 'Examination', 'exam_registration.tag_student', 'Exam Registration Tag Student', 1),
(271, 82, 'Examination', 'exam_registration.tag_list', 'Exam Registration Tag List', 1),
(272, 83, 'Examination', 'exam_slip.list', 'Release Exam Slip List', 1),
(273, 83, 'Examination', 'exam_slip.add', 'Release Exam Slip Add', 1),
(274, 83, 'Examination', 'exam_slip.view', 'Release Exam Slip View', 1),
(275, 84, 'Examination', 'publish_exam_result_date.list', 'Publish Exam Result Schedule List', 1),
(276, 84, 'Examination', 'publish_exam_result_date.add', 'Publish Exam Result Schedule Add', 1),
(277, 84, 'Examination', 'publish_exam_result_date.view', 'Publish Exam Result Schedule View', 1),
(278, 85, 'Examination', 'publish_assesment_result_date.list', 'Publish Assesment Result Schedule List', 1),
(279, 85, 'Examination', 'publish_assesment_result_date.add', 'Publish Assesment Result Schedule Add', 1),
(280, 85, 'Examination', 'publish_assesment_result_date.view', 'Publish Assesment Result Schedule View', 1),
(281, 86, 'Examination', 'mark_distribution.list', 'Mark Distribution List', 1),
(282, 86, 'Examination', 'mark_distribution.add', 'Mark Distribution Add', 1),
(283, 86, 'Examination', 'mark_distribution.view', 'Mark Distribution View', 1),
(284, 87, 'Examination', 'mark_distribution.approval_list', 'Mark Distribution Approval List', 1),
(285, 87, 'Examination', 'mark_distribution.approve', 'Mark Distribution Approve', 1),
(286, 88, 'Examination', 'student_marks_entry.approval_list', 'Student Marks Entry Approval List', 1),
(287, 88, 'Examination', 'student_marks_entry.approve', 'Student Marks Entry Approve', 1),
(288, 187, 'Examination', 'student_marks_entry.student_list', 'Student Marks Entry List', 1),
(289, 187, 'Examination', 'student_marks_entry.add', 'Student Marks Entry Add', 1),
(290, 89, 'Examination', 'student_marks_entry.summary_list', 'Student Marks Entry Summary List', 1),
(291, 89, 'Examination', 'student_marks_entry.summary_view', 'Student Marks Entry Summary View', 1),
(292, 90, 'Examination', 'remarking_application.entry_list', 'Remarks Entry List', 1),
(293, 90, 'Examination', 'remarking_application.add', 'Add Remarks', 1),
(294, 91, 'Examination', 'remarking_application.approval_list', 'Remark Entry Approval List', 1),
(295, 91, 'Examination', 'remarking_application.approve', 'Remark Entry Approve', 1),
(296, 92, 'Examination', 'remarking_application.summary_list', 'Student Remarks Application Summary List', 1),
(297, 92, 'Examination', 'remarking_application.view', 'Student Remarks Application Summary View', 1),
(298, 93, 'Examination', 'transcript.list', 'Transcript', 1),
(299, 93, 'Examination', 'transcript.view', 'Transcript View', 1),
(300, 94, 'Examination', 'result_slip.list', 'Result Slip', 1),
(301, 94, 'Examination', 'result_slip.view', 'Result Slip View', 1),
(302, 95, 'Graduation', 'award.list', 'Award List', 1),
(303, 95, 'Graduation', 'award.add', 'Award Add', 1),
(304, 95, 'Graduation', 'award.edit', 'Award Edit', 1),
(305, 96, 'Graduation', 'convocation.list', 'Award List', 1),
(306, 97, 'Graduation', 'guest.list', 'Guest List', 1),
(307, 97, 'Graduation', 'guest.add', 'Guest Add', 1),
(308, 97, 'Graduation', 'guest.edit', 'Guest Edit', 1),
(309, 98, 'Graduation', 'graduation.list', 'Graduation List', 1),
(310, 98, 'Graduation', 'graduation.add', 'Graduation Add', 1),
(311, 98, 'Graduation', 'graduation.view', 'Graduation View', 1),
(312, 98, 'Graduation', 'graduation.add_student', 'Graduation Add / Edit Students', 1),
(313, 99, 'Graduation', 'graduation.approval_list', 'Graduation Approval List', 1),
(314, 99, 'Graduation', 'graduation.approve', 'Graduation Approve', 1),
(315, 100, 'Finance', 'currency.list', 'Currency List', 1),
(316, 100, 'Finance', 'currency.add', 'Currency Add', 1),
(317, 100, 'Finance', 'currency.edit', 'Currency Edit', 1),
(318, 101, 'Finance', 'currency_rate_setup.list', 'Currency Rate Setup List', 1),
(319, 101, 'Finance', 'currency_rate_setup.add', 'Currency Rate Setup Add', 1),
(320, 101, 'Finance', 'currency_rate_setup.edit', 'Currency Rate Setup Edit', 1),
(321, 102, 'Finance', 'credit_note_type.list', 'Credit Note Type', 1),
(322, 102, 'Finance', 'credit_note_type.add', 'Credit Note Add', 1),
(323, 102, 'Finance', 'credit_note_type.edit', 'Credit Note Edit', 1),
(324, 103, 'Finance', 'fee_structure_activity.list', 'Fee Structure Activity List', 1),
(325, 103, 'Finance', 'fee_structure_activity.add', 'Fee Structure Activity Add', 1),
(326, 103, 'Finance', 'fee_structure_activity.edit', 'Fee Structure Activity Edit', 1),
(327, 104, 'Finance', 'account_code.list', 'Account Code List', 1),
(328, 104, 'Finance', 'account_code.add', 'Account Code Add', 1),
(329, 104, 'Finance', 'account_code.edit', 'Account Code Edit', 1),
(330, 105, 'Finance', 'bank_registration.list', 'Bank Registration List', 1),
(331, 105, 'Finance', 'bank_registration.add', 'Bank Registration Add', 1),
(332, 105, 'Finance', 'bank_registration.edit', 'Bank Registration Edit', 1),
(333, 106, 'Finance', 'amount_calculation_type.list', 'Amount Calculation Type List', 1),
(334, 106, 'Finance', 'amount_calculation_type.add', 'Amount Calculation Type Add', 1),
(335, 106, 'Finance', 'amount_calculation_type.edit', 'Amount Calculation Type Edit', 1),
(336, 107, 'Finance', 'frequency_mode.list', 'Frequency Mode List', 1),
(337, 107, 'Finance', 'frequency_mode.add', 'Frequency Mode Add', 1),
(338, 107, 'Finance', 'frequency_mode.edit', 'Frequency Mode Edit', 1),
(339, 108, 'Finance', 'payment_type.list', 'Payment Type List', 1),
(340, 108, 'Finance', 'payment_type.add', 'Payment Type Add', 1),
(341, 108, 'Finance', 'payment_type.edit', 'Payment Type Edit', 1),
(342, 109, 'Finance', 'fee_category.list', 'Fee Category List', 1),
(343, 109, 'Finance', 'fee_category.add', 'Fee Category Add', 1),
(344, 109, 'Finance', 'fee_category.edit', 'Fee Category Edit', 1),
(345, 110, 'Finance', 'fee_setup.list', 'Fee Setup List', 1),
(346, 110, 'Finance', 'fee_setup.add', 'Fee Setup Add', 1),
(347, 110, 'Finance', 'fee_setup.edit', 'Fee Setup Edit', 1),
(348, 111, 'Finance', 'fee_structure.programme_list', 'Fee Structure Program List', 1),
(349, 111, 'Finance', 'fee_structure.programme_landscape_list', 'Fee Structure Program Landscape List', 1),
(350, 111, 'Finance', 'fee_structure.add', 'Fee Structure Add', 1),
(351, 112, 'Finance', 'partne_university_fee.list', 'Partner University Fee List', 1),
(352, 112, 'Finance', 'partne_university_fee.add', 'Partner University Fee Add', 1),
(353, 112, 'Finance', 'partne_university_fee.edit', 'Partner University Fee Edit', 1),
(354, 113, 'Finance', 'sibbling_discount.list', 'Sibbling Discount List', 1),
(355, 113, 'Finance', 'sibbling_discount.add', 'Sibbling Discount Add', 1),
(356, 113, 'Finance', 'sibbling_discount.edit', 'Sibbling Discount Edit', 1),
(357, 114, 'Finance', 'employee_discount.list', 'Employee Discount List', 1),
(358, 114, 'Finance', 'employee_discount.add', 'Employee Discount Add', 1),
(359, 114, 'Finance', 'employee_discount.edit', 'Employee Discount Edit', 1),
(360, 115, 'Finance', 'alumni_discount.list', 'Alumni Discount List', 1),
(361, 115, 'Finance', 'alumni_discount.add', 'Alumni Discount Add', 1),
(362, 115, 'Finance', 'alumni_discount.edit', 'Alumni Discount Edit', 1),
(363, 116, 'Finance', 'statement_of_account.list', 'Statement Of Accounts List', 1),
(364, 116, 'Finance', 'statement_of_account.add', 'Statement Of Accounts Add', 1),
(365, 119, 'Finance', 'main_invoice.list', 'Invoice Generation List', 1),
(366, 117, 'Finance', 'main_invoice.add', 'Add Invoice', 1),
(367, 117, 'Finance', 'main_invoice.view', 'View Invoice', 1),
(368, 118, 'Finance', 'main_invoice.cancel_invoice', 'Cancel Wrong Invoice List', 1),
(369, 118, 'Finance', 'main_invoice.cancel', 'Cancel Wrong Invoice Generated', 1),
(370, 119, 'Finance', 'partner_university_invoice.list', 'Partner University Invoice List', 1),
(371, 119, 'Finance', 'partner_university_invoice.add', 'Partner University Invoice Add', 1),
(372, 119, 'Finance', 'partner_university_invoice.view', 'Partner University Invoice View', 1),
(373, 120, 'Finance', 'receipt.list', 'Receipt List', 1),
(374, 120, 'Finance', 'receipt.add', 'Receipt Add', 1),
(375, 120, 'Finance', 'receipt.view', 'Receipt View', 1),
(376, 121, 'Finance', 'receipt.approval_list', 'Receipt Approval List', 1),
(377, 121, 'Finance', 'receipt.approve', 'Receipt Approve', 1),
(378, 122, 'Finance', 'sponser_main_invoice.list', 'Sponsor Invoice List', 1),
(379, 122, 'Finance', 'sponser_main_invoice.add', 'Sponsor Invoice Add', 1),
(380, 122, 'Finance', 'sponser_main_invoice.view', 'Sponsor Invoice View', 1),
(381, 123, 'Finance', 'sponser_main_invoice.cancel_list', 'Sponsor Invoice Cancellation List', 1),
(382, 123, 'Finance', 'sponser_main_invoice.cancel', 'Sponser Invoice Cancellation  ', 1),
(383, 124, 'Finance', 'advance_payment.list', 'Advance Payment List', 1),
(384, 124, 'Finance', 'advance_payment.add', 'Advance Payment Add', 1),
(385, 124, 'Finance', 'advance_payment.view', 'Advance Payment View', 1),
(386, 124, 'Finance', 'advance_payment.approval_list', 'Advance Payment Approval List', 1),
(387, 124, 'Finance', 'advance_payment.approva', 'Advance Payment Approve', 1),
(388, 125, 'Finance', 'credit_note.list', 'Credit Note Entry List', 1),
(389, 125, 'Finance', 'credit_note.add', 'Credit Note Add', 1),
(390, 125, 'Finance', 'credit_note.view', 'Credit Note View', 1),
(391, 125, 'Finance', 'credit_note.approval_list', 'Credit Note Approval List', 1),
(392, 124, 'Finance', 'credit_note.approve', 'Credit Note Approve', 1),
(393, 126, 'Finance', 'debit_note.list', 'Debit Note List', 1),
(394, 126, 'Finance', 'debit_note.add', 'Debit Note Add', 1),
(395, 126, 'Finance', 'debit_note.view', 'Debit Note View', 1),
(396, 126, 'Finance', 'debit_note.approval_list', 'Debit Note Approval List', 1),
(397, 126, 'Finance', 'debit_note.approve', 'Debit Note Approve', 1),
(398, 127, 'Finance', 'refund_entry.list', 'Refund Entry List', 1),
(399, 127, 'Finance', 'refund_entry.add', 'Refund Entry Add', 1),
(400, 127, 'Finance', 'refund_entry.view', 'Refund Entry View', 1),
(401, 127, 'Finance', 'refund_entry.approval_list', 'Refund Entry Approval List', 1),
(402, 127, 'Finance', 'refund_entry.approve', 'Refund Entry Approve', 1),
(403, 128, 'Sponsor', 'sponser.list', 'Sponsor List', 1),
(404, 128, 'Sponsor', 'sponser.add', 'Sponsor Add', 1),
(405, 128, 'Sponsor', 'sponser.edit', 'Sponsor Edit', 1),
(406, 129, 'Sponsor', 'sponser_has_students.sponser_list', 'Sponsor Has Students List', 1),
(407, 129, 'Sponsor', 'sponser_has_students.add', 'Sponsor Has Students Add', 1),
(408, 130, 'Hostel', 'room_type.list', 'Room Type List', 1),
(409, 130, 'Hostel', 'room_type.add', 'Room Type Add', 1),
(410, 130, 'Hostel', 'room_type.edit', 'Room Type Edit', 1),
(411, 131, 'Hostel', 'hostel_inventory.list', 'Hostel Inventory List', 1),
(412, 131, 'Hostel', 'hostel_inventory.add', 'Hostel Inventory Add', 1),
(413, 131, 'Hostel', 'hostel_inventory.edit', 'Hostel Inventory Edit', 1),
(414, 132, 'Hostel', 'hostel_registration.list', 'Hostel Registration List', 1),
(415, 132, 'Hostel', 'hostel_registration.add', 'Hostel Registration Add', 1),
(416, 132, 'Hostel', 'hostel_registration.edit', 'Hostel Registration Edit', 1),
(417, 133, 'Hostel', 'building_setup.list', 'Apartment Setup List', 1),
(418, 133, 'Hostel', 'building_setup.add', 'Apartment Setup Add', 1),
(419, 133, 'Hostel', 'building_setup.edit', 'Apartment Setup Edit', 1),
(420, 134, 'Hostel', 'block_setup.list', 'Unit Setup List', 1),
(421, 134, 'Hostel', 'block_setup.add', 'Unit Setup Add', 1),
(422, 134, 'Hostel', 'block_setup.edit', 'Unit Setup Edit', 1),
(423, 135, 'Hostel', 'room_setup.list', 'Hostel Room Setup List', 1),
(424, 135, 'Hostel', 'room_setup.add', 'Hostel Room Setup Add', 1),
(425, 135, 'Hostel', 'room_setup.edit', 'Hostel Room Setup Edit', 1),
(426, 136, 'Hostel', 'room_allotment.list', 'Room Allotment List', 1),
(427, 136, 'Hostel', 'room_allotment.add', 'Room Allotment Add', 1),
(428, 136, 'Hostel', 'room_allotment.edit', 'Room Allotment Edit', 1),
(429, 137, 'Hostel', 'room_allotment.summary_list', 'Room Allotment Summary List', 1),
(430, 137, 'Hostel', 'room_allotment.summary_view', 'Room Allotment Summary View', 1),
(431, 138, 'Hostel', 'room_vacancy.list', 'Room Vacancy List', 1),
(432, 138, 'Hostel', 'room_vacancy.allot_room', 'Room Vacancy Allot Room', 1),
(433, 138, 'Hostel', 'room_vacancy.view', 'Room Vacancy View', 1),
(434, 139, 'Facility', 'equipment.list', 'Equipments List', 1),
(435, 139, 'Facility', 'equipment.add', 'Equipments Add', 1),
(436, 139, 'Facility', 'equipment.edit', 'Equipments Edit', 1),
(437, 140, 'Facility', 'facility_room_type.list', 'Facility Room Type List', 1),
(438, 140, 'Facility', 'facility_room_type.add', 'Facility Room Type Add', 1),
(439, 140, 'Facility', 'facility_room_type.edit', 'Facility Room Type Edit', 1),
(440, 141, 'Facility', 'facility_building_registration.list', 'Facility Building List', 1),
(441, 141, 'Facility', 'facility_building_registration.add', 'Facility Building Add', 1),
(442, 141, 'Facility', 'facility_building_registration.edit', 'Facility Building Edit', 1),
(443, 142, 'Facility', 'facility_room_setup.list', 'Facility Room Setup List', 1),
(444, 142, 'Facility', 'facility_room_setup.add', 'Facility Room Setup Add', 1),
(445, 142, 'Facility', 'facility_room_setup.edit', 'Facility Room Setup Edit', 1),
(446, 143, 'Facility', 'room_booking.list', 'Apply For Booking List', 1),
(447, 143, 'Facility', 'room_booking.book_room', 'Room Booking Add', 1),
(448, 144, 'Facility', 'room_booking.summary_list', 'Room Booking Summary List', 1),
(449, 144, 'Facility', 'room_booking.view', 'View Room Booking', 1),
(450, 145, 'Internship', 'internship_limit.edit', 'Max. Internship Limit Per Student Edit', 1),
(451, 146, 'Internship', 'company_type.list', 'Internship Company Type List', 1),
(452, 146, 'Internship', 'company_type.add', 'Internship Company Type Add', 1),
(453, 146, 'Internship', 'company_type.edit', 'Internship Company Type Edit', 1),
(454, 147, 'Internship', 'internship_company_registration.list', 'Intrernship Company Registration List', 1),
(455, 147, 'Internship', 'internship_company_registration.add', 'Internship Company Registration Add', 1),
(456, 147, 'Internship', 'internship_company_registration.edit', 'Internship Company Registration Edit', 1),
(457, 148, 'Internship', 'internship_application.list', 'Internship Application List', 1),
(458, 148, 'Internship', 'internship_application.view', 'Internship Application View', 1),
(459, 149, 'Internship', 'internship_application.approval_list', 'Internship Application Approval List', 1),
(460, 149, 'Internship', 'internship_application.approve', 'Internship Application Approve', 1),
(461, 150, 'Internship', 'internship_application.reporting', 'Reporting List', 1),
(462, 150, 'Internship', 'internship_application.reporting_view', 'Reporting View', 1),
(463, 151, 'Internship', 'placement_form.list', 'Placement Form List', 1),
(464, 151, 'Internship', 'placement_form.add', 'Placement Form Add', 1),
(465, 151, 'Internship', 'placement_form.view', 'Placement Form VIew', 1),
(466, 152, 'Alumni', 'allumini.list', 'Allumini List', 1),
(467, 152, 'Alumni', 'allumini.view', 'Alumni View', 1),
(468, 153, 'Communication', 'email_template.list', 'Communication Email Templates List', 1),
(469, 153, 'Communication', 'email_template.add', 'Communication Email Templates Add', 1),
(470, 153, 'Communication', 'email_template.edit', 'Communication Email Templates Edit', 1),
(471, 154, 'Communication', 'email_communication_group.list', 'Communication Email Group List', 1),
(472, 154, 'Communication', 'email_communication_group.add', 'Communication Email Group Add', 1),
(473, 154, 'Communication', 'email_communication_group.edit', 'Communication Email Group Edit', 1),
(474, 155, 'Communication', 'email_communication_group.recepients_list', 'Communication Email Group Recepients List', 1),
(475, 155, 'Communication', 'email_communication_group.add_recepients', 'Communication Email Group Recepients Add', 1),
(476, 156, 'Communication', 'template_message.list', 'Communication Messaging Template List', 1),
(477, 156, 'Communication', 'template_message.add', 'Communication Messaging Template Add', 1),
(478, 156, 'Communication', 'template_message.edit', 'Communication Messaging Template Edit', 1),
(479, 157, 'Communication', 'communication_message_group.list', 'Communication Messaging Group List', 1),
(480, 157, 'Communication', 'communication_message_group.add', 'Communication Messaging Group Add', 1),
(481, 157, 'Communication', 'communication_message_group.edit', 'Communication Messaging Group Edit', 1),
(482, 158, 'Communication', 'communication_message_group.recepients_list', 'Communication Message Group Recepients List', 1),
(483, 155, 'Communication', 'email_communication_group.view', 'Communication Email Group Recepients View', 1),
(484, 158, 'Communication', 'communication_message_group.add_recepients', 'Communication Message Group Recepients Add', 1),
(485, 158, 'Communication', 'communication_message_group.view', 'Communication Message Group Recepients View', 1),
(486, 159, 'IPS', 'topic.list', 'Research Topic List', 1),
(487, 159, 'IPS', 'topic.add', 'Research Topic Add', 1),
(488, 159, 'IPS', 'topic.edit', 'Research Topic Edit', 1),
(489, 160, 'IPS', 'research_status.list', 'Research Status List', 1),
(490, 160, 'IPS', 'research_status.add', 'Research Status Add', 1),
(491, 160, 'IPS', 'research_status.edit', 'Research Status Edit', 1),
(492, 161, 'IPS', 'research_fieldofinterest.list', 'Research Field Of Interest List', 1),
(493, 161, 'IPS', 'research_fieldofinterest.add', 'Research Field Of Interest Add', 1),
(494, 161, 'IPS', 'research_fieldofinterest.edit', 'Research Field Of Interest Edit', 1),
(495, 162, 'IPS', 'research_reason_applying.list', 'Reason For Applying List', 1),
(496, 162, 'IPS', 'research_reason_applying.add', 'Reason For Applying Add', 1),
(497, 162, 'IPS', 'research_reason_applying.edit', 'Reason For Applying Edit', 1),
(498, 163, 'IPS', 'research_category.list', 'Research Category List', 1),
(499, 163, 'IPS', 'research_category.add', 'Research Category Add', 1),
(500, 163, 'IPS', 'research_category.edit', 'Research Category Edit', 1),
(501, 164, 'IPS', 'research_colloquium.list', 'Colloquium Setup List', 1),
(502, 164, 'IPS', 'research_colloquium.add', 'Colloquium Setup Add', 1),
(503, 164, 'IPS', 'research_colloquium.edit', 'Colloquium Setup Edit', 1),
(504, 165, 'IPS', 'research_advisory.list', 'Research Advisory List', 1),
(505, 165, 'IPS', 'research_advisory.add', 'Research Advisory Add', 1),
(506, 165, 'IPS', 'research_advisory.edit', 'Research Advisory Edit', 1),
(507, 166, 'IPS', 'research_readers.list', 'Research Readers List', 1),
(508, 166, 'IPS', 'research_readers.add', 'Research Readers Add', 1),
(509, 166, 'IPS', 'research_readers.edit', 'Research Readers Edit', 1),
(510, 167, 'IPS', 'research_comitee.list', 'Research Proposal Defense Comitee List', 1),
(511, 167, 'IPS', 'research_comitee.add', 'Research Proposal Defense Comitee Add', 1),
(512, 167, 'IPS', 'research_comitee.edit', 'Research Proposal Defense Comitee Edit', 1),
(513, 168, 'IPS', 'research_chapter.list', 'Research Chapter List', 1),
(514, 168, 'IPS', 'research_chapter.add', 'Research Chapter Add', 1),
(515, 168, 'IPS', 'research_chapter.edit', 'Research Chapter Edit', 1),
(516, 169, 'IPS', 'research_deliverables.list', 'Research Deliverables Setup List', 1),
(517, 169, 'IPS', 'research_deliverables.add', 'Research Deliverables Setup Add', 1),
(518, 169, 'IPS', 'research_deliverables.edit', 'Research Deliverables Setup Edit', 1),
(519, 170, 'IPS', 'submitted_deliverables.list', 'Research Submitted Deliverables Application List', 1),
(520, 170, 'IPS', 'submitted_deliverables.add', 'Research Submitted Deliverables Application Add', 1),
(521, 170, 'IPS', 'submitted_deliverables.approve', 'Research Submitted Deliverables Application Approve', 1),
(522, 170, 'IPS', 'submitted_deliverables.view', 'Research Submitted Deliverables Application View', 1),
(523, 171, 'IPS', 'student_duration_tagging.edit', 'Student Duration Tagging Edit', 1),
(524, 172, 'IPS', 'research_stage.list', 'Research Stage List', 1),
(525, 172, 'IPS', 'research_stage.add', 'Research Stage Add', 1),
(526, 172, 'IPS', 'research_stage.edit', 'Research Stage Edit', 1),
(527, 172, 'IPS', 'research_stage.add_semester', 'Research Stage Add Semester', 1),
(528, 173, 'IPS', 'research_mile_stone.list', 'Research Milestone List', 1),
(529, 173, 'IPS', 'research_mile_stone.add', 'Research Mile Stone Add', 1),
(530, 173, 'IPS', 'research_mile_stone.edit', 'Research Mile Stone Edit', 1),
(531, 174, 'IPS', 'mile_stone_semester.list', 'Tag Mile Stone To Semester List', 1),
(532, 174, 'IPS', 'mile_stone_semester.add', 'Tag Mile Stone To Semester Add', 1),
(533, 174, 'IPS', 'mile_stone_semester.edit', 'Tag Mile Stone To Semester Edit', 1),
(534, 175, 'IPS', 'research_stage.overview', 'Research Stages Overwiew', 1),
(535, 176, 'IPS', 'research_supervisor_role.list', 'Research Supervisor Role List', 1),
(536, 176, 'IPS', 'research_supervisor_role.add', 'Research Supervisor Role Add', 1),
(537, 176, 'IPS', 'research_supervisor_role.edit', 'Research Supervisor Role Edit', 1),
(538, 177, 'IPS', 'research_supervisor.list', 'Research Supervisor List', 1),
(539, 177, 'IPS', 'research_supervisor.add', 'Research Supervisor Add', 1),
(540, 177, 'IPS', 'research_supervisor.edit', 'Research Supervisor Edit', 1),
(541, 178, 'IPS', 'research_supervisor_tagging.add', 'Research Supervisor Tagging Add / Edit', 1),
(542, 179, 'IPS', 'research_examiner_role.list', 'Research Examiner Role List', 1),
(543, 179, 'IPS', 'research_examiner_role.add', 'Research Examiner Role Add', 1),
(544, 179, 'IPS', 'research_examiner_role.edit', 'Research Examiner Role Edit', 1),
(545, 180, 'IPS', 'research_examiner.list', 'Research Examiner List', 1),
(546, 180, 'IPS', 'research_examiner.add', 'Research Examiner Add', 1),
(547, 180, 'IPS', 'research_examiner.edit', 'Research Examiner Edit', 1),
(548, 181, 'IPS', 'research_proposal.list', 'Research Proposal List', 1),
(549, 181, 'IPS', 'research_proposal.add', 'Research Proposal Add', 1),
(550, 181, 'IPS', 'research_proposal.view', 'Research Proposal View', 1),
(551, 182, 'IPS', 'research_articleship.list', 'Research Articleship', 1),
(552, 182, 'IPS', 'research_articleship.add', 'Research Articleship Add', 1),
(553, 182, 'IPS', 'research_articleship.view', 'Research Articleship View', 1),
(554, 181, 'IPS', 'research_proposal.edit', 'Research Proposal Edit', 1),
(555, 182, 'IPS', 'research_articleship.edit', 'Research Articleship Edit', 1),
(556, 183, 'IPS', 'research_professionalpracricepaper.list', 'Research Professional Practice Paper List', 1),
(557, 183, 'IPS', 'research_professionalpracricepaper.add', 'Research Professional Practice Paper Add', 1),
(558, 183, 'IPS', 'research_professionalpracricepaper.edit', 'Research Professional Practice Paper Edit', 1),
(559, 183, 'IPS', 'research_professionalpracricepaper.view', 'Research Professional Practice Paper View', 1),
(560, 184, 'IPS', 'research_proposal.approval_list', 'Research Proposal Approval List', 1),
(561, 184, 'IPS', 'research_proposal.approve', 'Research Proposal Approve', 1),
(562, 185, 'IPS', 'research_articleship.approval_list', 'Research Articleship Approval List', 1),
(563, 185, 'IPS', 'research_articleship.approve', 'Research Articleship Approve', 1),
(564, 186, 'IPS', 'research_professionalpracricepaper.approval_list', 'Research Professional Practice Paper Approval List', 1),
(565, 186, 'IPS', 'research_professionalpracricepaper.approve', 'Research Professional Practice Paper Approve', 1),
(566, 188, 'IPS', 'research_supervisor_change_application.list', 'Change Supervisor Applicaton List', 1),
(567, 188, 'IPS', 'research_supervisor_change_application.approve', 'Change Supervisor Application Approve', 1),
(568, 188, 'IPS', 'research_supervisor_change_application.view', 'Change Supervisor Application View', 1),
(569, 189, 'Examination', 'ips_progress.student_list', 'IPS Progress Student List', 1),
(570, 189, 'Examination', 'ips_progress.add', 'IPS Progress Add', 1),
(571, 111, 'Finance', 'fee_structure.copy_fee_structure', 'Copy Existing Fee Structure', 1),
(572, 31, 'Setup', 'programme_landscape.addcourse', 'Programme Landscape Add Course', 1);

-- --------------------------------------------------------

--
-- Table structure for table `personal_billing_details`
--

CREATE TABLE `personal_billing_details` (
  `id` int(20) NOT NULL,
  `id_vendor` varchar(120) DEFAULT '',
  `name` varchar(120) DEFAULT '',
  `nric` varchar(120) DEFAULT '',
  `email` varchar(120) DEFAULT '',
  `phone` varchar(120) DEFAULT '',
  `status` int(2) DEFAULT NULL,
  `created_by` int(20) DEFAULT NULL,
  `created_dt_tm` datetime DEFAULT current_timestamp(),
  `updated_by` int(20) DEFAULT NULL,
  `updated_dt_tm` datetime DEFAULT current_timestamp()
) ENGINE=InnoDB DEFAULT CHARSET=latin1;

-- --------------------------------------------------------

--
-- Table structure for table `po_detail`
--

CREATE TABLE `po_detail` (
  `id` bigint(20) NOT NULL,
  `id_po_entry` bigint(20) DEFAULT NULL,
  `cr_account` varchar(20) DEFAULT NULL,
  `cr_activity` varchar(20) DEFAULT NULL,
  `cr_department` varchar(20) DEFAULT NULL,
  `cr_fund` varchar(20) DEFAULT NULL,
  `dt_account` varchar(20) DEFAULT NULL,
  `dt_activity` varchar(20) DEFAULT NULL,
  `dt_department` varchar(20) DEFAULT NULL,
  `dt_fund` varchar(20) DEFAULT NULL,
  `id_category` bigint(20) DEFAULT NULL,
  `id_sub_category` bigint(20) DEFAULT NULL,
  `id_item` bigint(20) DEFAULT NULL,
  `type` varchar(20) DEFAULT NULL,
  `quantity` int(20) DEFAULT NULL,
  `balance_qty` int(20) DEFAULT NULL,
  `received_qty` int(20) DEFAULT 0,
  `price` float(20,2) DEFAULT NULL,
  `id_tax` float(10,2) DEFAULT NULL,
  `tax_price` float(10,2) DEFAULT NULL,
  `total_final` float(10,2) DEFAULT NULL,
  `status` int(2) DEFAULT 1,
  `created_by` int(20) DEFAULT NULL,
  `created_dt_tm` datetime DEFAULT current_timestamp(),
  `updated_by` int(20) DEFAULT NULL,
  `updated_dt_tm` datetime DEFAULT current_timestamp()
) ENGINE=InnoDB DEFAULT CHARSET=latin1;

-- --------------------------------------------------------

--
-- Table structure for table `po_entry`
--

CREATE TABLE `po_entry` (
  `id` bigint(20) NOT NULL,
  `id_financial_year` bigint(20) DEFAULT NULL,
  `po_entry_date` date DEFAULT NULL,
  `description` varchar(500) DEFAULT NULL,
  `type` varchar(100) DEFAULT '',
  `reason` varchar(500) DEFAULT NULL,
  `created_date` datetime DEFAULT current_timestamp(),
  `po_number` varchar(50) DEFAULT NULL,
  `amount` float(10,2) DEFAULT NULL,
  `id_vendor` bigint(20) DEFAULT NULL,
  `id_pr` int(20) DEFAULT NULL,
  `id_department` bigint(20) DEFAULT NULL,
  `status` int(2) DEFAULT 1,
  `created_by` int(20) DEFAULT NULL,
  `created_dt_tm` datetime DEFAULT current_timestamp(),
  `updated_by` int(20) DEFAULT NULL,
  `updated_dt_tm` datetime DEFAULT current_timestamp()
) ENGINE=InnoDB DEFAULT CHARSET=latin1;

-- --------------------------------------------------------

--
-- Table structure for table `ppt_reporting_comments`
--

CREATE TABLE `ppt_reporting_comments` (
  `id` bigint(20) NOT NULL,
  `id_ppt` bigint(20) NOT NULL,
  `comments` varchar(200) DEFAULT '',
  `id_supervisor` bigint(20) NOT NULL,
  `upload_file` varchar(2048) DEFAULT '',
  `reason` varchar(2048) DEFAULT '',
  `status` int(2) DEFAULT 1,
  `created_by` int(20) DEFAULT NULL,
  `created_dt_tm` datetime DEFAULT current_timestamp(),
  `updated_by` int(20) DEFAULT NULL,
  `updated_dt_tm` datetime DEFAULT current_timestamp()
) ENGINE=InnoDB DEFAULT CHARSET=utf8;

-- --------------------------------------------------------

--
-- Table structure for table `procurement_category`
--

CREATE TABLE `procurement_category` (
  `id` int(20) NOT NULL,
  `name` varchar(580) DEFAULT '',
  `code` varchar(50) DEFAULT '',
  `description` varchar(580) DEFAULT '',
  `status` int(2) DEFAULT NULL,
  `created_by` int(20) DEFAULT NULL,
  `created_dt_tm` datetime DEFAULT current_timestamp(),
  `updated_by` int(20) DEFAULT NULL,
  `updated_dt_tm` datetime DEFAULT current_timestamp()
) ENGINE=InnoDB DEFAULT CHARSET=latin1;

-- --------------------------------------------------------

--
-- Table structure for table `procurement_item`
--

CREATE TABLE `procurement_item` (
  `id` int(20) NOT NULL,
  `name` varchar(580) DEFAULT '',
  `code` varchar(50) DEFAULT '',
  `description` varchar(580) DEFAULT '',
  `id_procurement_category` int(20) DEFAULT NULL,
  `id_procurement_sub_category` int(250) DEFAULT NULL,
  `status` int(2) DEFAULT NULL,
  `created_by` int(20) DEFAULT NULL,
  `created_dt_tm` datetime DEFAULT current_timestamp(),
  `updated_by` int(20) DEFAULT NULL,
  `updated_dt_tm` datetime DEFAULT current_timestamp()
) ENGINE=InnoDB DEFAULT CHARSET=latin1;

-- --------------------------------------------------------

--
-- Table structure for table `procurement_limit`
--

CREATE TABLE `procurement_limit` (
  `id` int(20) NOT NULL,
  `name` varchar(80) DEFAULT '',
  `from_limit` varchar(20) DEFAULT '',
  `to_limit` varchar(20) DEFAULT '',
  `status` int(2) DEFAULT NULL,
  `created_by` int(20) DEFAULT NULL,
  `created_dt_tm` datetime DEFAULT current_timestamp(),
  `updated_by` int(20) DEFAULT NULL,
  `updated_dt_tm` datetime DEFAULT current_timestamp()
) ENGINE=InnoDB DEFAULT CHARSET=latin1;

-- --------------------------------------------------------

--
-- Table structure for table `procurement_sub_category`
--

CREATE TABLE `procurement_sub_category` (
  `id` int(20) NOT NULL,
  `name` varchar(580) DEFAULT '',
  `code` varchar(50) DEFAULT '',
  `description` varchar(580) DEFAULT '',
  `id_procurement_category` int(20) DEFAULT NULL,
  `status` int(2) DEFAULT NULL,
  `created_by` int(20) DEFAULT NULL,
  `created_dt_tm` datetime DEFAULT current_timestamp(),
  `updated_by` int(20) DEFAULT NULL,
  `updated_dt_tm` datetime DEFAULT current_timestamp()
) ENGINE=InnoDB DEFAULT CHARSET=latin1;

-- --------------------------------------------------------

--
-- Table structure for table `profile_details`
--

CREATE TABLE `profile_details` (
  `id` int(20) NOT NULL,
  `full_name` varchar(580) DEFAULT '',
  `salutation` varchar(120) DEFAULT '',
  `first_name` varchar(120) DEFAULT '',
  `last_name` varchar(120) DEFAULT '',
  `id_type` varchar(120) DEFAULT '',
  `passport_number` varchar(120) DEFAULT '',
  `phone` varchar(120) DEFAULT '',
  `email_id` varchar(120) DEFAULT '',
  `passport_expiry_date` varchar(120) DEFAULT '',
  `gender` varchar(120) DEFAULT '',
  `date_of_birth` varchar(120) DEFAULT '',
  `martial_status` varchar(120) DEFAULT '',
  `religion` varchar(120) DEFAULT '',
  `nationality` varchar(120) DEFAULT '',
  `nationality_type` varchar(120) DEFAULT '',
  `id_race` int(10) DEFAULT NULL,
  `mail_address1` varchar(120) DEFAULT '',
  `mail_address2` varchar(120) DEFAULT '',
  `mailing_country` int(120) DEFAULT NULL,
  `mailing_state` int(120) DEFAULT NULL,
  `mailing_city` varchar(120) DEFAULT '',
  `mailing_zipcode` varchar(120) DEFAULT '',
  `permanent_address1` varchar(120) DEFAULT '',
  `permanent_address2` varchar(120) DEFAULT '',
  `permanent_country` int(120) DEFAULT NULL,
  `permanent_state` int(120) DEFAULT NULL,
  `permanent_city` varchar(120) DEFAULT '',
  `permanent_zipcode` varchar(120) DEFAULT '',
  `nric` varchar(50) DEFAULT '',
  `status` int(20) DEFAULT NULL,
  `created_by` int(20) DEFAULT NULL,
  `created_dt_tm` datetime DEFAULT current_timestamp(),
  `updated_by` int(20) DEFAULT NULL,
  `updated_dt_tm` datetime DEFAULT current_timestamp(),
  `id_student` int(11) DEFAULT NULL
) ENGINE=InnoDB DEFAULT CHARSET=latin1;

--
-- Dumping data for table `profile_details`
--

INSERT INTO `profile_details` (`id`, `full_name`, `salutation`, `first_name`, `last_name`, `id_type`, `passport_number`, `phone`, `email_id`, `passport_expiry_date`, `gender`, `date_of_birth`, `martial_status`, `religion`, `nationality`, `nationality_type`, `id_race`, `mail_address1`, `mail_address2`, `mailing_country`, `mailing_state`, `mailing_city`, `mailing_zipcode`, `permanent_address1`, `permanent_address2`, `permanent_country`, `permanent_state`, `permanent_city`, `permanent_zipcode`, `nric`, `status`, `created_by`, `created_dt_tm`, `updated_by`, `updated_dt_tm`, `id_student`) VALUES
(1, '', '', '', '', '', '', '', '', '', '', '', '', '', '', '', NULL, '', '', NULL, NULL, '', '', '', '', NULL, NULL, '', '', '', NULL, NULL, '2020-07-11 01:20:44', NULL, '2020-07-11 01:20:44', 1),
(2, '', '', '', '', '', '', '', '', '', '', '', '', '', '', '', NULL, '', '', NULL, NULL, '', '', '', '', NULL, NULL, '', '', '', NULL, NULL, '2020-07-11 06:25:02', NULL, '2020-07-11 06:25:02', 1),
(3, '', '', '', '', '', '', '', '', '', '', '', '', '', '', '', NULL, '', '', NULL, NULL, '', '', '', '', NULL, NULL, '', '', '', NULL, NULL, '2020-07-11 11:53:53', NULL, '2020-07-11 11:53:53', 2),
(4, '', '', '', '', '', '', '', '', '', '', '', '', '', '', '', NULL, '', '', NULL, NULL, '', '', '', '', NULL, NULL, '', '', '', NULL, NULL, '2020-07-11 12:55:29', NULL, '2020-07-11 12:55:29', 3),
(5, '', '', '', '', '', '', '', '', '', '', '', '', '', '', '', NULL, '', '', NULL, NULL, '', '', '', '', NULL, NULL, '', '', '', NULL, NULL, '2020-07-11 13:15:32', NULL, '2020-07-11 13:15:32', 4),
(6, 'Miss. Anjuman Syed', 'Miss', 'Anjuman', 'Syed', '123', '123', '55678', 'as@cms.com', '08/19/2020', 'Female', '2020-07-24', 'Single', 'Hinduism', 'Malaysian', '', 0, 'KL', 'KL', 1, 1, 'KL', 'KL', '123, KL', 'KL', 1, 1, 'KL', '234567', '', NULL, NULL, '2020-08-04 14:28:09', NULL, '2020-08-04 14:28:09', 5),
(7, 'Mr. Nabasha Ali', 'Mr', 'Nabasha', 'Ali', 'Passport', '323213123', '78987856', 'nab@cms.com', '28-08-2020', 'Female', '1990-08-31', 'Married', 'Christianity', 'Malaysian', '', 0, 'Mohhamed Ali Street, ', 'KL', 1, 1, 'KL', '247827', 'Mohhamed Ali Street, ', 'KL', 2, 1, 'KL', '2123123', '', NULL, NULL, '2020-08-10 12:50:24', NULL, '2020-08-10 12:50:24', 6),
(8, '', '', '', '', '', '', '', '', '', '', '', '', '', '', '', NULL, '', '', NULL, NULL, '', '', '', '', NULL, NULL, '', '', '', NULL, NULL, '2020-08-10 14:27:11', NULL, '2020-08-10 14:27:11', 7),
(9, '', '', '', '', '', '', '', '', '', '', '', '', '', '', '', NULL, '', '', NULL, NULL, '', '', '', '', NULL, NULL, '', '', '', NULL, NULL, '2020-08-17 12:29:25', NULL, '2020-08-17 12:29:25', 8),
(10, '', '', '', '', '', '', '', '', '', '', '', '', '', '', '', NULL, '', '', NULL, NULL, '', '', '', '', NULL, NULL, '', '', '', NULL, NULL, '2020-08-19 08:58:41', NULL, '2020-08-19 08:58:41', 9),
(11, '', '', '', '', '', '', '', '', '', '', '', '', '', '', '', NULL, '', '', NULL, NULL, '', '', '', '', NULL, NULL, '', '', '', NULL, NULL, '2020-08-19 09:40:24', NULL, '2020-08-19 09:40:24', 10),
(12, '', '', '', '', '', '', '', '', '', '', '', '', '', '', '', NULL, '', '', NULL, NULL, '', '', '', '', NULL, NULL, '', '', '', NULL, NULL, '2020-08-20 05:22:04', NULL, '2020-08-20 05:22:04', 11),
(13, '', '', '', '', '', '', '', '', '', '', '', '', '', '', '', NULL, '', '', NULL, NULL, '', '', '', '', NULL, NULL, '', '', '', NULL, NULL, '2020-08-20 14:10:25', NULL, '2020-08-20 14:10:25', 12),
(14, '', '', '', '', '', '', '', '', '', '', '', '', '', '', '', NULL, '', '', NULL, NULL, '', '', '', '', NULL, NULL, '', '', '', NULL, NULL, '2020-08-23 12:41:29', NULL, '2020-08-23 12:41:29', 13),
(15, '', '', '', '', '', '', '', '', '', '', '', '', '', '', '', NULL, '', '', NULL, NULL, '', '', '', '', NULL, NULL, '', '', '', NULL, NULL, '2020-08-23 13:03:42', NULL, '2020-08-23 13:03:42', 14),
(16, '', '', '', '', '', '', '', '', '', '', '', '', '', '', '', NULL, '', '', NULL, NULL, '', '', '', '', NULL, NULL, '', '', '', NULL, NULL, '2020-08-24 20:48:16', NULL, '2020-08-24 20:48:16', 15),
(17, '', '', '', '', '', '', '', '', '', '', '', '', '', '', '', NULL, '', '', NULL, NULL, '', '', '', '', NULL, NULL, '', '', '', NULL, NULL, '2020-08-25 14:11:00', NULL, '2020-08-25 14:11:00', 16),
(18, '', '', '', '', '', '', '', '', '', '', '', '', '', '', '', NULL, '', '', NULL, NULL, '', '', '', '', NULL, NULL, '', '', '', NULL, NULL, '2020-08-27 13:44:45', NULL, '2020-08-27 13:44:45', 17),
(19, '', '', '', '', '', '', '', '', '', '', '', '', '', '', '', NULL, '', '', NULL, NULL, '', '', '', '', NULL, NULL, '', '', '', NULL, NULL, '2020-09-12 13:04:21', NULL, '2020-09-12 13:04:21', 23),
(20, '', '', '', '', '', '', '', '', '', '', '', '', '', '', '', NULL, '', '', NULL, NULL, '', '', '', '', NULL, NULL, '', '', '', NULL, NULL, '2020-09-13 14:35:44', NULL, '2020-09-13 14:35:44', 24),
(21, '', '', '', '', '', '', '', '', '', '', '', '', '', '', '', NULL, '', '', NULL, NULL, '', '', '', '', NULL, NULL, '', '', '', NULL, NULL, '2020-09-15 05:05:22', NULL, '2020-09-15 05:05:22', 26),
(22, 'DATIN. Ragina Federar', '2', 'Ragina', 'Federar', '', '', '', 'rf@cms.com', '15-10-2020', 'Male', '2020-10-01', 'Single', '2', 'Other', '', 3, 'KL', 'KL', 110, 1, 'KL', '1234', 'KL', 'KL', 110, 1, 'KL', '12345', '1190889', NULL, NULL, '2020-10-08 22:15:00', NULL, '2020-10-08 22:15:00', 27),
(23, 'AG. Ragina Federer', '1', 'Ragina', 'Federer', '', '', '98989', '', '10/01/2020', 'Male', '2002-10-21', 'Single', '1', 'Malaysian', '', 3, '12, Dala Street', 'KL', 110, 1, 'KL', '12345', '12, Dalal Street', 'KL', 110, 1, 'KL', '12111', 'NF888', NULL, NULL, '2020-10-10 01:14:33', NULL, '2020-10-10 01:14:33', 28),
(24, '', '', '', '', '', '', '', '', '', '', '', '', '', '', '', NULL, '', '', NULL, NULL, '', '', '', '', NULL, NULL, '', '', '', NULL, NULL, '2020-10-10 01:50:41', NULL, '2020-10-10 01:50:41', 29),
(25, '', '', '', '', '', '', '', '', '', '', '', '', '', '', '', NULL, '', '', NULL, NULL, '', '', '', '', NULL, NULL, '', '', '', NULL, NULL, '2020-10-27 07:28:41', NULL, '2020-10-27 07:28:41', 30),
(26, 'MR. Student One', '23', 'Student', 'One', '', '', '88881111', '', '11/01/2022', 'Male', '2000-11-01', 'Single', '1', 'Malaysian', '', 1, 'Asian Towers, Near Malysian Embassy', 'KL', 110, 1, 'KL', '200001', 'Asian Towers, Near Malysian Embassy', 'KL', 110, 1, 'KL', '200001', 'NR000001', NULL, NULL, '2020-11-08 11:41:01', NULL, '2020-11-08 11:41:01', 31),
(27, '', '', '', '', '', '', '', '', '', '', '', '', '', '', '', NULL, '', '', NULL, NULL, '', '', '', '', NULL, NULL, '', '', '', NULL, NULL, '2020-11-09 12:13:40', NULL, '2020-11-09 12:13:40', 32),
(28, '', '', '', '', '', '', '', '', '', '', '', '', '', '', '', NULL, '', '', NULL, NULL, '', '', '', '', NULL, NULL, '', '', '', NULL, NULL, '2020-11-09 12:13:56', NULL, '2020-11-09 12:13:56', 33),
(29, '', '', '', '', '', '', '', '', '', '', '', '', '', '', '', NULL, '', '', NULL, NULL, '', '', '', '', NULL, NULL, '', '', '', NULL, NULL, '2020-11-09 20:50:13', NULL, '2020-11-09 20:50:13', 34),
(30, '', '', '', '', '', '', '', '', '', '', '', '', '', '', '', NULL, '', '', NULL, NULL, '', '', '', '', NULL, NULL, '', '', '', NULL, NULL, '2020-11-10 19:57:42', NULL, '2020-11-10 19:57:42', 35),
(31, '', '', '', '', '', '', '', '', '', '', '', '', '', '', '', NULL, '', '', NULL, NULL, '', '', '', '', NULL, NULL, '', '', '', NULL, NULL, '2020-11-15 10:28:35', NULL, '2020-11-15 10:28:35', 36);

-- --------------------------------------------------------

--
-- Table structure for table `programme`
--

CREATE TABLE `programme` (
  `id` int(20) NOT NULL,
  `name` varchar(520) DEFAULT '',
  `name_optional_language` varchar(250) DEFAULT '',
  `id_award` int(10) DEFAULT 0,
  `id_education_level` int(20) DEFAULT 0,
  `id_scheme` int(20) DEFAULT 0,
  `id_partner_category` int(20) DEFAULT 0,
  `id_partner_university` int(20) DEFAULT 0,
  `internal_external` varchar(50) DEFAULT '',
  `code` varchar(50) DEFAULT '',
  `is_english_required` varchar(10) DEFAULT NULL,
  `total_cr_hrs` varchar(20) DEFAULT '',
  `graduate_studies` varchar(100) DEFAULT '',
  `foundation` varchar(50) DEFAULT '',
  `start_date` datetime DEFAULT NULL,
  `end_date` datetime DEFAULT NULL,
  `certificate` varchar(200) DEFAULT '',
  `is_apel` int(2) DEFAULT 0,
  `mode` varchar(10) DEFAULT '',
  `status` int(2) DEFAULT NULL,
  `created_by` int(20) DEFAULT NULL,
  `created_dt_tm` datetime DEFAULT current_timestamp(),
  `updated_by` int(20) DEFAULT NULL,
  `updated_dt_tm` datetime DEFAULT current_timestamp()
) ENGINE=InnoDB DEFAULT CHARSET=latin1;

--
-- Dumping data for table `programme`
--

INSERT INTO `programme` (`id`, `name`, `name_optional_language`, `id_award`, `id_education_level`, `id_scheme`, `id_partner_category`, `id_partner_university`, `internal_external`, `code`, `is_english_required`, `total_cr_hrs`, `graduate_studies`, `foundation`, `start_date`, `end_date`, `certificate`, `is_apel`, `mode`, `status`, `created_by`, `created_dt_tm`, `updated_by`, `updated_dt_tm`) VALUES
(10, 'Master of IT Management', '', 4, 2, 0, 0, 9, 'External', 'USAS_MITM', '1', '10', '', '', NULL, NULL, '', 1, '', 1, 1, '2021-01-12 05:55:51', 1, '2021-01-12 05:55:51'),
(11, 'Master of Management', '', 4, 2, 0, 0, 9, 'External', 'USAS_MOM', '1', '12', '', '', NULL, NULL, '', 1, '', 1, 1, '2021-01-12 05:57:31', 1, '2021-01-12 05:57:31');

-- --------------------------------------------------------

--
-- Table structure for table `programme_has_course`
--

CREATE TABLE `programme_has_course` (
  `id` int(20) NOT NULL,
  `id_programme` varchar(100) DEFAULT '',
  `id_programme_landscape` int(20) DEFAULT NULL,
  `id_course` int(10) DEFAULT NULL,
  `id_semester` int(20) DEFAULT NULL,
  `type` varchar(100) DEFAULT NULL,
  `status` int(2) DEFAULT NULL,
  `created_by` int(20) DEFAULT NULL,
  `created_dt_tm` datetime DEFAULT current_timestamp(),
  `updated_by` int(20) DEFAULT NULL,
  `updated_dt_tm` datetime DEFAULT current_timestamp()
) ENGINE=InnoDB DEFAULT CHARSET=latin1;

-- --------------------------------------------------------

--
-- Table structure for table `programme_has_dean`
--

CREATE TABLE `programme_has_dean` (
  `id` int(20) NOT NULL,
  `id_programme` int(10) DEFAULT NULL,
  `id_staff` int(10) DEFAULT NULL,
  `effective_start_date` datetime DEFAULT current_timestamp(),
  `status` int(2) DEFAULT NULL,
  `created_by` int(20) DEFAULT NULL,
  `created_dt_tm` datetime DEFAULT current_timestamp(),
  `updated_by` int(20) DEFAULT NULL,
  `updated_dt_tm` datetime DEFAULT current_timestamp()
) ENGINE=InnoDB DEFAULT CHARSET=latin1;

--
-- Dumping data for table `programme_has_dean`
--

INSERT INTO `programme_has_dean` (`id`, `id_programme`, `id_staff`, `effective_start_date`, `status`, `created_by`, `created_dt_tm`, `updated_by`, `updated_dt_tm`) VALUES
(1, 1, 1, '2020-07-10 00:00:00', NULL, NULL, '2020-07-10 23:51:06', NULL, '2020-07-10 23:51:06'),
(2, 1, 0, '1970-01-01 00:00:00', NULL, NULL, '2020-07-10 23:51:10', NULL, '2020-07-10 23:51:10'),
(3, 1, 0, '1970-01-01 00:00:00', NULL, NULL, '2020-07-11 00:08:33', NULL, '2020-07-11 00:08:33'),
(4, 1, 0, '1970-01-01 00:00:00', NULL, NULL, '2020-07-11 06:23:11', NULL, '2020-07-11 06:23:11'),
(5, 1, 0, '1970-01-01 00:00:00', NULL, NULL, '2020-07-12 18:29:50', NULL, '2020-07-12 18:29:50'),
(6, 1, 0, '1970-01-01 00:00:00', NULL, NULL, '2020-07-13 01:40:46', NULL, '2020-07-13 01:40:46'),
(7, 2, 1, '2021-08-31 00:00:00', NULL, NULL, '2020-08-17 12:31:04', NULL, '2020-08-17 12:31:04'),
(8, 2, 2, '2020-08-01 00:00:00', NULL, NULL, '2020-08-17 12:31:04', NULL, '2020-08-17 12:31:04'),
(10, 4, 1, '2000-08-01 00:00:00', NULL, NULL, '2020-08-26 23:32:57', NULL, '2020-08-26 23:32:57'),
(11, 5, 2, '2020-10-28 00:00:00', NULL, NULL, '2020-10-28 00:25:57', NULL, '2020-10-28 00:25:57'),
(12, 6, 1, '2020-11-01 00:00:00', NULL, NULL, '2020-11-08 07:17:26', NULL, '2020-11-08 07:17:26'),
(14, 7, 1, '2020-11-01 00:00:00', NULL, NULL, '2020-11-11 02:34:21', NULL, '2020-11-11 02:34:21'),
(15, 7, 3, '2020-11-01 00:00:00', NULL, NULL, '2020-11-14 12:22:58', NULL, '2020-11-14 12:22:58'),
(16, 8, 2, '2020-12-09 00:00:00', NULL, NULL, '2020-12-09 01:37:30', NULL, '2020-12-09 01:37:30'),
(17, 9, 3, '2020-12-01 00:00:00', NULL, NULL, '2020-12-22 23:27:21', NULL, '2020-12-22 23:27:21'),
(18, 10, 2, '2021-01-01 00:00:00', NULL, NULL, '2021-01-12 05:55:51', NULL, '2021-01-12 05:55:51'),
(19, 11, 1, '2021-01-01 00:00:00', NULL, NULL, '2021-01-12 05:57:31', NULL, '2021-01-12 05:57:31');

-- --------------------------------------------------------

--
-- Table structure for table `programme_has_fee_structure`
--

CREATE TABLE `programme_has_fee_structure` (
  `id` int(20) NOT NULL,
  `id_programme` int(20) DEFAULT NULL,
  `scheme` varchar(50) DEFAULT '',
  `code` varchar(50) DEFAULT '',
  `description` varchar(520) DEFAULT '',
  `id_intake` int(20) DEFAULT NULL,
  `id_semester` int(20) DEFAULT NULL,
  `effective_date` datetime DEFAULT NULL,
  `student_category` varchar(20) DEFAULT '',
  `currency` varchar(20) DEFAULT '',
  `estimated_total_fee` varchar(20) DEFAULT '',
  `status` int(2) DEFAULT NULL,
  `created_by` int(20) DEFAULT NULL,
  `created_dt_tm` datetime DEFAULT current_timestamp(),
  `updated_by` int(20) DEFAULT NULL,
  `updated_dt_tm` datetime DEFAULT current_timestamp()
) ENGINE=InnoDB DEFAULT CHARSET=latin1;

-- --------------------------------------------------------

--
-- Table structure for table `programme_has_scheme`
--

CREATE TABLE `programme_has_scheme` (
  `id` bigint(20) NOT NULL,
  `id_program` int(20) DEFAULT 0,
  `id_program_type` int(20) DEFAULT 0,
  `mode_of_program` varchar(100) DEFAULT '',
  `mode_of_study` varchar(100) DEFAULT '',
  `min_duration` int(20) DEFAULT 0,
  `max_duration` int(20) DEFAULT 0,
  `status` int(5) DEFAULT 0,
  `created_by` int(20) DEFAULT NULL,
  `created_dt_tm` datetime DEFAULT current_timestamp(),
  `updated_by` int(20) DEFAULT NULL,
  `updated_dt_tm` datetime DEFAULT current_timestamp()
) ENGINE=InnoDB DEFAULT CHARSET=latin1;

--
-- Dumping data for table `programme_has_scheme`
--

INSERT INTO `programme_has_scheme` (`id`, `id_program`, `id_program_type`, `mode_of_program`, `mode_of_study`, `min_duration`, `max_duration`, `status`, `created_by`, `created_dt_tm`, `updated_by`, `updated_dt_tm`) VALUES
(14, 3, 1, 'Blended', 'Part Time', 24, 48, 0, NULL, '2020-08-26 22:51:42', NULL, '2020-08-26 22:51:42'),
(15, 4, 1, 'Blended', 'Part Time', 24, 36, 0, NULL, '2020-08-26 23:34:27', NULL, '2020-08-26 23:34:27'),
(16, 4, 1, 'Blended', 'Full Time', 24, 30, 0, NULL, '2020-08-27 18:20:59', NULL, '2020-08-27 18:20:59'),
(17, 3, 1, 'Blended', 'Full Time', 24, 36, 0, NULL, '2020-09-01 19:47:37', NULL, '2020-09-01 19:47:37'),
(18, 3, 1, 'Online', 'Part Time', 24, 48, 0, NULL, '2020-09-01 19:48:49', NULL, '2020-09-01 19:48:49'),
(20, 5, 1, 'Online', 'Part Time', 12, 36, 0, NULL, '2020-10-28 00:26:31', NULL, '2020-10-28 00:26:31'),
(21, 6, 1, 'Face to Face', 'Full Time', 42, 48, 0, NULL, '2020-11-08 07:18:05', NULL, '2020-11-08 07:18:05'),
(22, 6, 3, 'Face to Face', 'Part Time', 42, 48, 0, NULL, '2020-11-08 07:18:42', NULL, '2020-11-08 07:18:42'),
(24, 7, 3, 'Online', 'Full Time', 6, 12, 0, NULL, '2020-11-11 02:49:38', NULL, '2020-11-11 02:49:38'),
(25, 7, 1, 'Online', 'Full Time', 12, 12, 0, NULL, '2020-11-30 01:24:07', NULL, '2020-11-30 01:24:07'),
(26, 8, 1, 'Online', 'Part Time', 1, 12, 0, NULL, '2020-12-09 01:37:44', NULL, '2020-12-09 01:37:44'),
(27, 9, 1, 'Face to Face', 'Full Time', 6, 8, 0, NULL, '2020-12-22 23:27:54', NULL, '2020-12-22 23:27:54'),
(29, 10, 1, 'Online', 'Part Time', 24, 36, 0, NULL, '2021-01-12 22:37:04', NULL, '2021-01-12 22:37:04'),
(30, 11, 1, 'Online', 'Part Time', 24, 36, 0, NULL, '2021-01-12 22:43:50', NULL, '2021-01-12 22:43:50'),
(31, 10, 1, 'Online', 'Full Time', 18, 24, 0, NULL, '2021-01-13 18:10:01', NULL, '2021-01-13 18:10:01'),
(32, 11, 1, 'Online', 'Full Time', 18, 24, 0, NULL, '2021-01-13 20:00:54', NULL, '2021-01-13 20:00:54');

-- --------------------------------------------------------

--
-- Table structure for table `programme_landscape`
--

CREATE TABLE `programme_landscape` (
  `id` int(20) NOT NULL,
  `name` varchar(220) DEFAULT '',
  `code` varchar(2048) DEFAULT '',
  `id_intake_to` int(20) DEFAULT 0,
  `id_programme` int(10) DEFAULT NULL,
  `program_landscape_type` varchar(500) DEFAULT '',
  `id_intake` int(10) DEFAULT NULL,
  `min_total_cr_hrs` varchar(20) DEFAULT '',
  `min_repeat_course` varchar(20) DEFAULT '',
  `max_repeat_exams` varchar(20) DEFAULT '',
  `total_semester` varchar(20) DEFAULT '',
  `program_scheme` varchar(50) DEFAULT '' COMMENT 'it''s id_program_scheme ( after flow change)',
  `total_block` varchar(20) DEFAULT '',
  `total_level` varchar(20) DEFAULT '',
  `min_total_score` varchar(20) DEFAULT '',
  `min_pass_subject` varchar(20) DEFAULT '',
  `status` int(2) DEFAULT NULL,
  `created_by` int(20) DEFAULT NULL,
  `created_dt_tm` datetime DEFAULT current_timestamp(),
  `updated_by` int(20) DEFAULT NULL,
  `updated_dt_tm` datetime DEFAULT current_timestamp(),
  `learning_mode` int(20) DEFAULT NULL COMMENT 'it''s id_learning_mode'
) ENGINE=InnoDB DEFAULT CHARSET=latin1;

--
-- Dumping data for table `programme_landscape`
--

INSERT INTO `programme_landscape` (`id`, `name`, `code`, `id_intake_to`, `id_programme`, `program_landscape_type`, `id_intake`, `min_total_cr_hrs`, `min_repeat_course`, `max_repeat_exams`, `total_semester`, `program_scheme`, `total_block`, `total_level`, `min_total_score`, `min_pass_subject`, `status`, `created_by`, `created_dt_tm`, `updated_by`, `updated_dt_tm`, `learning_mode`) VALUES
(28, 'Engish Demo', 'English - Demo', 1, 8, 'Semester', 1, '10', '0', '0', '10', '', '0', '0', '0', '0', 1, NULL, '2020-12-09 01:40:04', NULL, '2020-12-09 01:40:04', 0),
(29, 'Business Administration Landscape FROM 2020', 'BAd Landscape FROM 2020', 0, 6, 'Semester', 1, '120', '0', '0', '8', '', '0', '0', '0', '0', 1, NULL, '2020-12-20 13:47:07', NULL, '2020-12-20 13:47:07', 0),
(30, 'MBA LANDSCPAE', 'MBA LAND', 3, 5, 'Semester', 3, '120', '0', '0', '8', '', '0', '0', '0', '0', 1, NULL, '2020-12-20 15:00:03', NULL, '2020-12-20 15:00:03', 0),
(31, 'a', 'a', 3, 3, 'Level', 1, '12', '0', '0', '12', '', '0', '0', '0', '0', 1, NULL, '2020-12-21 22:28:53', NULL, '2020-12-21 22:28:53', 0),
(32, 'Testing For Error', 'TFR', 0, 7, 'Semester', 1, '120', '0', '0', '8', '', '0', '0', '0', '0', 1, NULL, '2020-12-22 08:27:17', NULL, '2020-12-22 08:27:17', 0),
(33, 'ZYX', '9900', 1, 9, 'Semester', 1, '50', '0', '0', '6', '', '0', '0', '0', '0', 1, NULL, '2020-12-22 23:33:40', NULL, '2020-12-22 23:33:40', 0),
(34, 'MIT-CODE', 'MIT-CODE', 3, 10, 'Semester', 3, '15', '0', '0', '10', '', '0', '0', '0', '0', 1, NULL, '2021-01-12 20:32:13', NULL, '2021-01-12 20:32:13', 0);

-- --------------------------------------------------------

--
-- Table structure for table `program_entry_requirement`
--

CREATE TABLE `program_entry_requirement` (
  `id` int(20) NOT NULL,
  `id_program` int(20) DEFAULT 0,
  `description` varchar(2048) DEFAULT '',
  `from_dt` datetime DEFAULT NULL,
  `to_dt` datetime DEFAULT NULL,
  `status` int(2) DEFAULT 1,
  `created_by` int(20) DEFAULT NULL,
  `created_dt_tm` datetime DEFAULT current_timestamp(),
  `updated_by` int(20) DEFAULT NULL,
  `updated_dt_tm` datetime DEFAULT current_timestamp()
) ENGINE=InnoDB DEFAULT CHARSET=latin1;

--
-- Dumping data for table `program_entry_requirement`
--

INSERT INTO `program_entry_requirement` (`id`, `id_program`, `description`, `from_dt`, `to_dt`, `status`, `created_by`, `created_dt_tm`, `updated_by`, `updated_dt_tm`) VALUES
(1, 1, 'Description', '2020-07-07 00:00:00', '2020-07-23 00:00:00', 1, 1, '2020-07-19 19:58:34', NULL, '2020-07-19 19:58:34'),
(2, 1, 'Description', '2020-07-20 00:00:00', '2020-07-16 00:00:00', 1, 1, '2020-07-19 20:00:50', NULL, '2020-07-19 20:00:50');

-- --------------------------------------------------------

--
-- Table structure for table `program_grade`
--

CREATE TABLE `program_grade` (
  `id` int(20) NOT NULL,
  `id_intake` int(10) DEFAULT NULL,
  `id_program` int(10) DEFAULT NULL,
  `id_semester` int(10) DEFAULT NULL,
  `id_grade` int(10) DEFAULT NULL,
  `description` varchar(250) DEFAULT '',
  `minmarks` varchar(20) DEFAULT '',
  `maxmarks` varchar(20) DEFAULT '',
  `result` varchar(50) DEFAULT '',
  `rank` varchar(50) DEFAULT '',
  `status` int(2) DEFAULT NULL,
  `created_by` int(20) DEFAULT NULL,
  `created_dt_tm` datetime DEFAULT current_timestamp(),
  `updated_by` int(20) DEFAULT NULL,
  `updated_dt_tm` datetime DEFAULT current_timestamp()
) ENGINE=InnoDB DEFAULT CHARSET=latin1;

--
-- Dumping data for table `program_grade`
--

INSERT INTO `program_grade` (`id`, `id_intake`, `id_program`, `id_semester`, `id_grade`, `description`, `minmarks`, `maxmarks`, `result`, `rank`, `status`, `created_by`, `created_dt_tm`, `updated_by`, `updated_dt_tm`) VALUES
(1, 0, 1, 0, 2, 'Description', '90', '100', 'pass', '10', NULL, NULL, '2020-07-11 11:25:31', NULL, '2020-07-11 11:25:31');

-- --------------------------------------------------------

--
-- Table structure for table `program_has_acceredation_details`
--

CREATE TABLE `program_has_acceredation_details` (
  `id` int(20) NOT NULL,
  `id_program` int(20) DEFAULT 0,
  `category` varchar(1024) DEFAULT '',
  `type` varchar(50) DEFAULT '',
  `acceredation_dt` datetime DEFAULT NULL,
  `acceredation_number` varchar(50) DEFAULT '',
  `valid_from` datetime DEFAULT NULL,
  `valid_to` datetime DEFAULT NULL,
  `approval_dt` datetime DEFAULT NULL,
  `acceredation_reference` varchar(50) DEFAULT '',
  `status` int(2) DEFAULT NULL,
  `created_by` int(20) DEFAULT NULL,
  `created_dt_tm` datetime DEFAULT current_timestamp(),
  `updated_by` int(20) DEFAULT NULL,
  `updated_dt_tm` datetime DEFAULT current_timestamp()
) ENGINE=InnoDB DEFAULT CHARSET=latin1;

--
-- Dumping data for table `program_has_acceredation_details`
--

INSERT INTO `program_has_acceredation_details` (`id`, `id_program`, `category`, `type`, `acceredation_dt`, `acceredation_number`, `valid_from`, `valid_to`, `approval_dt`, `acceredation_reference`, `status`, `created_by`, `created_dt_tm`, `updated_by`, `updated_dt_tm`) VALUES
(1, 1, 'Board', 'Local', '2020-07-13 00:00:00', 'asdf', '2020-07-13 00:00:00', '2020-07-13 00:00:00', '2020-07-13 00:00:00', 'asdfsd', NULL, NULL, '2020-07-13 06:25:12', NULL, '2020-07-13 06:25:12'),
(2, 3, 'MQA', 'Local', '2013-05-23 00:00:00', 'A 9101', '2013-05-23 00:00:00', '2099-12-31 00:00:00', '2013-05-23 00:00:00', 'R2-DL/340/6/0458) (A9101) (04/25', NULL, NULL, '2020-08-26 22:56:12', NULL, '2020-08-26 22:56:12'),
(3, 4, 'MQA', 'Local', '2015-05-13 00:00:00', 'FA0762', '2015-05-13 00:00:00', '2099-12-31 00:00:00', '2015-05-13 00:00:00', 'R-DL/345/6/0956 (MQA/FA0762) (08/21)', NULL, NULL, '2020-08-26 23:53:48', NULL, '2020-08-26 23:53:48'),
(4, 6, 'Board', 'Local', '2019-11-01 00:00:00', 'ACC-PHD/01111/2019', '2019-11-01 00:00:00', '2022-11-01 00:00:00', '2019-11-01 00:00:00', 'ACCREFE8800', NULL, NULL, '2020-11-08 07:21:17', NULL, '2020-11-08 07:21:17');

-- --------------------------------------------------------

--
-- Table structure for table `program_has_concurrent_program`
--

CREATE TABLE `program_has_concurrent_program` (
  `id` int(20) NOT NULL,
  `id_program` int(20) DEFAULT 0,
  `id_concurrent_program` int(20) DEFAULT 0,
  `status` int(2) DEFAULT NULL,
  `created_by` int(20) DEFAULT NULL,
  `created_dt_tm` datetime DEFAULT current_timestamp(),
  `updated_by` int(20) DEFAULT NULL,
  `updated_dt_tm` datetime DEFAULT current_timestamp()
) ENGINE=InnoDB DEFAULT CHARSET=latin1;

-- --------------------------------------------------------

--
-- Table structure for table `program_has_major_details`
--

CREATE TABLE `program_has_major_details` (
  `id` int(20) NOT NULL,
  `id_program` int(20) DEFAULT 0,
  `name` varchar(1024) DEFAULT '',
  `code` varchar(50) DEFAULT '',
  `name_in_optional_language` varchar(1024) DEFAULT '',
  `status` int(2) DEFAULT NULL,
  `created_by` int(20) DEFAULT NULL,
  `created_dt_tm` datetime DEFAULT current_timestamp(),
  `updated_by` int(20) DEFAULT NULL,
  `updated_dt_tm` datetime DEFAULT current_timestamp()
) ENGINE=InnoDB DEFAULT CHARSET=latin1;

--
-- Dumping data for table `program_has_major_details`
--

INSERT INTO `program_has_major_details` (`id`, `id_program`, `name`, `code`, `name_in_optional_language`, `status`, `created_by`, `created_dt_tm`, `updated_by`, `updated_dt_tm`) VALUES
(1, 1, 'Maths One', 'Maths 1', '', NULL, NULL, '2020-07-13 09:08:24', NULL, '2020-07-13 09:08:24'),
(3, 6, 'Phd in Accountancy', 'PHD ACC PROG ', 'Phd in Accountancy', NULL, NULL, '2020-11-08 07:19:40', NULL, '2020-11-08 07:19:40'),
(4, 9, 'abcde', 'A2Z', '', NULL, NULL, '2020-12-22 23:28:39', NULL, '2020-12-22 23:28:39');

-- --------------------------------------------------------

--
-- Table structure for table `program_has_minor_details`
--

CREATE TABLE `program_has_minor_details` (
  `id` int(20) NOT NULL,
  `id_program` int(20) DEFAULT 0,
  `name` varchar(1024) DEFAULT '',
  `code` varchar(50) DEFAULT '',
  `name_in_optional_language` varchar(1024) DEFAULT '',
  `status` int(2) DEFAULT NULL,
  `created_by` int(20) DEFAULT NULL,
  `created_dt_tm` datetime DEFAULT current_timestamp(),
  `updated_by` int(20) DEFAULT NULL,
  `updated_dt_tm` datetime DEFAULT current_timestamp()
) ENGINE=InnoDB DEFAULT CHARSET=latin1;

--
-- Dumping data for table `program_has_minor_details`
--

INSERT INTO `program_has_minor_details` (`id`, `id_program`, `name`, `code`, `name_in_optional_language`, `status`, `created_by`, `created_dt_tm`, `updated_by`, `updated_dt_tm`) VALUES
(1, 1, 'Environmental Science', 'ES', '', NULL, NULL, '2020-07-14 06:29:19', NULL, '2020-07-14 06:29:19'),
(2, 3, 'a', 'a', 'a', NULL, NULL, '2020-08-26 22:54:13', NULL, '2020-08-26 22:54:13'),
(3, 6, 'Phd in Accountancy', 'PHD ACC PROG', 'Phd in Accountancy', NULL, NULL, '2020-11-08 07:20:11', NULL, '2020-11-08 07:20:11');

-- --------------------------------------------------------

--
-- Table structure for table `program_has_scheme`
--

CREATE TABLE `program_has_scheme` (
  `id` bigint(20) NOT NULL,
  `id_program` int(20) DEFAULT 0,
  `id_scheme` int(20) DEFAULT 0,
  `status` int(20) DEFAULT 1,
  `created_by` int(20) DEFAULT 0,
  `created_dt_tm` datetime DEFAULT current_timestamp(),
  `updated_by` int(20) DEFAULT 0,
  `updated_dt_tm` datetime DEFAULT current_timestamp()
) ENGINE=InnoDB DEFAULT CHARSET=latin1;

--
-- Dumping data for table `program_has_scheme`
--

INSERT INTO `program_has_scheme` (`id`, `id_program`, `id_scheme`, `status`, `created_by`, `created_dt_tm`, `updated_by`, `updated_dt_tm`) VALUES
(4, 3, 1, 1, 0, '2020-09-01 19:37:14', 0, '2020-09-01 19:37:14'),
(5, 3, 3, 1, 0, '2020-09-01 19:37:22', 0, '2020-09-01 19:37:22'),
(6, 3, 4, 1, 0, '2020-09-01 19:37:30', 0, '2020-09-01 19:37:30'),
(7, 4, 1, 1, 0, '2020-09-02 01:21:40', 0, '2020-09-02 01:21:40'),
(8, 5, 2, 1, 0, '2020-10-28 00:26:08', 0, '2020-10-28 00:26:08'),
(9, 6, 2, 1, 0, '2020-11-08 07:18:54', 0, '2020-11-08 07:18:54'),
(10, 6, 4, 1, 0, '2020-11-08 07:19:05', 0, '2020-11-08 07:19:05'),
(11, 7, 1, 1, 0, '2020-11-11 03:09:53', 0, '2020-11-11 03:09:53'),
(12, 8, 1, 1, 0, '2020-12-09 01:37:50', 0, '2020-12-09 01:37:50'),
(13, 9, 1, 1, 0, '2020-12-22 23:28:07', 0, '2020-12-22 23:28:07'),
(15, 10, 3, 1, 0, '2021-01-13 20:00:12', 0, '2021-01-13 20:00:12'),
(16, 11, 3, 1, 0, '2021-01-13 20:01:07', 0, '2021-01-13 20:01:07'),
(17, 10, 1, 1, 0, '2021-01-14 19:16:19', 0, '2021-01-14 19:16:19'),
(18, 11, 1, 1, 0, '2021-01-14 19:16:36', 0, '2021-01-14 19:16:36');

-- --------------------------------------------------------

--
-- Table structure for table `program_landscape_learning_mode`
--

CREATE TABLE `program_landscape_learning_mode` (
  `id` bigint(20) NOT NULL,
  `id_program_landscape` bigint(20) NOT NULL DEFAULT 0,
  `id_programme` bigint(20) NOT NULL DEFAULT 0,
  `code` varchar(1024) DEFAULT '',
  `name` varchar(2048) DEFAULT '',
  `mode_of_program` varchar(2048) DEFAULT '',
  `mode_of_study` varchar(2048) DEFAULT '',
  `id_program_type` bigint(20) NOT NULL DEFAULT 0,
  `total_semester` bigint(20) NOT NULL DEFAULT 0,
  `min_cr_hrs` bigint(20) NOT NULL DEFAULT 0,
  `max_cr_hrs` bigint(20) NOT NULL DEFAULT 0,
  `status` int(2) DEFAULT 1,
  `created_by` int(20) DEFAULT NULL,
  `created_dt_tm` datetime DEFAULT current_timestamp(),
  `updated_by` int(20) DEFAULT NULL,
  `updated_dt_tm` datetime DEFAULT current_timestamp()
) ENGINE=InnoDB DEFAULT CHARSET=utf8;

-- --------------------------------------------------------

--
-- Table structure for table `program_landscape_requirement_details`
--

CREATE TABLE `program_landscape_requirement_details` (
  `id` int(20) NOT NULL,
  `id_program_landscape` int(20) DEFAULT NULL,
  `id_landscape_course_type` int(20) DEFAULT NULL,
  `requirement_type` varchar(50) DEFAULT '',
  `minimum_credit` int(20) DEFAULT NULL,
  `compulsary` int(20) DEFAULT NULL,
  `status` int(2) DEFAULT NULL,
  `created_by` int(20) DEFAULT NULL,
  `created_dt_tm` datetime DEFAULT current_timestamp(),
  `updated_by` int(20) DEFAULT NULL,
  `updated_dt_tm` datetime DEFAULT current_timestamp()
) ENGINE=InnoDB DEFAULT CHARSET=latin1;

--
-- Dumping data for table `program_landscape_requirement_details`
--

INSERT INTO `program_landscape_requirement_details` (`id`, `id_program_landscape`, `id_landscape_course_type`, `requirement_type`, `minimum_credit`, `compulsary`, `status`, `created_by`, `created_dt_tm`, `updated_by`, `updated_dt_tm`) VALUES
(1, 1, 1, 'Credit Hours', 10, 1, NULL, NULL, '2020-07-19 09:31:08', NULL, '2020-07-19 09:31:08'),
(2, 1, 2, 'Papers', 5, 1, NULL, NULL, '2020-07-19 09:31:22', NULL, '2020-07-19 09:31:22'),
(3, 8, 1, 'Credit Hours', 10, 1, NULL, NULL, '2020-08-27 05:19:52', NULL, '2020-08-27 05:19:52'),
(4, 8, 3, 'Credit Hours', 48, 1, NULL, NULL, '2020-08-27 05:20:40', NULL, '2020-08-27 05:20:40'),
(5, 8, 7, 'Credit Hours', 8, 1, NULL, NULL, '2020-08-27 05:21:58', NULL, '2020-08-27 05:21:58'),
(6, 17, 1, 'Credit Hours', 10, 1, NULL, NULL, '2020-09-02 01:41:18', NULL, '2020-09-02 01:41:18'),
(7, 17, 7, 'Credit Hours', 8, 1, NULL, NULL, '2020-09-02 01:46:28', NULL, '2020-09-02 01:46:28'),
(8, 17, 3, 'Credit Hours', 48, 1, NULL, NULL, '2020-09-02 01:47:56', NULL, '2020-09-02 01:47:56'),
(9, 20, 3, 'Credit Hours', 12, 1, NULL, NULL, '2020-10-28 00:30:58', NULL, '2020-10-28 00:30:58'),
(10, 21, 3, 'Papers', 10, 1, NULL, NULL, '2020-11-08 08:36:04', NULL, '2020-11-08 08:36:04'),
(11, 25, 3, 'Papers', 10, 1, NULL, NULL, '2020-11-08 08:36:04', NULL, '2020-11-08 08:36:04');

-- --------------------------------------------------------

--
-- Table structure for table `program_landscape_requisite_details`
--

CREATE TABLE `program_landscape_requisite_details` (
  `id` int(20) NOT NULL,
  `id_program_landscape` int(20) DEFAULT 0,
  `id_compulsary_course` int(20) DEFAULT 0,
  `id_course` int(20) DEFAULT 0,
  `id_intake` int(20) DEFAULT 0,
  `id_program` int(20) DEFAULT 0,
  `id_master_course` int(20) DEFAULT 0,
  `requisite_type` varchar(50) DEFAULT '',
  `min_pass_grade` int(20) DEFAULT 0,
  `min_total_credit` int(20) DEFAULT 0,
  `status` int(2) DEFAULT NULL,
  `created_by` int(20) DEFAULT NULL,
  `created_dt_tm` datetime DEFAULT current_timestamp(),
  `updated_by` int(20) DEFAULT NULL,
  `updated_dt_tm` datetime DEFAULT current_timestamp()
) ENGINE=InnoDB DEFAULT CHARSET=latin1;

--
-- Dumping data for table `program_landscape_requisite_details`
--

INSERT INTO `program_landscape_requisite_details` (`id`, `id_program_landscape`, `id_compulsary_course`, `id_course`, `id_intake`, `id_program`, `id_master_course`, `requisite_type`, `min_pass_grade`, `min_total_credit`, `status`, `created_by`, `created_dt_tm`, `updated_by`, `updated_dt_tm`) VALUES
(2, 1, 5, 2, 1, 1, 5, 'Co-requisite', 0, 0, 1, NULL, '2020-07-15 04:38:37', NULL, '2020-07-15 04:38:37'),
(3, 1, 5, 4, 1, 1, 5, 'Co-requisite', 0, 0, 1, NULL, '2020-07-15 04:38:47', NULL, '2020-07-15 04:38:47'),
(4, 1, 6, 0, 1, 1, 6, 'Pass with Grade', 5, 0, 1, NULL, '2020-07-19 00:31:44', NULL, '2020-07-19 00:31:44'),
(5, 1, 6, 2, 1, 1, 6, 'Co-requisite', 0, 0, 1, NULL, '2020-07-19 00:32:06', NULL, '2020-07-19 00:32:06'),
(6, 24, 101, 0, 1, 7, 101, 'Total Credit Hours', 0, 25, 1, NULL, '2020-11-14 12:21:56', NULL, '2020-11-14 12:21:56'),
(7, 24, 101, 0, 1, 7, 101, 'Total Credit Hours', 0, 25, 1, NULL, '2020-11-14 12:22:09', NULL, '2020-11-14 12:22:09'),
(8, 21, 87, 0, 1, 6, 87, 'Total Credit Hours', 0, 10, 1, NULL, '2020-11-18 13:08:35', NULL, '2020-11-18 13:08:35'),
(9, 21, 87, 4, 1, 6, 87, 'Co-requisite', 0, 0, 1, NULL, '2020-11-18 13:08:47', NULL, '2020-11-18 13:08:47'),
(10, 25, 87, 0, 1, 6, 103, 'Total Credit Hours', 0, 10, 1, NULL, '2020-11-18 13:08:35', NULL, '2020-11-18 13:08:35'),
(11, 25, 87, 4, 1, 6, 103, 'Co-requisite', 0, 0, 1, NULL, '2020-11-18 13:08:47', NULL, '2020-11-18 13:08:47'),
(12, 26, 108, 3, 1, 6, 108, 'Co-requisite', 0, 0, 1, NULL, '2020-12-02 21:51:52', NULL, '2020-12-02 21:51:52'),
(13, 32, 123, 10, 1, 7, 123, 'Co-requisite', 0, 0, 1, NULL, '2020-12-22 08:29:02', NULL, '2020-12-22 08:29:02'),
(14, 32, 123, 2, 1, 7, 123, 'Co-requisite', 0, 0, 1, NULL, '2020-12-22 08:29:33', NULL, '2020-12-22 08:29:33');

-- --------------------------------------------------------

--
-- Table structure for table `program_landscape_semester_details`
--

CREATE TABLE `program_landscape_semester_details` (
  `id` int(20) NOT NULL,
  `id_program_landscape` int(20) DEFAULT NULL,
  `semester_type` varchar(50) DEFAULT '',
  `registration_rule` varchar(50) DEFAULT '',
  `minimum` int(20) DEFAULT NULL,
  `maximum` int(20) DEFAULT NULL,
  `status` int(2) DEFAULT NULL,
  `created_by` int(20) DEFAULT NULL,
  `created_dt_tm` datetime DEFAULT current_timestamp(),
  `updated_by` int(20) DEFAULT NULL,
  `updated_dt_tm` datetime DEFAULT current_timestamp()
) ENGINE=InnoDB DEFAULT CHARSET=latin1;

--
-- Dumping data for table `program_landscape_semester_details`
--

INSERT INTO `program_landscape_semester_details` (`id`, `id_program_landscape`, `semester_type`, `registration_rule`, `minimum`, `maximum`, `status`, `created_by`, `created_dt_tm`, `updated_by`, `updated_dt_tm`) VALUES
(1, 1, 'Short Semester', 'No Of Courses', 1, 5, NULL, NULL, '2020-07-19 09:30:09', NULL, '2020-07-19 09:30:09'),
(2, 2, 'Short Semester', 'No Of Courses', 40, 100, NULL, NULL, '2020-08-17 12:34:11', NULL, '2020-08-17 12:34:11'),
(3, 3, 'Short Semester', 'No Of Credit Hours', 40, 100, NULL, NULL, '2020-08-17 12:35:01', NULL, '2020-08-17 12:35:01'),
(4, 4, 'Short Semester', 'No Of Courses', 10, 100, NULL, NULL, '2020-08-19 21:57:59', NULL, '2020-08-19 21:57:59'),
(5, 5, 'Short Semester', 'No Of Courses', 10, 14, NULL, NULL, '2020-08-20 06:23:37', NULL, '2020-08-20 06:23:37'),
(6, 6, 'Short Semester', 'No Of Courses', 10, 14, NULL, NULL, '2020-08-20 06:25:02', NULL, '2020-08-20 06:25:02'),
(7, 7, 'Short Semester', 'No Of Courses', 4, 10, NULL, NULL, '2020-08-20 06:26:09', NULL, '2020-08-20 06:26:09'),
(8, 8, 'Long Semester', 'No Of Credit Hours', 3, 16, NULL, NULL, '2020-08-27 05:13:57', NULL, '2020-08-27 05:13:57'),
(9, 9, 'Long Semester', 'No Of Courses', 4, 24, NULL, NULL, '2020-08-27 18:28:22', NULL, '2020-08-27 18:28:22'),
(10, 10, 'Short Semester', 'No Of Courses', 12, 122, NULL, NULL, '2020-09-01 05:36:38', NULL, '2020-09-01 05:36:38'),
(11, 10, 'Long Semester', 'No Of Credit Hours', 3, 15, NULL, NULL, '2020-09-01 19:55:10', NULL, '2020-09-01 19:55:10'),
(12, 11, 'Long Semester', 'No Of Credit Hours', 3, 20, NULL, NULL, '2020-09-01 21:44:25', NULL, '2020-09-01 21:44:25'),
(13, 12, 'Long Semester', 'No Of Credit Hours', 3, 20, NULL, NULL, '2020-09-01 22:04:32', NULL, '2020-09-01 22:04:32'),
(14, 13, 'Long Semester', 'No Of Credit Hours', 20, 30, NULL, NULL, '2020-09-01 22:07:22', NULL, '2020-09-01 22:07:22'),
(15, 14, 'Long Semester', 'No Of Credit Hours', 3, 20, NULL, NULL, '2020-09-01 22:09:14', NULL, '2020-09-01 22:09:14'),
(16, 15, 'Long Semester', 'No Of Credit Hours', 20, 30, NULL, NULL, '2020-09-01 22:10:16', NULL, '2020-09-01 22:10:16'),
(17, 16, 'Long Semester', 'No Of Credit Hours', 3, 30, NULL, NULL, '2020-09-01 22:11:47', NULL, '2020-09-01 22:11:47'),
(18, 17, 'Long Semester', 'No Of Credit Hours', 3, 24, NULL, NULL, '2020-09-02 01:36:07', NULL, '2020-09-02 01:36:07'),
(19, 18, 'Short Semester', 'No Of Courses', 10, 100, NULL, NULL, '2020-09-12 15:59:41', NULL, '2020-09-12 15:59:41'),
(20, 19, 'Long Semester', 'No Of Credit Hours', 10, 100, NULL, NULL, '2020-10-19 00:16:35', NULL, '2020-10-19 00:16:35'),
(21, 20, 'Short Semester', 'No Of Courses', 12, 34, NULL, NULL, '2020-10-28 00:30:13', NULL, '2020-10-28 00:30:13'),
(22, 21, 'Long Semester', 'No Of Courses', 10, 100, NULL, NULL, '2020-11-08 08:33:38', NULL, '2020-11-08 08:33:38'),
(23, 22, 'Long Semester', 'No Of Courses', 40, 100, NULL, NULL, '2020-11-08 21:46:10', NULL, '2020-11-08 21:46:10'),
(24, 23, 'Short Semester', 'No Of Courses', 12, 13, NULL, NULL, '2020-11-10 21:07:17', NULL, '2020-11-10 21:07:17'),
(25, 24, 'Long Semester', 'No Of Credit Hours', 4, 15, NULL, NULL, '2020-11-11 03:31:15', NULL, '2020-11-11 03:31:15'),
(26, 25, 'Short Semester', 'No Of Courses', 10, 100, NULL, NULL, '2020-11-18 13:10:01', NULL, '2020-11-18 13:10:01'),
(27, 26, 'Short Semester', 'No Of Courses', 1, 10, NULL, NULL, '2020-12-02 11:03:12', NULL, '2020-12-02 11:03:12');

-- --------------------------------------------------------

--
-- Table structure for table `program_landscape_type`
--

CREATE TABLE `program_landscape_type` (
  `id` int(20) NOT NULL,
  `name` varchar(520) DEFAULT '',
  `status` int(2) DEFAULT NULL,
  `created_by` int(20) DEFAULT NULL,
  `created_dt_tm` datetime DEFAULT current_timestamp(),
  `updated_by` int(20) DEFAULT NULL,
  `updated_dt_tm` datetime DEFAULT current_timestamp()
) ENGINE=InnoDB DEFAULT CHARSET=latin1;

--
-- Dumping data for table `program_landscape_type`
--

INSERT INTO `program_landscape_type` (`id`, `name`, `status`, `created_by`, `created_dt_tm`, `updated_by`, `updated_dt_tm`) VALUES
(1, 'Block', 1, 1, '2020-08-31 12:34:22', NULL, '2020-08-31 12:34:22'),
(2, 'Semester', 1, 1, '2020-08-31 12:34:22', NULL, '2020-08-31 12:34:22'),
(3, 'Level', 1, 1, '2020-08-31 12:34:22', NULL, '2020-08-31 12:34:22');

-- --------------------------------------------------------

--
-- Table structure for table `program_objective`
--

CREATE TABLE `program_objective` (
  `id` int(20) NOT NULL,
  `id_programme` int(20) DEFAULT 0,
  `name` varchar(2048) DEFAULT '',
  `status` int(2) DEFAULT 1,
  `created_by` int(20) DEFAULT NULL,
  `created_dt_tm` datetime DEFAULT current_timestamp(),
  `updated_by` int(20) DEFAULT NULL,
  `updated_dt_tm` datetime DEFAULT current_timestamp()
) ENGINE=InnoDB DEFAULT CHARSET=latin1;

--
-- Dumping data for table `program_objective`
--

INSERT INTO `program_objective` (`id`, `id_programme`, `name`, `status`, `created_by`, `created_dt_tm`, `updated_by`, `updated_dt_tm`) VALUES
(1, 6, 'Objective One', 1, NULL, '2020-12-02 11:01:44', NULL, '2020-12-02 11:01:44'),
(2, 6, 'Objective Two', 1, NULL, '2020-12-02 11:01:54', NULL, '2020-12-02 11:01:54'),
(3, 6, 'Objective Three', 1, NULL, '2020-12-02 11:02:05', NULL, '2020-12-02 11:02:05'),
(5, 4, 'Dipoloma objective', 1, NULL, '2020-12-07 00:06:36', NULL, '2020-12-07 00:06:36'),
(6, 8, 'News Reader', 1, NULL, '2020-12-09 01:38:10', NULL, '2020-12-09 01:38:10'),
(7, 5, 'News Reader', 1, NULL, '2020-12-09 01:38:10', NULL, '2020-12-09 01:38:10'),
(8, 7, 'Course Work', 1, NULL, '2020-12-22 08:28:04', NULL, '2020-12-22 08:28:04'),
(9, 9, 'Program Objjectives', 1, NULL, '2020-12-22 23:29:28', NULL, '2020-12-22 23:29:28'),
(10, 10, 'Objective One', 1, NULL, '2021-01-12 20:45:04', NULL, '2021-01-12 20:45:04'),
(11, 10, 'Objective Two', 1, NULL, '2021-01-12 20:45:15', NULL, '2021-01-12 20:45:15'),
(12, 10, 'Objective Three', 1, NULL, '2021-01-12 20:45:31', NULL, '2021-01-12 20:45:31');

-- --------------------------------------------------------

--
-- Table structure for table `program_type`
--

CREATE TABLE `program_type` (
  `id` int(20) NOT NULL,
  `name` varchar(250) DEFAULT '',
  `code` varchar(50) DEFAULT '',
  `status` int(2) DEFAULT NULL,
  `created_by` int(20) DEFAULT NULL,
  `created_dt_tm` datetime DEFAULT current_timestamp(),
  `updated_by` int(20) DEFAULT NULL,
  `updated_dt_tm` datetime DEFAULT current_timestamp()
) ENGINE=InnoDB DEFAULT CHARSET=latin1;

--
-- Dumping data for table `program_type`
--

INSERT INTO `program_type` (`id`, `name`, `code`, `status`, `created_by`, `created_dt_tm`, `updated_by`, `updated_dt_tm`) VALUES
(1, 'Coursework', 'Structure A', 1, NULL, '2020-07-13 04:47:07', NULL, '2020-07-13 04:47:07'),
(2, 'Research', 'Structure B', 1, NULL, '2020-07-13 09:09:49', NULL, '2020-07-13 09:09:49'),
(3, 'Mixed Mode (Coursework + Research)', 'Structure C', 1, NULL, '2020-07-13 09:10:09', NULL, '2020-07-13 09:10:09');

-- --------------------------------------------------------

--
-- Table structure for table `project_report_submission`
--

CREATE TABLE `project_report_submission` (
  `id` int(20) NOT NULL,
  `name` varchar(2048) DEFAULT '',
  `description` varchar(8088) DEFAULT '',
  `id_program` int(20) DEFAULT 0,
  `id_qualification` int(20) DEFAULT 0,
  `id_intake` int(20) DEFAULT 0,
  `id_student` int(20) DEFAULT 0,
  `from_dt` datetime DEFAULT current_timestamp(),
  `to_dt` datetime DEFAULT current_timestamp(),
  `duration` varchar(50) DEFAULT '',
  `reason` varchar(2048) DEFAULT '',
  `status` int(2) DEFAULT NULL,
  `created_by` int(20) DEFAULT NULL,
  `created_dt_tm` datetime DEFAULT current_timestamp(),
  `updated_by` int(20) DEFAULT NULL,
  `updated_dt_tm` datetime DEFAULT current_timestamp()
) ENGINE=InnoDB DEFAULT CHARSET=latin1;

--
-- Dumping data for table `project_report_submission`
--

INSERT INTO `project_report_submission` (`id`, `name`, `description`, `id_program`, `id_qualification`, `id_intake`, `id_student`, `from_dt`, `to_dt`, `duration`, `reason`, `status`, `created_by`, `created_dt_tm`, `updated_by`, `updated_dt_tm`) VALUES
(1, 'CMS', 'Campus Management System', 1, 1, 1, 4, '2020-07-12 00:00:00', '2020-07-12 00:00:00', '6', '', 1, NULL, '2020-07-11 13:18:40', NULL, '2020-07-11 13:18:40');

-- --------------------------------------------------------

--
-- Table structure for table `proposal_defense_comitee`
--

CREATE TABLE `proposal_defense_comitee` (
  `id` int(20) NOT NULL,
  `chairman` varchar(2048) DEFAULT '',
  `name` varchar(1024) DEFAULT '',
  `year` int(20) DEFAULT 0,
  `date_time` datetime DEFAULT NULL,
  `id_supervisor` int(20) DEFAULT 0,
  `reader_one` int(20) DEFAULT 0,
  `reader_two` int(20) DEFAULT 0,
  `status` int(2) DEFAULT 1,
  `created_by` int(20) DEFAULT NULL,
  `created_dt_tm` datetime DEFAULT current_timestamp(),
  `updated_by` int(20) DEFAULT NULL,
  `updated_dt_tm` datetime DEFAULT current_timestamp()
) ENGINE=InnoDB DEFAULT CHARSET=latin1;

--
-- Dumping data for table `proposal_defense_comitee`
--

INSERT INTO `proposal_defense_comitee` (`id`, `chairman`, `name`, `year`, `date_time`, `id_supervisor`, `reader_one`, `reader_two`, `status`, `created_by`, `created_dt_tm`, `updated_by`, `updated_dt_tm`) VALUES
(1, 'Comitee Defense One', '', 0, NULL, 4, 1, 2, 1, NULL, '2020-10-16 22:16:41', NULL, '2020-10-16 22:16:41'),
(2, 'Proposal Approval Comitee Deans', '', 0, NULL, 5, 1, 1, 1, NULL, '2020-10-16 22:17:04', NULL, '2020-10-16 22:17:04');

-- --------------------------------------------------------

--
-- Table structure for table `proposal_reporting_comments`
--

CREATE TABLE `proposal_reporting_comments` (
  `id` bigint(20) NOT NULL,
  `id_proposal_reporting` bigint(20) NOT NULL,
  `comments` varchar(200) DEFAULT '',
  `id_supervisor` bigint(20) NOT NULL,
  `upload_file` varchar(2048) DEFAULT '',
  `stage` int(20) DEFAULT 0,
  `reason` varchar(2048) DEFAULT '',
  `approved_on` varchar(200) DEFAULT '',
  `status` int(2) DEFAULT 1,
  `created_by` int(20) DEFAULT NULL,
  `created_dt_tm` datetime DEFAULT current_timestamp(),
  `updated_by` int(20) DEFAULT NULL,
  `updated_dt_tm` datetime DEFAULT current_timestamp()
) ENGINE=InnoDB DEFAULT CHARSET=utf8;

--
-- Dumping data for table `proposal_reporting_comments`
--

INSERT INTO `proposal_reporting_comments` (`id`, `id_proposal_reporting`, `comments`, `id_supervisor`, `upload_file`, `stage`, `reason`, `approved_on`, `status`, `created_by`, `created_dt_tm`, `updated_by`, `updated_dt_tm`) VALUES
(1, 1, 'Need To Inprove Presentation', 4, 'e33be79b60c688f7da375190b8e9eab5.jpeg', 0, '', '', 1, NULL, '2020-12-11 02:55:05', NULL, '2020-12-11 02:55:05'),
(2, 2, 'Comments', 4, '1b719303e253bcb29e3dea6fec095851.png', 0, '', '', 1, NULL, '2020-12-15 10:48:31', NULL, '2020-12-15 10:48:31'),
(3, 5, 'Data Need TO Add', 4, '30affb0910712c7fc45a97e2d07d7894.png', 0, '', '', 1, NULL, '2020-12-25 12:55:46', NULL, '2020-12-25 12:55:46');

-- --------------------------------------------------------

--
-- Table structure for table `pr_entry`
--

CREATE TABLE `pr_entry` (
  `id` int(20) NOT NULL,
  `pr_number` varchar(50) DEFAULT NULL,
  `type_of_pr` varchar(50) DEFAULT '',
  `type` varchar(100) DEFAULT '',
  `pr_entry_date` datetime DEFAULT current_timestamp(),
  `id_financial_year` int(20) DEFAULT NULL,
  `id_department` int(20) DEFAULT NULL,
  `id_vendor` int(20) DEFAULT NULL,
  `description` varchar(580) DEFAULT NULL,
  `amount` float(10,2) DEFAULT NULL,
  `is_po` int(10) DEFAULT 0,
  `reason` varchar(500) DEFAULT '',
  `status` int(2) DEFAULT 0,
  `created_by` int(20) DEFAULT NULL,
  `created_dt_tm` datetime DEFAULT current_timestamp(),
  `updated_by` int(20) DEFAULT NULL,
  `updated_dt_tm` datetime DEFAULT current_timestamp()
) ENGINE=InnoDB DEFAULT CHARSET=latin1;

-- --------------------------------------------------------

--
-- Table structure for table `pr_entry_details`
--

CREATE TABLE `pr_entry_details` (
  `id` int(20) NOT NULL,
  `id_pr_entry` int(200) DEFAULT NULL,
  `cr_account` int(200) DEFAULT NULL,
  `cr_activity` int(200) DEFAULT NULL,
  `cr_department` int(200) DEFAULT NULL,
  `cr_fund` int(200) DEFAULT NULL,
  `dt_account` int(200) DEFAULT NULL,
  `dt_activity` int(200) DEFAULT NULL,
  `dt_department` int(200) DEFAULT NULL,
  `dt_fund` int(200) DEFAULT NULL,
  `id_category` int(200) DEFAULT NULL,
  `id_sub_category` int(200) DEFAULT NULL,
  `id_item` int(200) DEFAULT NULL,
  `type` varchar(20) DEFAULT NULL,
  `quantity` int(20) DEFAULT NULL,
  `price` float(20,2) DEFAULT NULL,
  `id_tax` float(10,2) DEFAULT NULL,
  `tax_price` float(10,2) DEFAULT NULL,
  `total_final` float(10,2) DEFAULT NULL,
  `status` int(2) DEFAULT 1,
  `created_by` int(20) DEFAULT NULL,
  `created_dt_tm` datetime DEFAULT current_timestamp(),
  `updated_by` int(20) DEFAULT NULL,
  `updated_dt_tm` datetime DEFAULT current_timestamp()
) ENGINE=InnoDB DEFAULT CHARSET=latin1;

-- --------------------------------------------------------

--
-- Table structure for table `publish_assesment_result_date`
--

CREATE TABLE `publish_assesment_result_date` (
  `id` int(20) NOT NULL,
  `id_program` int(20) DEFAULT 0,
  `id_intake` int(20) DEFAULT 0,
  `id_semester` int(20) DEFAULT 0,
  `id_course` int(20) DEFAULT 0,
  `date_time` datetime DEFAULT NULL,
  `status` int(2) DEFAULT NULL,
  `created_by` int(20) DEFAULT NULL,
  `created_dt_tm` datetime DEFAULT current_timestamp(),
  `updated_by` int(20) DEFAULT NULL,
  `updated_dt_tm` datetime DEFAULT current_timestamp()
) ENGINE=InnoDB DEFAULT CHARSET=latin1;

--
-- Dumping data for table `publish_assesment_result_date`
--

INSERT INTO `publish_assesment_result_date` (`id`, `id_program`, `id_intake`, `id_semester`, `id_course`, `date_time`, `status`, `created_by`, `created_dt_tm`, `updated_by`, `updated_dt_tm`) VALUES
(1, 1, 1, 1, 3, '2020-08-04 00:00:00', 1, 1, '2020-08-16 23:30:23', NULL, '2020-08-16 23:30:23');

-- --------------------------------------------------------

--
-- Table structure for table `publish_exam`
--

CREATE TABLE `publish_exam` (
  `id` int(20) NOT NULL,
  `id_intake` varchar(20) DEFAULT NULL,
  `id_semester` varchar(20) DEFAULT NULL,
  `id_program` varchar(20) DEFAULT NULL,
  `exam_date` varchar(20) DEFAULT '',
  `status` int(2) DEFAULT NULL,
  `created_by` int(20) DEFAULT NULL,
  `created_dt_tm` datetime DEFAULT current_timestamp(),
  `updated_by` int(20) DEFAULT NULL,
  `updated_dt_tm` datetime DEFAULT current_timestamp()
) ENGINE=InnoDB DEFAULT CHARSET=latin1;

--
-- Dumping data for table `publish_exam`
--

INSERT INTO `publish_exam` (`id`, `id_intake`, `id_semester`, `id_program`, `exam_date`, `status`, `created_by`, `created_dt_tm`, `updated_by`, `updated_dt_tm`) VALUES
(1, '1', '1', '1', '2020-07-22', 1, NULL, '2020-07-21 10:30:44', NULL, '2020-07-21 10:30:44'),
(2, '1', '1', '1', '2020-08-19', 1, NULL, '2020-08-16 23:29:33', NULL, '2020-08-16 23:29:33'),
(3, '1', '4', '4', '2020-11-01', 1, NULL, '2020-11-01 21:18:59', NULL, '2020-11-01 21:18:59');

-- --------------------------------------------------------

--
-- Table structure for table `publish_exam_result_date`
--

CREATE TABLE `publish_exam_result_date` (
  `id` int(20) NOT NULL,
  `id_program` int(20) DEFAULT 0,
  `id_intake` int(20) DEFAULT 0,
  `id_semester` int(20) DEFAULT 0,
  `id_course` int(20) DEFAULT 0,
  `date_time` datetime DEFAULT NULL,
  `status` int(2) DEFAULT NULL,
  `created_by` int(20) DEFAULT NULL,
  `created_dt_tm` datetime DEFAULT current_timestamp(),
  `updated_by` int(20) DEFAULT NULL,
  `updated_dt_tm` datetime DEFAULT current_timestamp()
) ENGINE=InnoDB DEFAULT CHARSET=latin1;

--
-- Dumping data for table `publish_exam_result_date`
--

INSERT INTO `publish_exam_result_date` (`id`, `id_program`, `id_intake`, `id_semester`, `id_course`, `date_time`, `status`, `created_by`, `created_dt_tm`, `updated_by`, `updated_dt_tm`) VALUES
(1, 1, 1, 1, 3, '2020-08-17 00:00:00', 1, 1, '2020-08-16 23:29:58', NULL, '2020-08-16 23:29:58');

-- --------------------------------------------------------

--
-- Table structure for table `qualification_setup`
--

CREATE TABLE `qualification_setup` (
  `id` int(20) NOT NULL,
  `name` varchar(520) DEFAULT '',
  `name_in_malay` varchar(520) DEFAULT '',
  `code` varchar(50) DEFAULT '',
  `status` int(2) DEFAULT NULL,
  `created_by` int(20) DEFAULT NULL,
  `created_dt_tm` datetime DEFAULT current_timestamp(),
  `updated_by` int(20) DEFAULT NULL,
  `updated_dt_tm` datetime DEFAULT current_timestamp()
) ENGINE=InnoDB DEFAULT CHARSET=latin1;

--
-- Dumping data for table `qualification_setup`
--

INSERT INTO `qualification_setup` (`id`, `name`, `name_in_malay`, `code`, `status`, `created_by`, `created_dt_tm`, `updated_by`, `updated_dt_tm`) VALUES
(1, 'Degree', 'Degree', 'Degree', 1, NULL, '2020-07-11 00:59:26', NULL, '2020-07-11 00:59:26');

-- --------------------------------------------------------

--
-- Table structure for table `question`
--

CREATE TABLE `question` (
  `id` int(20) NOT NULL,
  `id_pool` int(20) DEFAULT 0,
  `question` varchar(2048) DEFAULT '',
  `status` int(2) DEFAULT NULL,
  `created_by` int(20) DEFAULT NULL,
  `created_dt_tm` datetime DEFAULT current_timestamp(),
  `updated_by` int(20) DEFAULT NULL,
  `updated_dt_tm` datetime DEFAULT current_timestamp()
) ENGINE=InnoDB DEFAULT CHARSET=latin1;

-- --------------------------------------------------------

--
-- Table structure for table `question_pool`
--

CREATE TABLE `question_pool` (
  `id` int(20) NOT NULL,
  `name` varchar(1024) DEFAULT '',
  `description` varchar(2048) DEFAULT '',
  `status` int(2) DEFAULT NULL,
  `created_by` int(20) DEFAULT NULL,
  `created_dt_tm` datetime DEFAULT current_timestamp(),
  `updated_by` int(20) DEFAULT NULL,
  `updated_dt_tm` datetime DEFAULT current_timestamp()
) ENGINE=InnoDB DEFAULT CHARSET=latin1;

-- --------------------------------------------------------

--
-- Table structure for table `race_setup`
--

CREATE TABLE `race_setup` (
  `id` int(20) NOT NULL,
  `name` varchar(250) DEFAULT '',
  `code` varchar(50) DEFAULT '',
  `status` int(2) DEFAULT NULL,
  `created_by` int(20) DEFAULT NULL,
  `created_dt_tm` datetime DEFAULT current_timestamp(),
  `updated_by` int(20) DEFAULT NULL,
  `updated_dt_tm` datetime DEFAULT current_timestamp()
) ENGINE=InnoDB DEFAULT CHARSET=latin1;

--
-- Dumping data for table `race_setup`
--

INSERT INTO `race_setup` (`id`, `name`, `code`, `status`, `created_by`, `created_dt_tm`, `updated_by`, `updated_dt_tm`) VALUES
(1, 'Malays', '05', 1, NULL, '2020-07-10 23:24:07', NULL, '2020-07-10 23:24:07'),
(2, 'Chinese', '02', 1, NULL, '2020-07-10 23:24:14', NULL, '2020-07-10 23:24:14'),
(3, 'Indian', '03', 1, NULL, '2020-08-27 17:14:35', NULL, '2020-08-27 17:14:35'),
(4, 'jawa', '04', 1, NULL, '2020-08-27 17:15:24', NULL, '2020-08-27 17:15:24'),
(5, 'Asian', '01', 1, NULL, '2020-11-13 09:06:53', NULL, '2020-11-13 09:06:53');

-- --------------------------------------------------------

--
-- Table structure for table `receipt`
--

CREATE TABLE `receipt` (
  `id` int(20) NOT NULL,
  `type` varchar(50) DEFAULT '',
  `receipt_number` varchar(50) DEFAULT '',
  `receipt_amount` float(20,2) DEFAULT NULL,
  `remarks` varchar(520) DEFAULT '',
  `id_program` int(20) DEFAULT 0,
  `id_intake` int(20) DEFAULT 0,
  `id_student` int(20) DEFAULT NULL,
  `id_sponser` int(20) DEFAULT 0,
  `currency` varchar(200) DEFAULT '',
  `receipt_date` date DEFAULT NULL,
  `approval_status` varchar(50) DEFAULT '',
  `status` int(2) DEFAULT NULL,
  `reason` varchar(2048) DEFAULT '',
  `created_by` int(20) DEFAULT NULL,
  `created_dt_tm` datetime DEFAULT current_timestamp(),
  `updated_by` int(20) DEFAULT NULL,
  `updated_dt_tm` datetime DEFAULT current_timestamp()
) ENGINE=InnoDB DEFAULT CHARSET=latin1;

--
-- Dumping data for table `receipt`
--

INSERT INTO `receipt` (`id`, `type`, `receipt_number`, `receipt_amount`, `remarks`, `id_program`, `id_intake`, `id_student`, `id_sponser`, `currency`, `receipt_date`, `approval_status`, `status`, `reason`, `created_by`, `created_dt_tm`, `updated_by`, `updated_dt_tm`) VALUES
(44, 'Applicant', 'REC000002/2021', 220.00, 'Remarks', 10, 3, 127, 0, '1', '2021-01-15', '', 0, '', NULL, '2021-01-15 01:37:55', NULL, '2021-01-15 01:37:55'),
(45, 'Applicant', 'REC000003/2021', 590.00, 'Full Payment Added', 10, 3, 128, 0, '1', '2021-01-15', '', 0, '', NULL, '2021-01-15 01:39:47', NULL, '2021-01-15 01:39:47'),
(46, 'Applicant', 'REC000004/2021', 120.00, 'Applicant Fee Payment', 10, 3, 130, 0, '1', '2021-01-16', '1', 1, '', NULL, '2021-01-15 10:55:56', NULL, '2021-01-15 10:55:56'),
(48, 'Applicant', 'REC000004/2021', 0.00, 'Applicant Fee Payment', 10, 3, 134, 0, '', '2021-01-18', '1', 1, '', NULL, '2021-01-17 10:31:42', NULL, '2021-01-17 10:31:42'),
(49, 'Applicant', 'REC000005/2021', 0.00, 'Applicant Fee Payment', 10, 3, 136, 0, '', '2021-01-18', '1', 1, '', NULL, '2021-01-17 18:25:49', NULL, '2021-01-17 18:25:49'),
(50, 'Applicant', 'REC000006/2021', 0.00, 'Applicant Fee Payment', 10, 3, 136, 0, '', '2021-01-18', '1', 1, '', NULL, '2021-01-17 19:03:32', NULL, '2021-01-17 19:03:32'),
(51, 'Applicant', 'REC000007/2021', 0.00, 'Applicant Fee Payment', 10, 3, 136, 0, '', '2021-01-18', '1', 1, '', NULL, '2021-01-17 19:03:32', NULL, '2021-01-17 19:03:32'),
(52, 'Applicant', 'REC000008/2021', 220.00, 'Applicant Fee Payment', 10, 3, 137, 0, '', '2021-01-18', '1', 1, '', NULL, '2021-01-17 23:14:43', NULL, '2021-01-17 23:14:43'),
(53, 'Applicant', 'REC000009/2021', 0.00, 'Applicant Fee Payment', 10, 3, 137, 0, '', '2021-01-18', '1', 1, '', NULL, '2021-01-17 23:19:01', NULL, '2021-01-17 23:19:01'),
(54, 'Applicant', 'REC000010/2021', 0.00, 'Applicant Fee Payment', 10, 3, 137, 0, '', '2021-01-18', '1', 1, '', NULL, '2021-01-17 23:19:05', NULL, '2021-01-17 23:19:05'),
(55, 'Applicant', 'REC000011/2021', 0.00, 'Applicant Fee Payment', NULL, NULL, 0, 0, '', '2021-01-18', '1', 1, '', NULL, '2021-01-17 23:19:16', NULL, '2021-01-17 23:19:16'),
(56, 'Applicant', 'REC000012/2021', 0.00, 'Applicant Fee Payment', 10, 3, 137, 0, '', '2021-01-18', '1', 1, '', NULL, '2021-01-17 23:19:36', NULL, '2021-01-17 23:19:36'),
(57, 'Applicant', 'REC000013/2021', 0.00, 'Applicant Fee Payment', 10, 3, 137, 0, '', '2021-01-18', '1', 1, '', NULL, '2021-01-17 23:22:08', NULL, '2021-01-17 23:22:08'),
(58, 'Applicant', 'REC000014/2021', 220.00, 'Applicant Fee Payment', 10, 3, 137, 0, '1', '2021-01-18', '1', 1, '', NULL, '2021-01-17 23:22:34', NULL, '2021-01-17 23:22:34'),
(59, 'Applicant', 'REC000015/2021', 220.00, 'Applicant Fee Payment', 10, 3, 137, 0, '1', '2021-01-18', '1', 1, '', NULL, '2021-01-17 23:23:23', NULL, '2021-01-17 23:23:23');

-- --------------------------------------------------------

--
-- Table structure for table `receipt_details`
--

CREATE TABLE `receipt_details` (
  `id` int(20) NOT NULL,
  `id_receipt` int(10) DEFAULT NULL,
  `id_main_invoice` int(10) DEFAULT NULL,
  `invoice_amount` float DEFAULT NULL,
  `paid_amount` float DEFAULT NULL,
  `approval_status` int(10) DEFAULT NULL,
  `status` int(2) DEFAULT NULL,
  `created_by` int(20) DEFAULT NULL,
  `created_dt_tm` datetime DEFAULT current_timestamp(),
  `updated_by` int(20) DEFAULT NULL,
  `updated_dt_tm` datetime DEFAULT current_timestamp()
) ENGINE=InnoDB DEFAULT CHARSET=latin1;

--
-- Dumping data for table `receipt_details`
--

INSERT INTO `receipt_details` (`id`, `id_receipt`, `id_main_invoice`, `invoice_amount`, `paid_amount`, `approval_status`, `status`, `created_by`, `created_dt_tm`, `updated_by`, `updated_dt_tm`) VALUES
(33, 35, 52, 20000, 20000, 1, NULL, NULL, '2020-12-25 12:04:52', NULL, '2020-12-25 12:04:52'),
(34, 36, 53, 200, 200, 1, NULL, NULL, '2020-12-25 12:07:39', NULL, '2020-12-25 12:07:39'),
(35, 37, 54, 290, 290, 1, NULL, NULL, '2020-12-25 12:10:18', NULL, '2020-12-25 12:10:18'),
(36, 38, 61, 1900, 1900, 1, NULL, NULL, '2021-01-13 03:24:52', NULL, '2021-01-13 03:24:52'),
(37, 39, 63, 590, 590, 1, NULL, NULL, '2021-01-14 22:03:54', NULL, '2021-01-14 22:03:54'),
(38, 40, NULL, NULL, NULL, 1, NULL, NULL, '2021-01-15 00:58:11', NULL, '2021-01-15 00:58:11'),
(39, 41, NULL, NULL, NULL, 1, NULL, NULL, '2021-01-15 00:58:58', NULL, '2021-01-15 00:58:58'),
(40, 42, NULL, NULL, NULL, 1, NULL, NULL, '2021-01-15 01:29:14', NULL, '2021-01-15 01:29:14'),
(41, 44, 66, 0, 220, NULL, 1, 1, '2021-01-15 01:37:55', NULL, '2021-01-15 01:37:55'),
(42, 45, 65, 0, 590, NULL, 1, 1, '2021-01-15 01:39:47', NULL, '2021-01-15 01:39:47'),
(43, 46, 68, 120, 120, 1, NULL, NULL, '2021-01-15 10:55:56', NULL, '2021-01-15 10:55:56'),
(44, 47, 68, 0, 0, 1, NULL, NULL, '2021-01-15 10:58:57', NULL, '2021-01-15 10:58:57'),
(45, 48, 0, 0, 0, 1, NULL, NULL, '2021-01-17 10:31:42', NULL, '2021-01-17 10:31:42'),
(46, 49, 0, 0, 0, 1, NULL, NULL, '2021-01-17 18:25:49', NULL, '2021-01-17 18:25:49'),
(47, 50, 0, 0, 0, 1, NULL, NULL, '2021-01-17 19:03:32', NULL, '2021-01-17 19:03:32'),
(48, 51, 0, 0, 0, 1, NULL, NULL, '2021-01-17 19:03:32', NULL, '2021-01-17 19:03:32'),
(49, 52, 69, 220, 220, 1, NULL, NULL, '2021-01-17 23:14:43', NULL, '2021-01-17 23:14:43'),
(50, 53, 69, 0, 0, 1, NULL, NULL, '2021-01-17 23:19:01', NULL, '2021-01-17 23:19:01'),
(51, 54, 69, 0, 0, 1, NULL, NULL, '2021-01-17 23:19:05', NULL, '2021-01-17 23:19:05'),
(52, 55, 0, 0, 0, 1, NULL, NULL, '2021-01-17 23:19:16', NULL, '2021-01-17 23:19:16'),
(53, 56, 69, 0, 0, 1, NULL, NULL, '2021-01-17 23:19:36', NULL, '2021-01-17 23:19:36'),
(54, 57, 69, 0, 0, 1, NULL, NULL, '2021-01-17 23:22:08', NULL, '2021-01-17 23:22:08'),
(55, 58, 76, 220, 220, 1, NULL, NULL, '2021-01-17 23:22:34', NULL, '2021-01-17 23:22:34'),
(56, 59, 76, 220, 220, 1, NULL, NULL, '2021-01-17 23:23:23', NULL, '2021-01-17 23:23:23');

-- --------------------------------------------------------

--
-- Table structure for table `receipt_paid_details`
--

CREATE TABLE `receipt_paid_details` (
  `id` int(20) NOT NULL,
  `id_receipt` int(10) DEFAULT NULL,
  `id_payment_type` varchar(20) DEFAULT '',
  `payment_reference_number` varchar(50) DEFAULT '',
  `paid_amount` float(20,2) DEFAULT NULL,
  `approval_status` int(10) DEFAULT NULL,
  `status` int(2) DEFAULT NULL,
  `created_by` int(20) DEFAULT NULL,
  `created_dt_tm` datetime DEFAULT current_timestamp(),
  `updated_by` int(20) DEFAULT NULL,
  `updated_dt_tm` datetime DEFAULT current_timestamp()
) ENGINE=InnoDB DEFAULT CHARSET=latin1;

--
-- Dumping data for table `receipt_paid_details`
--

INSERT INTO `receipt_paid_details` (`id`, `id_receipt`, `id_payment_type`, `payment_reference_number`, `paid_amount`, `approval_status`, `status`, `created_by`, `created_dt_tm`, `updated_by`, `updated_dt_tm`) VALUES
(35, 35, 'CASH', 'CASH', 20000.00, 1, 1, NULL, '2020-12-25 12:04:52', NULL, '2020-12-25 12:04:52'),
(36, 36, 'CASH', 'CASH', 200.00, 1, 1, NULL, '2020-12-25 12:07:39', NULL, '2020-12-25 12:07:39'),
(37, 37, 'CASH', 'CASH', 290.00, 1, 1, NULL, '2020-12-25 12:10:18', NULL, '2020-12-25 12:10:18'),
(38, 38, 'CASH', 'CASH', 1900.00, 1, 1, NULL, '2021-01-13 03:24:52', NULL, '2021-01-13 03:24:52'),
(39, 39, 'CASH', 'CASH', 590.00, 1, 1, NULL, '2021-01-14 22:03:54', NULL, '2021-01-14 22:03:54'),
(40, 40, 'CASH', 'CASH', NULL, 1, 1, NULL, '2021-01-15 00:58:11', NULL, '2021-01-15 00:58:11'),
(41, 41, 'CASH', 'CASH', NULL, 1, 1, NULL, '2021-01-15 00:58:58', NULL, '2021-01-15 00:58:58'),
(42, 42, 'CASH', 'CASH', NULL, 1, 1, NULL, '2021-01-15 01:29:14', NULL, '2021-01-15 01:29:14'),
(43, 43, 'Cash', 'REFERE', 220.00, NULL, 1, 1, '2021-01-15 01:35:50', NULL, '2021-01-15 01:35:50'),
(44, 44, 'Cash', 'REFERE', 220.00, NULL, 1, 1, '2021-01-15 01:37:55', NULL, '2021-01-15 01:37:55'),
(45, 45, 'Cash', 'REFERE', 590.00, NULL, 1, 1, '2021-01-15 01:39:47', NULL, '2021-01-15 01:39:47'),
(46, 46, 'CASH', 'CASH', 120.00, 1, 1, NULL, '2021-01-15 10:55:56', NULL, '2021-01-15 10:55:56'),
(47, 47, 'CASH', 'CASH', 0.00, 1, 1, NULL, '2021-01-15 10:58:57', NULL, '2021-01-15 10:58:57'),
(48, 48, 'CASH', 'CASH', 0.00, 1, 1, NULL, '2021-01-17 10:31:42', NULL, '2021-01-17 10:31:42'),
(49, 49, 'CASH', 'CASH', 0.00, 1, 1, NULL, '2021-01-17 18:25:49', NULL, '2021-01-17 18:25:49'),
(50, 50, 'CASH', 'CASH', 0.00, 1, 1, NULL, '2021-01-17 19:03:32', NULL, '2021-01-17 19:03:32'),
(51, 51, 'CASH', 'CASH', 0.00, 1, 1, NULL, '2021-01-17 19:03:32', NULL, '2021-01-17 19:03:32'),
(52, 52, 'CASH', 'CASH', 220.00, 1, 1, NULL, '2021-01-17 23:14:43', NULL, '2021-01-17 23:14:43'),
(53, 53, 'CASH', 'CASH', 0.00, 1, 1, NULL, '2021-01-17 23:19:01', NULL, '2021-01-17 23:19:01'),
(54, 54, 'CASH', 'CASH', 0.00, 1, 1, NULL, '2021-01-17 23:19:05', NULL, '2021-01-17 23:19:05'),
(55, 55, 'CASH', 'CASH', 0.00, 1, 1, NULL, '2021-01-17 23:19:16', NULL, '2021-01-17 23:19:16'),
(56, 56, 'CASH', 'CASH', 0.00, 1, 1, NULL, '2021-01-17 23:19:36', NULL, '2021-01-17 23:19:36'),
(57, 57, 'CASH', 'CASH', 0.00, 1, 1, NULL, '2021-01-17 23:22:08', NULL, '2021-01-17 23:22:08'),
(58, 58, 'CASH', 'CASH', 220.00, 1, 1, NULL, '2021-01-17 23:22:34', NULL, '2021-01-17 23:22:34'),
(59, 59, 'CASH', 'CASH', 220.00, 1, 1, NULL, '2021-01-17 23:23:23', NULL, '2021-01-17 23:23:23');

-- --------------------------------------------------------

--
-- Table structure for table `release`
--

CREATE TABLE `release` (
  `id` int(20) NOT NULL,
  `id_student` int(20) DEFAULT NULL,
  `id_barring_type` int(20) DEFAULT NULL,
  `id_semester` int(20) DEFAULT NULL,
  `reason` varchar(580) DEFAULT '',
  `release_date` datetime DEFAULT current_timestamp(),
  `status` int(2) DEFAULT 1,
  `created_by` int(20) DEFAULT NULL,
  `created_dt_tm` datetime DEFAULT current_timestamp(),
  `updated_by` int(20) DEFAULT NULL,
  `updated_dt_tm` datetime DEFAULT current_timestamp()
) ENGINE=InnoDB DEFAULT CHARSET=latin1;

--
-- Dumping data for table `release`
--

INSERT INTO `release` (`id`, `id_student`, `id_barring_type`, `id_semester`, `reason`, `release_date`, `status`, `created_by`, `created_dt_tm`, `updated_by`, `updated_dt_tm`) VALUES
(1, 6, 1, 1, 'Rebacked From Barring', '2020-08-10 00:00:00', 1, 1, '2020-08-10 13:53:03', NULL, '2020-08-10 13:53:03'),
(2, 7, 1, 1, 'Released By Giving Excuse', '2020-08-18 00:00:00', 1, 1, '2020-08-10 14:37:50', NULL, '2020-08-10 14:37:50');

-- --------------------------------------------------------

--
-- Table structure for table `religion_setup`
--

CREATE TABLE `religion_setup` (
  `id` int(20) NOT NULL,
  `name` varchar(250) DEFAULT '',
  `code` varchar(50) DEFAULT '',
  `status` int(2) DEFAULT NULL,
  `created_by` int(20) DEFAULT NULL,
  `created_dt_tm` datetime DEFAULT current_timestamp(),
  `updated_by` int(20) DEFAULT NULL,
  `updated_dt_tm` datetime DEFAULT current_timestamp()
) ENGINE=InnoDB DEFAULT CHARSET=latin1;

--
-- Dumping data for table `religion_setup`
--

INSERT INTO `religion_setup` (`id`, `name`, `code`, `status`, `created_by`, `created_dt_tm`, `updated_by`, `updated_dt_tm`) VALUES
(1, 'Islam', 'ISLAM', 1, NULL, '2020-07-10 23:24:44', NULL, '2020-07-10 23:24:44'),
(2, 'Buddhism', 'Buddhism', 1, NULL, '2020-07-10 23:24:56', NULL, '2020-07-10 23:24:56'),
(3, 'Hindu', 'Hindu', 1, NULL, '2020-11-13 09:10:41', NULL, '2020-11-13 09:10:41'),
(4, 'Atheists', 'Atheists', 1, NULL, '2021-01-14 20:04:02', NULL, '2021-01-14 20:04:02'),
(5, 'Agnostics', 'Agnostics', 1, NULL, '2021-01-14 20:05:17', NULL, '2021-01-14 20:05:17'),
(6, 'Bahais', 'Bahais', 1, NULL, '2021-01-14 20:05:17', NULL, '2021-01-14 20:05:17'),
(7, 'Buddhists', 'Buddhists', 1, NULL, '2021-01-14 20:05:17', NULL, '2021-01-14 20:05:17'),
(8, 'Chinese folk-religionists', 'Chinese folk-religionists', 1, NULL, '2021-01-14 20:05:17', NULL, '2021-01-14 20:05:17'),
(9, 'Christians', 'Christians', 1, NULL, '2021-01-14 20:05:17', NULL, '2021-01-14 20:05:17'),
(10, 'Confucianists', 'Confucianists', 1, NULL, '2021-01-14 20:05:17', NULL, '2021-01-14 20:05:17'),
(11, 'Daoists', 'Daoists', 1, NULL, '2021-01-14 20:05:17', NULL, '2021-01-14 20:05:17'),
(12, 'Hindus', 'Hindus', 1, NULL, '2021-01-14 20:05:17', NULL, '2021-01-14 20:05:17'),
(13, 'Jains', 'Jains', 1, NULL, '2021-01-14 20:05:17', NULL, '2021-01-14 20:05:17'),
(14, 'Shintoists', 'Shintoists', 1, NULL, '2021-01-14 20:06:34', NULL, '2021-01-14 20:06:34'),
(15, 'Spiritists', 'Spiritists', 1, NULL, '2021-01-14 20:06:34', NULL, '2021-01-14 20:06:34'),
(16, 'Sikhs', 'Sikhs', 1, NULL, '2021-01-14 20:06:34', NULL, '2021-01-14 20:06:34'),
(17, 'Zoroastrians', 'Zoroastrians', 1, NULL, '2021-01-14 20:06:34', NULL, '2021-01-14 20:06:34');

-- --------------------------------------------------------

--
-- Table structure for table `research_abstract`
--

CREATE TABLE `research_abstract` (
  `id` bigint(20) NOT NULL,
  `id_student` bigint(20) NOT NULL,
  `id_supervisor` bigint(20) NOT NULL,
  `upload_file` varchar(512) DEFAULT '',
  `description` varchar(2048) DEFAULT '',
  `approved_on` varchar(200) DEFAULT '',
  `status` int(2) DEFAULT 1,
  `created_by` int(20) DEFAULT NULL,
  `created_dt_tm` datetime DEFAULT current_timestamp(),
  `updated_by` int(20) DEFAULT NULL,
  `updated_dt_tm` datetime DEFAULT current_timestamp()
) ENGINE=InnoDB DEFAULT CHARSET=utf8;

--
-- Dumping data for table `research_abstract`
--

INSERT INTO `research_abstract` (`id`, `id_student`, `id_supervisor`, `upload_file`, `description`, `approved_on`, `status`, `created_by`, `created_dt_tm`, `updated_by`, `updated_dt_tm`) VALUES
(1, 51, 4, 'f29b6ece90e68982448e7d02f599b5a8.png', '<h3><s><em><strong> Research Abstract Reporting</strong></em></s></h3>\r\n', '', 1, NULL, '2020-12-15 11:24:44', NULL, '2020-12-15 11:24:44');

-- --------------------------------------------------------

--
-- Table structure for table `research_advisor`
--

CREATE TABLE `research_advisor` (
  `id` int(20) NOT NULL,
  `type` int(2) DEFAULT 0,
  `salutation` varchar(500) DEFAULT '',
  `id_specialisation` int(20) DEFAULT 0,
  `first_name` varchar(1024) DEFAULT '',
  `last_name` varchar(1024) DEFAULT '',
  `start_date` varchar(500) DEFAULT '',
  `end_date` varchar(500) DEFAULT '',
  `id_staff` int(20) DEFAULT 0,
  `full_name` varchar(1024) DEFAULT '',
  `email` varchar(1024) DEFAULT '',
  `password` varchar(1024) DEFAULT '',
  `contact_no` varchar(50) DEFAULT '',
  `address` varchar(1024) DEFAULT '',
  `status` int(2) DEFAULT NULL,
  `created_by` int(20) DEFAULT NULL,
  `created_dt_tm` datetime DEFAULT current_timestamp(),
  `updated_by` int(20) DEFAULT NULL,
  `updated_dt_tm` datetime DEFAULT current_timestamp()
) ENGINE=InnoDB DEFAULT CHARSET=latin1;

--
-- Dumping data for table `research_advisor`
--

INSERT INTO `research_advisor` (`id`, `type`, `salutation`, `id_specialisation`, `first_name`, `last_name`, `start_date`, `end_date`, `id_staff`, `full_name`, `email`, `password`, `contact_no`, `address`, `status`, `created_by`, `created_dt_tm`, `updated_by`, `updated_dt_tm`) VALUES
(1, 1, '', 0, '', '', '2020-11-03', '', 3, 'DR. Shinchan Noahara', 'int-adv1@cms.com', '202cb962ac59075b964b07152d234b70', '0', '', 1, NULL, '2020-11-22 05:13:23', NULL, '2020-11-22 05:13:23');

-- --------------------------------------------------------

--
-- Table structure for table `research_advisory`
--

CREATE TABLE `research_advisory` (
  `id` int(20) NOT NULL,
  `name` varchar(2048) DEFAULT '',
  `email` varchar(2048) DEFAULT '',
  `course` varchar(2048) DEFAULT '',
  `status` int(2) DEFAULT 1,
  `created_by` int(20) DEFAULT NULL,
  `created_dt_tm` datetime DEFAULT current_timestamp(),
  `updated_by` int(20) DEFAULT NULL,
  `updated_dt_tm` datetime DEFAULT current_timestamp()
) ENGINE=InnoDB DEFAULT CHARSET=latin1;

--
-- Dumping data for table `research_advisory`
--

INSERT INTO `research_advisory` (`id`, `name`, `email`, `course`, `status`, `created_by`, `created_dt_tm`, `updated_by`, `updated_dt_tm`) VALUES
(1, 'PostGraduation Board 1', 'adb@cms.comn', '', 1, NULL, '2020-10-16 13:39:57', NULL, '2020-10-16 13:39:57'),
(2, 'Comitee Phd Unit', 'unitphd@cms.com', '', 1, NULL, '2020-10-16 22:01:42', NULL, '2020-10-16 22:01:42');

-- --------------------------------------------------------

--
-- Table structure for table `research_articleship`
--

CREATE TABLE `research_articleship` (
  `id` int(20) NOT NULL,
  `id_student` int(2) DEFAULT 0,
  `id_semester` int(20) DEFAULT NULL,
  `start_date` varchar(200) DEFAULT '',
  `end_date` varchar(200) DEFAULT '',
  `assistance` int(2) DEFAULT 0,
  `company_name` varchar(1024) DEFAULT '',
  `designation` varchar(512) DEFAULT '',
  `contact_person` varchar(1024) DEFAULT '',
  `address` varchar(1024) DEFAULT '',
  `id_country` int(20) DEFAULT 0,
  `id_state` int(20) DEFAULT 0,
  `city` varchar(1024) DEFAULT '',
  `zipcode` int(20) DEFAULT 0,
  `email` varchar(1024) DEFAULT '',
  `phone_number` int(20) DEFAULT 0,
  `fax` int(20) DEFAULT 0,
  `is_employee` int(2) DEFAULT 0,
  `year_of_service` varchar(200) DEFAULT '',
  `status` int(2) DEFAULT 0,
  `reason` varchar(10240) DEFAULT '',
  `created_by` int(20) DEFAULT NULL,
  `created_dt_tm` datetime DEFAULT current_timestamp(),
  `updated_by` int(20) DEFAULT NULL,
  `updated_dt_tm` datetime DEFAULT current_timestamp()
) ENGINE=InnoDB DEFAULT CHARSET=latin1;

--
-- Dumping data for table `research_articleship`
--

INSERT INTO `research_articleship` (`id`, `id_student`, `id_semester`, `start_date`, `end_date`, `assistance`, `company_name`, `designation`, `contact_person`, `address`, `id_country`, `id_state`, `city`, `zipcode`, `email`, `phone_number`, `fax`, `is_employee`, `year_of_service`, `status`, `reason`, `created_by`, `created_dt_tm`, `updated_by`, `updated_dt_tm`) VALUES
(1, 16, 4, '2020-09-01', '2020-09-30', 0, 'MG Startegics', 'Trainee', 'Rehaman', 'KL', 110, 1, 'KL', 212102, 'mg@connect.com', 898989, 2121212, 0, '', 0, '', 1, '2020-09-05 16:41:15', NULL, '2020-09-05 16:41:15');

-- --------------------------------------------------------

--
-- Table structure for table `research_articleship_has_examiner`
--

CREATE TABLE `research_articleship_has_examiner` (
  `id` int(20) NOT NULL,
  `id_articleship` int(20) DEFAULT 0,
  `id_examiner_role` int(20) DEFAULT 0,
  `id_examiner` int(20) DEFAULT 0,
  `status` int(2) DEFAULT 1,
  `created_by` int(20) DEFAULT NULL,
  `created_dt_tm` datetime DEFAULT current_timestamp(),
  `updated_by` int(20) DEFAULT NULL,
  `updated_dt_tm` datetime DEFAULT current_timestamp()
) ENGINE=InnoDB DEFAULT CHARSET=latin1;

--
-- Dumping data for table `research_articleship_has_examiner`
--

INSERT INTO `research_articleship_has_examiner` (`id`, `id_articleship`, `id_examiner_role`, `id_examiner`, `status`, `created_by`, `created_dt_tm`, `updated_by`, `updated_dt_tm`) VALUES
(1, 1, 1, 1, 1, NULL, '2020-09-05 16:41:13', NULL, '2020-09-05 16:41:13');

-- --------------------------------------------------------

--
-- Table structure for table `research_articleship_has_supervisors`
--

CREATE TABLE `research_articleship_has_supervisors` (
  `id` int(20) NOT NULL,
  `id_articleship` int(20) DEFAULT 0,
  `id_staff_role` int(20) DEFAULT 0,
  `id_staff` int(20) DEFAULT 0,
  `status` int(2) DEFAULT 1,
  `created_by` int(20) DEFAULT NULL,
  `created_dt_tm` datetime DEFAULT current_timestamp(),
  `updated_by` int(20) DEFAULT NULL,
  `updated_dt_tm` datetime DEFAULT current_timestamp()
) ENGINE=InnoDB DEFAULT CHARSET=latin1;

--
-- Dumping data for table `research_articleship_has_supervisors`
--

INSERT INTO `research_articleship_has_supervisors` (`id`, `id_articleship`, `id_staff_role`, `id_staff`, `status`, `created_by`, `created_dt_tm`, `updated_by`, `updated_dt_tm`) VALUES
(1, 1, 1, 2, 1, NULL, '2020-09-05 16:41:06', NULL, '2020-09-05 16:41:06');

-- --------------------------------------------------------

--
-- Table structure for table `research_bound`
--

CREATE TABLE `research_bound` (
  `id` bigint(20) NOT NULL,
  `id_student` bigint(20) NOT NULL,
  `id_supervisor` bigint(20) NOT NULL,
  `description` varchar(2048) DEFAULT '',
  `upload_file` varchar(512) DEFAULT '',
  `upload_file2` varchar(512) DEFAULT '',
  `upload_file3` varchar(512) DEFAULT '',
  `upload_file4` varchar(512) DEFAULT '',
  `upload_file5` varchar(512) DEFAULT '',
  `approved_on` varchar(200) DEFAULT '',
  `status` int(2) DEFAULT 1,
  `created_by` int(20) DEFAULT NULL,
  `created_dt_tm` datetime DEFAULT current_timestamp(),
  `updated_by` int(20) DEFAULT NULL,
  `updated_dt_tm` datetime DEFAULT current_timestamp()
) ENGINE=InnoDB DEFAULT CHARSET=utf8;

--
-- Dumping data for table `research_bound`
--

INSERT INTO `research_bound` (`id`, `id_student`, `id_supervisor`, `description`, `upload_file`, `upload_file2`, `upload_file3`, `upload_file4`, `upload_file5`, `approved_on`, `status`, `created_by`, `created_dt_tm`, `updated_by`, `updated_dt_tm`) VALUES
(1, 33, 4, '<p>5 Copies Of Hard Bound Submission</p>\r\n', '1fb64bfed4268d30feeddda988225458.png', 'e51188d2fa509367b9a32cf2f7906366.png', '0d099e64ea3c730be3d05230dc87102f.png', 'b1b052e998127086c31cc20cbacb410f.png', 'e3a764e4f606f6cfd008ea506600878e.jpg', '', 1, NULL, '2020-12-11 20:38:14', NULL, '2020-12-11 20:38:14'),
(2, 49, 5, '<p><em><strong>Adding A Data</strong></em></p>\r\n\r\n<p> </p>\r\n\r\n<p><em><strong>í</strong></em></p>\r\n', '2b788b6dab9e6d40d5a67be1a956e130.jpeg', '4569c175aec7d6dddbe97e7b289c7219.png', 'b825ca8d104cfc11fa5154af6d4fc106.png', '8bef2d8ee42280f46fa6e474fe243c75.png', 'df5f499011456268be89780a740c600e.jpg', '', 1, NULL, '2020-12-12 12:06:14', NULL, '2020-12-12 12:06:14'),
(3, 51, 4, '<h3><s><em><strong>5 copies of hard bound Submission</strong></em></s></h3>\r\n', 'cb16d3ae8af2f80a915fd4337c4210ba.png', '9ea72e0be748cd5b104a0b5b323664fc.jpg', '0658d80bffbfe9d24776283f1a69a183.png', '4d7a8ac1f890ce55803a037067b1ad48.png', 'cfdeecfc9fd66fc699cb38663fb6d83a.png', '', 1, NULL, '2020-12-15 11:26:04', NULL, '2020-12-15 11:26:04');

-- --------------------------------------------------------

--
-- Table structure for table `research_category_has_supervisors`
--

CREATE TABLE `research_category_has_supervisors` (
  `id` int(20) NOT NULL,
  `id_category` int(20) DEFAULT 0,
  `id_staff` int(20) DEFAULT 0,
  `status` int(2) DEFAULT 1,
  `created_by` int(20) DEFAULT NULL,
  `created_dt_tm` datetime DEFAULT current_timestamp(),
  `updated_by` int(20) DEFAULT NULL,
  `updated_dt_tm` datetime DEFAULT current_timestamp()
) ENGINE=InnoDB DEFAULT CHARSET=latin1;

--
-- Dumping data for table `research_category_has_supervisors`
--

INSERT INTO `research_category_has_supervisors` (`id`, `id_category`, `id_staff`, `status`, `created_by`, `created_dt_tm`, `updated_by`, `updated_dt_tm`) VALUES
(1, 2, 2, 1, NULL, '2020-09-04 13:40:29', NULL, '2020-09-04 13:40:29'),
(2, 2, 3, 1, NULL, '2020-12-01 01:05:17', NULL, '2020-12-01 01:05:17'),
(3, 3, 3, 1, NULL, '2020-12-01 01:30:14', NULL, '2020-12-01 01:30:14'),
(4, 4, 2, 1, NULL, '2020-12-01 01:55:19', NULL, '2020-12-01 01:55:19'),
(5, 5, 2, 1, NULL, '2020-12-01 01:55:59', NULL, '2020-12-01 01:55:59');

-- --------------------------------------------------------

--
-- Table structure for table `research_chapter`
--

CREATE TABLE `research_chapter` (
  `id` int(20) NOT NULL,
  `name` varchar(2048) DEFAULT '',
  `code` varchar(2048) DEFAULT '',
  `status` int(2) DEFAULT 1,
  `created_by` int(20) DEFAULT NULL,
  `created_dt_tm` datetime DEFAULT current_timestamp(),
  `updated_by` int(20) DEFAULT NULL,
  `updated_dt_tm` datetime DEFAULT current_timestamp()
) ENGINE=InnoDB DEFAULT CHARSET=latin1;

--
-- Dumping data for table `research_chapter`
--

INSERT INTO `research_chapter` (`id`, `name`, `code`, `status`, `created_by`, `created_dt_tm`, `updated_by`, `updated_dt_tm`) VALUES
(1, 'Ethics On Performance', '', 1, NULL, '2020-10-16 22:17:20', NULL, '2020-10-16 22:17:20'),
(2, 'Chapter Nineteen', '', 1, NULL, '2020-10-18 13:04:12', NULL, '2020-10-18 13:04:12');

-- --------------------------------------------------------

--
-- Table structure for table `research_colloquium`
--

CREATE TABLE `research_colloquium` (
  `id` int(20) NOT NULL,
  `name` varchar(1024) DEFAULT '',
  `description` varchar(10240) DEFAULT '',
  `url` varchar(1024) DEFAULT '',
  `date_time` datetime DEFAULT NULL,
  `to_date` datetime DEFAULT NULL,
  `mode` int(20) DEFAULT 0,
  `attendance` int(20) DEFAULT 0,
  `is_attendance` int(20) DEFAULT 0,
  `registration_start_date` datetime DEFAULT NULL,
  `registration_end_date` datetime DEFAULT NULL,
  `status` int(2) DEFAULT NULL,
  `created_by` int(20) DEFAULT NULL,
  `created_dt_tm` datetime DEFAULT current_timestamp(),
  `updated_by` int(20) DEFAULT NULL,
  `updated_dt_tm` datetime DEFAULT current_timestamp()
) ENGINE=InnoDB DEFAULT CHARSET=latin1;

--
-- Dumping data for table `research_colloquium`
--

INSERT INTO `research_colloquium` (`id`, `name`, `description`, `url`, `date_time`, `to_date`, `mode`, `attendance`, `is_attendance`, `registration_start_date`, `registration_end_date`, `status`, `created_by`, `created_dt_tm`, `updated_by`, `updated_dt_tm`) VALUES
(1, 'Collaquium One', 'One', 'www.camsedu.com', '2019-09-11 00:00:00', '2020-09-18 00:00:00', 1, 1, 0, '2020-11-02 00:00:00', '2020-11-12 00:00:00', 1, NULL, '2020-09-04 14:01:35', NULL, '2020-09-04 14:01:35');

-- --------------------------------------------------------

--
-- Table structure for table `research_colloquium_details`
--

CREATE TABLE `research_colloquium_details` (
  `id` int(20) NOT NULL,
  `id_colloquium` int(20) DEFAULT 0,
  `id_programme` int(20) DEFAULT 0,
  `id_intake` int(20) DEFAULT 0,
  `status` int(2) DEFAULT 1,
  `created_by` int(20) DEFAULT NULL,
  `created_dt_tm` datetime DEFAULT current_timestamp(),
  `updated_by` int(20) DEFAULT NULL,
  `updated_dt_tm` datetime DEFAULT current_timestamp()
) ENGINE=InnoDB DEFAULT CHARSET=latin1;

--
-- Dumping data for table `research_colloquium_details`
--

INSERT INTO `research_colloquium_details` (`id`, `id_colloquium`, `id_programme`, `id_intake`, `status`, `created_by`, `created_dt_tm`, `updated_by`, `updated_dt_tm`) VALUES
(1, 1, 4, 1, 1, NULL, '2020-11-23 11:10:23', NULL, '2020-11-23 11:10:23'),
(2, 1, 4, 2, 1, NULL, '2020-11-23 11:10:33', NULL, '2020-11-23 11:10:33');

-- --------------------------------------------------------

--
-- Table structure for table `research_colloquium_student_interest`
--

CREATE TABLE `research_colloquium_student_interest` (
  `id` int(20) NOT NULL,
  `id_colloquium` int(20) DEFAULT 0,
  `id_student` int(20) DEFAULT 0,
  `by_student` int(20) DEFAULT 0,
  `date_time` datetime DEFAULT NULL,
  `attenence_type` varchar(512) DEFAULT '',
  `is_attended` int(20) DEFAULT 0,
  `comments` varchar(10240) DEFAULT '',
  `status` int(2) DEFAULT 1,
  `created_by` int(20) DEFAULT NULL,
  `created_dt_tm` datetime DEFAULT current_timestamp(),
  `updated_by` int(20) DEFAULT NULL,
  `updated_dt_tm` datetime DEFAULT current_timestamp()
) ENGINE=InnoDB DEFAULT CHARSET=latin1;

-- --------------------------------------------------------

--
-- Table structure for table `research_commitee_student_interest`
--

CREATE TABLE `research_commitee_student_interest` (
  `id` int(20) NOT NULL,
  `id_comitee` int(20) DEFAULT 0,
  `id_student` int(20) DEFAULT 0,
  `id_research_status` int(20) DEFAULT 0,
  `by_student` int(20) DEFAULT 0,
  `date_time` datetime DEFAULT NULL,
  `status` int(2) DEFAULT 1,
  `created_by` int(20) DEFAULT NULL,
  `created_dt_tm` datetime DEFAULT current_timestamp(),
  `updated_by` int(20) DEFAULT NULL,
  `updated_dt_tm` datetime DEFAULT current_timestamp()
) ENGINE=InnoDB DEFAULT CHARSET=latin1;

-- --------------------------------------------------------

--
-- Table structure for table `research_deliverables`
--

CREATE TABLE `research_deliverables` (
  `id` int(20) NOT NULL,
  `id_phd_duration` int(20) DEFAULT 0,
  `id_chapter` int(20) DEFAULT 0,
  `topic` varchar(2048) DEFAULT '',
  `status` int(2) DEFAULT 1,
  `created_by` int(20) DEFAULT NULL,
  `created_dt_tm` datetime DEFAULT current_timestamp(),
  `updated_by` int(20) DEFAULT NULL,
  `updated_dt_tm` datetime DEFAULT current_timestamp()
) ENGINE=InnoDB DEFAULT CHARSET=latin1;

--
-- Dumping data for table `research_deliverables`
--

INSERT INTO `research_deliverables` (`id`, `id_phd_duration`, `id_chapter`, `topic`, `status`, `created_by`, `created_dt_tm`, `updated_by`, `updated_dt_tm`) VALUES
(1, 1, 1, 'Thesis On ParaDegim', 1, NULL, '2020-10-16 22:17:49', NULL, '2020-10-16 22:17:49'),
(2, 2, 1, 'Digital COntent Partnering', 1, NULL, '2020-10-18 13:03:44', NULL, '2020-10-18 13:03:44'),
(3, 2, 1, 'Triphochoidal Tale', 1, NULL, '2020-10-18 13:06:20', NULL, '2020-10-18 13:06:20');

-- --------------------------------------------------------

--
-- Table structure for table `research_deliverables_student`
--

CREATE TABLE `research_deliverables_student` (
  `id` bigint(20) NOT NULL,
  `application_number` varchar(200) DEFAULT '',
  `stage` int(20) DEFAULT 0,
  `description` varchar(2048) DEFAULT '',
  `id_supervisor` bigint(20) NOT NULL,
  `id_student` bigint(20) NOT NULL,
  `id_phd_duration` int(20) DEFAULT 0,
  `id_chapter` int(20) DEFAULT 0,
  `id_topic` varchar(2048) DEFAULT '',
  `upload_file` varchar(512) DEFAULT '',
  `reason` varchar(2048) DEFAULT '',
  `approved_on` varchar(200) DEFAULT '',
  `status` int(2) DEFAULT 1,
  `created_by` int(20) DEFAULT NULL,
  `created_dt_tm` datetime DEFAULT current_timestamp(),
  `updated_by` int(20) DEFAULT NULL,
  `updated_dt_tm` datetime DEFAULT current_timestamp()
) ENGINE=InnoDB DEFAULT CHARSET=utf8;

--
-- Dumping data for table `research_deliverables_student`
--

INSERT INTO `research_deliverables_student` (`id`, `application_number`, `stage`, `description`, `id_supervisor`, `id_student`, `id_phd_duration`, `id_chapter`, `id_topic`, `upload_file`, `reason`, `approved_on`, `status`, `created_by`, `created_dt_tm`, `updated_by`, `updated_dt_tm`) VALUES
(1, 'DEL000001/2020', 0, '<p>Added New Aplication</p>\r\n', 4, 28, 1, 1, '1', '', 'Approved Reason', '2020-10-18', 1, NULL, '2020-10-17 21:31:22', NULL, '2020-10-17 21:31:22'),
(2, 'DEL000002/2020', 0, '<p><strong>This is Like A Description</strong></p>\r\n\r\n<p> </p>\r\n', 5, 29, 2, 1, '3', '', 'Approved', '2020-10-19', 1, NULL, '2020-10-18 13:08:47', NULL, '2020-10-18 13:08:47'),
(3, 'DEL000003/2020', 0, '<p>Submission Of Thesis Papers Are Copyrighted</p>\r\n', 5, 30, 1, 1, '1', '', '', '', 0, NULL, '2020-10-27 07:34:00', NULL, '2020-10-27 07:34:00'),
(4, 'DEL000004/2020', 0, '<p>Paper Submission DOne</p>\r\n', 5, 30, 1, 1, '1', '', 'Approved Topics Selected', '2020-10-27', 1, NULL, '2020-10-27 07:34:25', NULL, '2020-10-27 07:34:25'),
(5, 'DEL000005/2020', 0, '<p>Hello,<br>\r\n<br>\r\nI Here By Submitting the Thesis On My Papers</p>\r\n', 4, 31, 1, 1, '1', '', 'Approved ', '2020-11-09', 1, NULL, '2020-11-08 12:03:14', NULL, '2020-11-08 12:03:14'),
(6, 'DEL000006/2020', 0, '<p>Here By I&#39;m Writing the Review Of Deliverable</p>\r\n', 4, 32, 1, 1, '1', '', 'Appproving As The Deliverable Is Eligeble', '2020-11-10', 1, NULL, '2020-11-09 12:16:20', NULL, '2020-11-09 12:16:20'),
(7, 'RPROP000007/2020', 1, '<p>I Here By Submitting THe THeosis Of FOundatiomn For THe Research Portal</p>\r\n', 5, 31, 0, 0, '2', '', 'THedsis Submitted', '2020-12-11', 2, NULL, '2020-12-10 22:28:08', NULL, '2020-12-10 22:28:08'),
(8, 'RPROP000008/2020', 1, '<p>DADA</p>\r\n', 4, 45, 0, 0, '2', '', '', '', 2, NULL, '2020-12-11 02:53:13', NULL, '2020-12-11 02:53:13'),
(9, 'RPROP000009/2020', 1, '<h3><em><s><strong>Research Proposal</strong></s></em></h3>\r\n', 4, 51, 0, 0, '1', '4efc28b0d65aab266d9f77aaa47617ad.png', '', '', 1, NULL, '2020-12-15 10:44:41', NULL, '2020-12-15 10:44:41'),
(10, 'RPROP000010/2021', 1, '<h2><strong>What is Lorem Ipsum?</strong></h2>\r\n\r\n<p><strong>Lorem Ipsum</strong> is simply dummy text of the printing and typesetting industry. Lorem Ipsum has been the industry&#39;s standard dummy text ever since the 1500s, when an unknown printer took a galley of type and scrambled it to make a type specimen book. It has survived not only five centuries, but also the leap into electronic typesetting, remaining essentially unchanged. It was popularised in the 1960s with the release of Letraset sheets containing Lorem Ipsum passages, and more recently with desktop publishing software like Aldus PageMaker including versions of Lorem Ipsum.</p>\r\n\r\n<h2><strong>Why do we use it?</strong></h2>\r\n\r\n<p>It is a long established fact that a reader will be distracted by the readable content of a page when looking at its layout. The point of using Lorem Ipsum is that it has a more-or-less normal distribution of letters, as opposed to using &#39;Content here, content here&#39;, making it look like readable English. Many desktop publishing packages and web page editors now use Lorem Ipsum as their default model text, and a search for &#39;lorem ipsum&#39; will uncover many web sites still in their infancy. Various versions have evolved over the years, sometimes by accident, sometimes on purpose (injected humour and the like).</p>\r\n\r\n<p> </p>\r\n\r\n<h2><strong>Where does it come from?</strong></h2>\r\n\r\n<p>Contrary to popular belief, Lorem Ipsum is not simply random text. It has roots in a piece of classical Latin literature from 45 BC, making it over 2000 years old. Richard McClintock, a Latin professor at Hampden-Sydney College in Virginia, looked up one of the more obscure Latin words, consectetur, from a Lorem Ipsum passage, and going through the cites of the word in classical literature, discovered the undoubtable source. Lorem Ipsum comes from sections 1.10.32 and 1.10.33 of \"de Finibus Bonorum et Malorum\" (The Extremes of Good and Evil) by Cicero, written in 45 BC. This book is a treatise on the theory of ethics, very popul', 5, 74, 0, 0, '1', '60bd51e5cec9039d5d38d2b011d03e24.jpeg', '', '', 1, NULL, '2021-01-13 03:41:09', NULL, '2021-01-13 03:41:09');

-- --------------------------------------------------------

--
-- Table structure for table `research_examiner`
--

CREATE TABLE `research_examiner` (
  `id` int(20) NOT NULL,
  `type` int(2) DEFAULT 0,
  `start_date` datetime DEFAULT NULL,
  `end_date` datetime DEFAULT NULL,
  `id_staff` int(20) DEFAULT 0,
  `full_name` varchar(1024) DEFAULT '',
  `email` varchar(1024) DEFAULT '',
  `password` varchar(1024) DEFAULT '',
  `contact_no` varchar(50) DEFAULT '',
  `status` int(2) DEFAULT NULL,
  `created_by` int(20) DEFAULT NULL,
  `created_dt_tm` datetime DEFAULT current_timestamp(),
  `updated_by` int(20) DEFAULT NULL,
  `updated_dt_tm` datetime DEFAULT current_timestamp()
) ENGINE=InnoDB DEFAULT CHARSET=latin1;

--
-- Dumping data for table `research_examiner`
--

INSERT INTO `research_examiner` (`id`, `type`, `start_date`, `end_date`, `id_staff`, `full_name`, `email`, `password`, `contact_no`, `status`, `created_by`, `created_dt_tm`, `updated_by`, `updated_dt_tm`) VALUES
(1, 1, '2020-09-30 00:00:00', '2020-09-01 00:00:00', 2, 'AG. Asadullah Bag', 'asad@cms.com', '', '123', 1, NULL, '2020-09-05 16:37:22', NULL, '2020-09-05 16:37:22'),
(2, 0, '2020-09-01 00:00:00', '2020-09-16 00:00:00', 0, 'Asadulla Khan', 'asadullah@cms.com', '123', '8899009', 1, NULL, '2020-09-05 16:37:56', NULL, '2020-09-05 16:37:56'),
(3, 1, '2020-09-12 00:00:00', '2020-09-12 00:00:00', 1, 'AG. Muhammad Hakim', 'mhd@g.co.my', '', '637363636', 1, NULL, '2020-09-12 04:08:01', NULL, '2020-09-12 04:08:01');

-- --------------------------------------------------------

--
-- Table structure for table `research_interest`
--

CREATE TABLE `research_interest` (
  `id` int(20) NOT NULL,
  `name` varchar(1024) DEFAULT '',
  `description` varchar(10240) DEFAULT '',
  `status` int(2) DEFAULT NULL,
  `created_by` int(20) DEFAULT NULL,
  `created_dt_tm` datetime DEFAULT current_timestamp(),
  `updated_by` int(20) DEFAULT NULL,
  `updated_dt_tm` datetime DEFAULT current_timestamp()
) ENGINE=InnoDB DEFAULT CHARSET=latin1;

--
-- Dumping data for table `research_interest`
--

INSERT INTO `research_interest` (`id`, `name`, `description`, `status`, `created_by`, `created_dt_tm`, `updated_by`, `updated_dt_tm`) VALUES
(1, 'Teaching', '', 1, NULL, '2020-09-12 04:07:07', NULL, '2020-09-12 04:07:07'),
(2, 'Buying & selling', 'Buying & selling', 1, NULL, '2020-10-14 22:26:08', NULL, '2020-10-14 22:26:08'),
(3, 'Research guide', '', 1, NULL, '2020-10-14 22:26:24', NULL, '2020-10-14 22:26:24'),
(4, 'Auctioneering', 'Auctioneering', 1, NULL, '2020-12-01 01:56:30', NULL, '2020-12-01 01:56:30');

-- --------------------------------------------------------

--
-- Table structure for table `research_phd_duration`
--

CREATE TABLE `research_phd_duration` (
  `id` int(20) NOT NULL,
  `name` varchar(2048) DEFAULT '',
  `code` varchar(2048) DEFAULT '',
  `status` int(2) DEFAULT 1,
  `created_by` int(20) DEFAULT NULL,
  `created_dt_tm` datetime DEFAULT current_timestamp(),
  `updated_by` int(20) DEFAULT NULL,
  `updated_dt_tm` datetime DEFAULT current_timestamp()
) ENGINE=InnoDB DEFAULT CHARSET=latin1;

--
-- Dumping data for table `research_phd_duration`
--

INSERT INTO `research_phd_duration` (`id`, `name`, `code`, `status`, `created_by`, `created_dt_tm`, `updated_by`, `updated_dt_tm`) VALUES
(1, '1', '', 1, NULL, '2020-10-16 22:16:14', NULL, '2020-10-16 22:16:14'),
(2, '2', '', 1, NULL, '2020-10-16 22:16:20', NULL, '2020-10-16 22:16:20'),
(3, '3', '', 1, NULL, '2020-10-18 13:04:39', NULL, '2020-10-18 13:04:39'),
(4, '4', '', 1, NULL, '2020-10-18 13:04:39', NULL, '2020-10-18 13:04:39'),
(5, '5', '', 1, NULL, '2020-10-18 13:04:39', NULL, '2020-10-18 13:04:39'),
(6, '6', '', 1, NULL, '2020-10-18 13:04:39', NULL, '2020-10-18 13:04:39'),
(7, '7', '', 1, NULL, '2020-10-18 13:04:39', NULL, '2020-10-18 13:04:39'),
(8, '8', '', 1, NULL, '2020-10-18 13:04:39', NULL, '2020-10-18 13:04:39');

-- --------------------------------------------------------

--
-- Table structure for table `research_ppt`
--

CREATE TABLE `research_ppt` (
  `id` bigint(20) NOT NULL,
  `id_student` bigint(20) NOT NULL,
  `id_supervisor` bigint(20) NOT NULL,
  `upload_file` varchar(512) DEFAULT '',
  `description` varchar(2048) DEFAULT '',
  `approved_on` varchar(200) DEFAULT '',
  `status` int(2) DEFAULT 1,
  `created_by` int(20) DEFAULT NULL,
  `created_dt_tm` datetime DEFAULT current_timestamp(),
  `updated_by` int(20) DEFAULT NULL,
  `updated_dt_tm` datetime DEFAULT current_timestamp()
) ENGINE=InnoDB DEFAULT CHARSET=utf8;

-- --------------------------------------------------------

--
-- Table structure for table `research_professionalpracricepaper`
--

CREATE TABLE `research_professionalpracricepaper` (
  `id` int(20) NOT NULL,
  `id_student` int(2) DEFAULT 0,
  `skill_enhancement` int(2) DEFAULT 0,
  `other_details` varchar(1024) DEFAULT '',
  `proposed_area_ppp` varchar(1024) DEFAULT '',
  `start_date` varchar(200) DEFAULT '',
  `end_date` varchar(200) DEFAULT '',
  `status` int(2) DEFAULT 0,
  `reason` varchar(10240) DEFAULT '',
  `created_by` int(20) DEFAULT NULL,
  `created_dt_tm` datetime DEFAULT current_timestamp(),
  `updated_by` int(20) DEFAULT NULL,
  `updated_dt_tm` datetime DEFAULT current_timestamp()
) ENGINE=InnoDB DEFAULT CHARSET=latin1;

--
-- Dumping data for table `research_professionalpracricepaper`
--

INSERT INTO `research_professionalpracricepaper` (`id`, `id_student`, `skill_enhancement`, `other_details`, `proposed_area_ppp`, `start_date`, `end_date`, `status`, `reason`, `created_by`, `created_dt_tm`, `updated_by`, `updated_dt_tm`) VALUES
(1, 16, 0, 'To Understand Market Demand & Strategy', 'Submitting On Market Demand Proposal Project', '2020-09-01', '2020-09-30', 1, '', 1, '2020-09-05 16:44:21', 1, '2020-09-05 16:44:21');

-- --------------------------------------------------------

--
-- Table structure for table `research_professionalpracricepaper_has_employment`
--

CREATE TABLE `research_professionalpracricepaper_has_employment` (
  `id` int(20) NOT NULL,
  `id_professionalpracricepaper` int(20) DEFAULT 0,
  `company_name` varchar(1024) DEFAULT '',
  `address` varchar(1024) DEFAULT '',
  `position` varchar(1024) DEFAULT '',
  `job_function` varchar(1024) DEFAULT '',
  `from_year` int(20) DEFAULT 0,
  `to_year` int(20) DEFAULT 0,
  `reference_number` varchar(1024) DEFAULT '',
  `reference_address` varchar(1024) DEFAULT '',
  `status` int(2) DEFAULT 1,
  `created_by` int(20) DEFAULT NULL,
  `created_dt_tm` datetime DEFAULT current_timestamp(),
  `updated_by` int(20) DEFAULT NULL,
  `updated_dt_tm` datetime DEFAULT current_timestamp()
) ENGINE=InnoDB DEFAULT CHARSET=latin1;

--
-- Dumping data for table `research_professionalpracricepaper_has_employment`
--

INSERT INTO `research_professionalpracricepaper_has_employment` (`id`, `id_professionalpracricepaper`, `company_name`, `address`, `position`, `job_function`, `from_year`, `to_year`, `reference_number`, `reference_address`, `status`, `created_by`, `created_dt_tm`, `updated_by`, `updated_dt_tm`) VALUES
(1, 1, 'Mg Strategics', 'KL', 'Marketing Professional', 'To Understand & Build A Strong Market Strategy', 2019, 2020, 'BUSSMAR8899', 'KL', 1, NULL, '2020-09-05 16:44:16', NULL, '2020-09-05 16:44:16');

-- --------------------------------------------------------

--
-- Table structure for table `research_professionalpracricepaper_has_examiner`
--

CREATE TABLE `research_professionalpracricepaper_has_examiner` (
  `id` int(20) NOT NULL,
  `id_professionalpracricepaper` int(20) DEFAULT 0,
  `id_examiner_role` int(20) DEFAULT 0,
  `id_examiner` int(20) DEFAULT 0,
  `status` int(2) DEFAULT 1,
  `created_by` int(20) DEFAULT NULL,
  `created_dt_tm` datetime DEFAULT current_timestamp(),
  `updated_by` int(20) DEFAULT NULL,
  `updated_dt_tm` datetime DEFAULT current_timestamp()
) ENGINE=InnoDB DEFAULT CHARSET=latin1;

--
-- Dumping data for table `research_professionalpracricepaper_has_examiner`
--

INSERT INTO `research_professionalpracricepaper_has_examiner` (`id`, `id_professionalpracricepaper`, `id_examiner_role`, `id_examiner`, `status`, `created_by`, `created_dt_tm`, `updated_by`, `updated_dt_tm`) VALUES
(1, 1, 1, 2, 1, NULL, '2020-09-05 16:44:04', NULL, '2020-09-05 16:44:04');

-- --------------------------------------------------------

--
-- Table structure for table `research_professionalpracricepaper_has_supervisors`
--

CREATE TABLE `research_professionalpracricepaper_has_supervisors` (
  `id` int(20) NOT NULL,
  `id_professionalpracricepaper` int(20) DEFAULT 0,
  `id_staff_role` int(20) DEFAULT 0,
  `id_staff` int(20) DEFAULT 0,
  `status` int(2) DEFAULT 1,
  `created_by` int(20) DEFAULT NULL,
  `created_dt_tm` datetime DEFAULT current_timestamp(),
  `updated_by` int(20) DEFAULT NULL,
  `updated_dt_tm` datetime DEFAULT current_timestamp()
) ENGINE=InnoDB DEFAULT CHARSET=latin1;

--
-- Dumping data for table `research_professionalpracricepaper_has_supervisors`
--

INSERT INTO `research_professionalpracricepaper_has_supervisors` (`id`, `id_professionalpracricepaper`, `id_staff_role`, `id_staff`, `status`, `created_by`, `created_dt_tm`, `updated_by`, `updated_dt_tm`) VALUES
(1, 1, 1, 2, 1, NULL, '2020-09-05 16:44:12', NULL, '2020-09-05 16:44:12');

-- --------------------------------------------------------

--
-- Table structure for table `research_proposal`
--

CREATE TABLE `research_proposal` (
  `id` int(20) NOT NULL,
  `id_student` int(2) DEFAULT 0,
  `name` varchar(1024) DEFAULT '',
  `id_research_category` int(20) DEFAULT NULL,
  `id_research_topic` int(20) DEFAULT 0,
  `synopsis` varchar(10240) DEFAULT '',
  `meeting_date` varchar(200) DEFAULT '',
  `completion_date` varchar(200) DEFAULT '',
  `semester_start_date` varchar(200) DEFAULT '',
  `semester_end_date` varchar(200) DEFAULT '',
  `status` int(2) DEFAULT 0,
  `reason` varchar(10240) DEFAULT '',
  `created_by` int(20) DEFAULT NULL,
  `created_dt_tm` datetime DEFAULT current_timestamp(),
  `updated_by` int(20) DEFAULT NULL,
  `updated_dt_tm` datetime DEFAULT current_timestamp()
) ENGINE=InnoDB DEFAULT CHARSET=latin1;

--
-- Dumping data for table `research_proposal`
--

INSERT INTO `research_proposal` (`id`, `id_student`, `name`, `id_research_category`, `id_research_topic`, `synopsis`, `meeting_date`, `completion_date`, `semester_start_date`, `semester_end_date`, `status`, `reason`, `created_by`, `created_dt_tm`, `updated_by`, `updated_dt_tm`) VALUES
(1, 16, 'Project On Demand Market', 1, 1, ' Demand Market Strategy', '2020-09-01', '2020-09-01', '', '', 0, '', 1, '2020-09-05 16:39:18', NULL, '2020-09-05 16:39:18');

-- --------------------------------------------------------

--
-- Table structure for table `research_proposal_has_examiner`
--

CREATE TABLE `research_proposal_has_examiner` (
  `id` int(20) NOT NULL,
  `id_proposal` int(20) DEFAULT 0,
  `id_examiner_role` int(20) DEFAULT 0,
  `id_examiner` int(20) DEFAULT 0,
  `status` int(2) DEFAULT 1,
  `created_by` int(20) DEFAULT NULL,
  `created_dt_tm` datetime DEFAULT current_timestamp(),
  `updated_by` int(20) DEFAULT NULL,
  `updated_dt_tm` datetime DEFAULT current_timestamp()
) ENGINE=InnoDB DEFAULT CHARSET=latin1;

--
-- Dumping data for table `research_proposal_has_examiner`
--

INSERT INTO `research_proposal_has_examiner` (`id`, `id_proposal`, `id_examiner_role`, `id_examiner`, `status`, `created_by`, `created_dt_tm`, `updated_by`, `updated_dt_tm`) VALUES
(1, 1, 1, 2, 1, NULL, '2020-09-05 16:39:07', NULL, '2020-09-05 16:39:07'),
(2, 1, 1, 1, 1, NULL, '2020-09-05 16:39:13', NULL, '2020-09-05 16:39:13');

-- --------------------------------------------------------

--
-- Table structure for table `research_proposal_has_supervisors`
--

CREATE TABLE `research_proposal_has_supervisors` (
  `id` int(20) NOT NULL,
  `id_proposal` int(20) DEFAULT 0,
  `id_staff_role` int(20) DEFAULT 0,
  `id_staff` int(20) DEFAULT 0,
  `status` int(2) DEFAULT 1,
  `created_by` int(20) DEFAULT NULL,
  `created_dt_tm` datetime DEFAULT current_timestamp(),
  `updated_by` int(20) DEFAULT NULL,
  `updated_dt_tm` datetime DEFAULT current_timestamp()
) ENGINE=InnoDB DEFAULT CHARSET=latin1;

--
-- Dumping data for table `research_proposal_has_supervisors`
--

INSERT INTO `research_proposal_has_supervisors` (`id`, `id_proposal`, `id_staff_role`, `id_staff`, `status`, `created_by`, `created_dt_tm`, `updated_by`, `updated_dt_tm`) VALUES
(1, 1, 1, 2, 1, NULL, '2020-09-05 16:38:59', NULL, '2020-09-05 16:38:59');

-- --------------------------------------------------------

--
-- Table structure for table `research_proposal_reporting`
--

CREATE TABLE `research_proposal_reporting` (
  `id` bigint(20) NOT NULL,
  `application_number` varchar(200) DEFAULT '',
  `description` varchar(2048) DEFAULT '',
  `id_student` bigint(20) NOT NULL,
  `id_supervisor` bigint(20) NOT NULL,
  `phd_duration` int(20) DEFAULT 0,
  `id_deliverable` int(20) DEFAULT 0,
  `id_chapter` int(20) DEFAULT 0,
  `from_dt` varchar(200) DEFAULT '',
  `to_dt` varchar(200) DEFAULT '',
  `target_dt` varchar(200) DEFAULT '',
  `stage` int(20) DEFAULT 0,
  `reason` varchar(2048) DEFAULT '',
  `approved_on` varchar(200) DEFAULT '',
  `status` int(20) DEFAULT 1,
  `created_by` int(20) DEFAULT NULL,
  `created_dt_tm` datetime DEFAULT current_timestamp(),
  `updated_by` int(20) DEFAULT NULL,
  `updated_dt_tm` datetime DEFAULT current_timestamp()
) ENGINE=InnoDB DEFAULT CHARSET=utf8;

--
-- Dumping data for table `research_proposal_reporting`
--

INSERT INTO `research_proposal_reporting` (`id`, `application_number`, `description`, `id_student`, `id_supervisor`, `phd_duration`, `id_deliverable`, `id_chapter`, `from_dt`, `to_dt`, `target_dt`, `stage`, `reason`, `approved_on`, `status`, `created_by`, `created_dt_tm`, `updated_by`, `updated_dt_tm`) VALUES
(1, 'RPR000001/2020', '<p>Added Proposal Reporting</p>\r\n', 45, 4, 1, 1, 1, '2020-12-26', '2020-12-23', '2020-12-31', 1, '', '', 1, NULL, '2020-12-11 02:54:33', NULL, '2020-12-11 02:54:33'),
(2, 'RPR000002/2020', '<h3><s><em><strong>Add Research Proposal Reporting(Stage 1)</strong></em></s></h3>\r\n', 51, 4, 1, 1, 1, '2020-12-01', '2020-12-29', '2020-12-28', 1, '', '', 1, NULL, '2020-12-15 10:48:03', NULL, '2020-12-15 10:48:03'),
(3, 'RPR000003/2020', '<h3>Add Research Proposal Reporting(Stage 3)</h3>\r\n', 51, 4, 2, 3, 1, '2020-12-01', '2020-12-15', '2020-12-27', 3, '', '', 1, NULL, '2020-12-15 11:22:58', NULL, '2020-12-15 11:22:58'),
(4, 'RPR000004/2020', '<h3><s><em><strong> Research Proposal Reporting(Stage 2)</strong></em></s></h3>\r\n', 51, 4, 2, 2, 1, '2020-12-01', '2020-12-06', '2020-12-20', 2, '', '', 1, NULL, '2020-12-15 11:23:40', NULL, '2020-12-15 11:23:40'),
(5, 'RPR000005/2020', '<h1><em>Lorem ipsum</em></h1>\r\n\r\n<p>From Wikipedia, the free encyclopedia</p>\r\n\r\n<p><a href=\"https://en.wikipedia.org/wiki/Lorem_ipsum#mw-head\">Jump to navigation</a><a href=\"https://en.wikipedia.org/wiki/Lorem_ipsum#searchInput\">Jump to search</a></p>\r\n\r\n<p>\"Ipsum\" redirects here. For the car, see <a href=\"https://en.wikipedia.org/wiki/Toyota_Ipsum\">Toyota Ipsum</a>.</p>\r\n\r\n<p> </p>\r\n\r\n<p>Using <em>Lorem ipsum</em> to focus attention on graphic elements in a webpage design proposal</p>\r\n\r\n<p>In <a href=\"https://en.wikipedia.org/wiki/Publishing\">publishing</a> and <a href=\"https://en.wikipedia.org/wiki/Graphic_design\">graphic design</a>, <em><strong>Lorem ipsum</strong></em> is a <a href=\"https://en.wikipedia.org/wiki/Placeholder_text\">placeholder text</a> commonly used to demonstrate the visual form of a document or a typeface without relying on meaningful content. <em>Lorem ipsum</em> may be used before final <a href=\"https://en.wikipedia.org/wiki/Copy_(written)\">copy</a> is available, but it may also be used to temporarily replace copy in a process called <a href=\"https://en.wikipedia.org/wiki/Greeking\">greeking</a>, which allows designers to consider form without the meaning of the text influencing the design.</p>\r\n\r\n<p><em>Lorem ipsum</em> is typically a corrupted version of <em><a href=\"https://en.wikipedia.org/wiki/De_finibus_bonorum_et_malorum\">De finibus bonorum et malorum</a></em>, a first-century BC text by the <a href=\"https://en.wikipedia.org/wiki/Roman_Republic\">Roman</a> statesman and philosopher <a href=\"https://en.wikipedia.org/wiki/Cicero\">Cicero</a>, with words altered, added, and removed to make it nonsensical, improper <a href=\"https://en.wikipedia.org/wiki/Latin\">Latin</a>.</p>\r\n\r\n<p>Versions of the <em>Lorem ipsum</em> text have been used in <a href=\"https://en.wikipedia.org/wiki/Typesetting\">typesetting</a> at least since the 1960s, when it was popularized by advertisements for <a href=\"https://en.wikipedia.org/wiki/Letraset\">Letraset</a> transfer sheets. <em>Lorem ipsum</em> was introduce', 71, 4, 1, 1, 1, '2020-12-01', '2020-12-31', '2020-12-29', 1, '', '', 1, NULL, '2020-12-25 12:53:17', NULL, '2020-12-25 12:53:17'),
(6, 'RPR000006/2020', '<p>In <a href=\"https://en.wikipedia.org/wiki/Publishing\">publishing</a> and <a href=\"https://en.wikipedia.org/wiki/Graphic_design\">graphic design</a>, <em><strong>Lorem ipsum</strong></em> is a <a href=\"https://en.wikipedia.org/wiki/Placeholder_text\">placeholder text</a> c</p>\r\n', 71, 4, 1, 1, 1, '2020-12-15', '2020-12-30', '2020-12-27', 2, '', '', 1, NULL, '2020-12-25 12:55:11', NULL, '2020-12-25 12:55:11'),
(7, 'RPR000007/2020', '<p>The <em>Lorem ipsum</em> text is derived from sections 1.10.32 and 1.10.33 of Cicero&#39;s <em><a href=\"https://en.wikipedia.org/wiki/De_finibus_bonorum_et_malorum\">De finibus bonorum et malorum</a></em>.<a href=\"https://en.wikipedia.org/wiki/Lorem_ipsum#cite_note-Microsoft-1\">[1]</a><a href=\"https://en.wikipedia.org/wiki/Lorem_ipsum#cite_note-cicero_archive_org-2\">[2]</a> The physical source may have been the 1914 <a href=\"https://en.wikipedia.org/wiki/Loeb_Classical_Library\">Loeb Classical Library</a> edition of <em>De finibus</em>, where the Latin text, presented on the left-hand (even) pages, breaks off on page 34 with \"<em>Neque porro quisquam est qui do-</em>\" and continues on page 36 with \"<em>lorem ipsum ...</em>\", suggesting that the <a href=\"https://en.wikipedia.org/wiki/Galley_proof\">galley type</a> of that page was mixed up to make the dummy text seen today.<a href=\"https://en.wikipedia.org/wiki/Lorem_ipsum#cite_note-Cibois-3\">[3]</a></p>\r\n\r\n<p>The discovery of the text&#39;s origin is attributed to Richard McClintock, a Latin scholar at <a href=\"https://en.wikipedia.org/wiki/Hampden–Sydney_College\">Hampden–Sydney College</a>. McClintock connected <em>Lorem ipsum</em> to Cicero&#39;s writing sometime before 1982 while searching for instances of the Latin word <em><a href=\"https://en.wiktionary.org/wiki/consectetur\">consectetur</a></em>, which was rarely used in classical literature.<a href=\"https://en.wikipedia.org/wiki/Lorem_ipsum#cite_note-SDop-4\">[4]</a> McClintock first published his discovery in a 1994 letter to the editor of <em>Before & After</em> magazine, contesting the editor&#39;s earlier claim that <em>Lorem ipsum</em> had no meaning.<a href=\"https://en.wikipedia.org/wiki/Lorem_ipsum#cite_note-5\">[5]</a>[<em><a href=\"https://en.wikipedia.org/wiki/Wikipedia:Verifiability\">failed verification</a></em>]</p>\r\n', 71, 4, 2, 3, 1, '2020-12-01', '2020-12-31', '2020-12-13', 3, '', '', 1, NULL, '2020-12-25 13:05:24', NULL, '2020-12-25 13:05:24');

-- --------------------------------------------------------

--
-- Table structure for table `research_readers`
--

CREATE TABLE `research_readers` (
  `id` int(20) NOT NULL,
  `name` varchar(2048) DEFAULT '',
  `email` varchar(2048) DEFAULT '',
  `course` varchar(2048) DEFAULT '',
  `status` int(2) DEFAULT 1,
  `created_by` int(20) DEFAULT NULL,
  `created_dt_tm` datetime DEFAULT current_timestamp(),
  `updated_by` int(20) DEFAULT NULL,
  `updated_dt_tm` datetime DEFAULT current_timestamp()
) ENGINE=InnoDB DEFAULT CHARSET=latin1;

--
-- Dumping data for table `research_readers`
--

INSERT INTO `research_readers` (`id`, `name`, `email`, `course`, `status`, `created_by`, `created_dt_tm`, `updated_by`, `updated_dt_tm`) VALUES
(1, 'Reader one 1', 'r1@cms.com1', '', 1, NULL, '2020-10-16 13:40:27', NULL, '2020-10-16 13:40:27'),
(2, 'Comitee Reader ', 'comitee_reader@cms.com', '', 1, NULL, '2020-10-18 13:05:19', NULL, '2020-10-18 13:05:19');

-- --------------------------------------------------------

--
-- Table structure for table `research_reason_applying`
--

CREATE TABLE `research_reason_applying` (
  `id` int(20) NOT NULL,
  `name` varchar(1024) DEFAULT '',
  `description` varchar(10240) DEFAULT '',
  `status` int(2) DEFAULT NULL,
  `created_by` int(20) DEFAULT NULL,
  `created_dt_tm` datetime DEFAULT current_timestamp(),
  `updated_by` int(20) DEFAULT NULL,
  `updated_dt_tm` datetime DEFAULT current_timestamp()
) ENGINE=InnoDB DEFAULT CHARSET=latin1;

--
-- Dumping data for table `research_reason_applying`
--

INSERT INTO `research_reason_applying` (`id`, `name`, `description`, `status`, `created_by`, `created_dt_tm`, `updated_by`, `updated_dt_tm`) VALUES
(1, 'Career Development', 'Career Development', 1, NULL, '2020-09-12 04:07:22', NULL, '2020-09-12 04:07:22'),
(2, 'Academic Development', 'Academic Development', 1, NULL, '2020-12-01 01:59:41', NULL, '2020-12-01 01:59:41');

-- --------------------------------------------------------

--
-- Table structure for table `research_sco`
--

CREATE TABLE `research_sco` (
  `id` bigint(20) NOT NULL,
  `id_student` bigint(20) NOT NULL,
  `id_supervisor` bigint(20) NOT NULL,
  `upload_file` varchar(512) DEFAULT '',
  `description` varchar(2048) DEFAULT '',
  `approved_on` varchar(200) DEFAULT '',
  `status` int(2) DEFAULT 1,
  `created_by` int(20) DEFAULT NULL,
  `created_dt_tm` datetime DEFAULT current_timestamp(),
  `updated_by` int(20) DEFAULT NULL,
  `updated_dt_tm` datetime DEFAULT current_timestamp()
) ENGINE=InnoDB DEFAULT CHARSET=utf8;

--
-- Dumping data for table `research_sco`
--

INSERT INTO `research_sco` (`id`, `id_student`, `id_supervisor`, `upload_file`, `description`, `approved_on`, `status`, `created_by`, `created_dt_tm`, `updated_by`, `updated_dt_tm`) VALUES
(1, 51, 4, '6bff0a33e6323548aa9a0c0447a1d9a7.jpeg', '<h3><s><em><strong> Research Soft Copy Of File Reporting</strong></em></s></h3>\r\n', '', 1, NULL, '2020-12-15 11:26:43', NULL, '2020-12-15 11:26:43');

-- --------------------------------------------------------

--
-- Table structure for table `research_status`
--

CREATE TABLE `research_status` (
  `id` int(20) NOT NULL,
  `name` varchar(1024) DEFAULT '',
  `code` varchar(1024) DEFAULT '',
  `description` varchar(10240) DEFAULT '',
  `id_program` int(20) DEFAULT 0,
  `id_course` int(20) DEFAULT 0,
  `is_pass` int(20) DEFAULT 0,
  `status` int(2) DEFAULT NULL,
  `created_by` int(20) DEFAULT NULL,
  `created_dt_tm` datetime DEFAULT current_timestamp(),
  `updated_by` int(20) DEFAULT NULL,
  `updated_dt_tm` datetime DEFAULT current_timestamp()
) ENGINE=InnoDB DEFAULT CHARSET=latin1;

--
-- Dumping data for table `research_status`
--

INSERT INTO `research_status` (`id`, `name`, `code`, `description`, `id_program`, `id_course`, `is_pass`, `status`, `created_by`, `created_dt_tm`, `updated_by`, `updated_dt_tm`) VALUES
(1, '', 'Code', 'Desc', 3, 1, 0, 1, NULL, '2020-09-04 13:41:46', NULL, '2020-09-04 13:41:46'),
(2, '', 'Completed', 'Desc', 3, 2, 0, 1, NULL, '2020-09-12 04:06:39', NULL, '2020-09-12 04:06:39');

-- --------------------------------------------------------

--
-- Table structure for table `research_supervisor`
--

CREATE TABLE `research_supervisor` (
  `id` int(20) NOT NULL,
  `type` int(2) DEFAULT 0,
  `salutation` varchar(500) DEFAULT '',
  `id_specialisation` int(20) DEFAULT 0,
  `first_name` varchar(1024) DEFAULT '',
  `last_name` varchar(1024) DEFAULT '',
  `start_date` varchar(500) DEFAULT '',
  `end_date` varchar(500) DEFAULT '',
  `id_staff` int(20) DEFAULT 0,
  `full_name` varchar(1024) DEFAULT '',
  `email` varchar(1024) DEFAULT '',
  `password` varchar(1024) DEFAULT '',
  `contact_no` varchar(50) DEFAULT '',
  `address` varchar(1024) DEFAULT '',
  `status` int(2) DEFAULT NULL,
  `created_by` int(20) DEFAULT NULL,
  `created_dt_tm` datetime DEFAULT current_timestamp(),
  `updated_by` int(20) DEFAULT NULL,
  `updated_dt_tm` datetime DEFAULT current_timestamp()
) ENGINE=InnoDB DEFAULT CHARSET=latin1;

--
-- Dumping data for table `research_supervisor`
--

INSERT INTO `research_supervisor` (`id`, `type`, `salutation`, `id_specialisation`, `first_name`, `last_name`, `start_date`, `end_date`, `id_staff`, `full_name`, `email`, `password`, `contact_no`, `address`, `status`, `created_by`, `created_dt_tm`, `updated_by`, `updated_dt_tm`) VALUES
(4, 1, '', 2, '', '', '2020-10-17', '', 1, 'AG. Muhammad Hakim', 'mhd@g.co.my', '202cb962ac59075b964b07152d234b70', '0', '', 1, NULL, '2020-10-15 00:46:39', NULL, '2020-10-15 00:46:39'),
(5, 0, '3', 0, 'Naman', 'Ozah', '2020-10-01', '2020-11-28', 0, 'DATINDR. Naman Ozah', 'no@cms.com', '202cb962ac59075b964b07152d234b70', '123123', '213', 1, NULL, '2020-10-15 00:52:24', NULL, '2020-10-15 00:52:24');

-- --------------------------------------------------------

--
-- Table structure for table `research_toc`
--

CREATE TABLE `research_toc` (
  `id` bigint(20) NOT NULL,
  `id_student` bigint(20) NOT NULL,
  `id_supervisor` bigint(20) NOT NULL,
  `upload_file` varchar(512) DEFAULT '',
  `description` varchar(2048) DEFAULT '',
  `approved_on` varchar(200) DEFAULT '',
  `status` int(2) DEFAULT 1,
  `created_by` int(20) DEFAULT NULL,
  `created_dt_tm` datetime DEFAULT current_timestamp(),
  `updated_by` int(20) DEFAULT NULL,
  `updated_dt_tm` datetime DEFAULT current_timestamp()
) ENGINE=InnoDB DEFAULT CHARSET=utf8;

--
-- Dumping data for table `research_toc`
--

INSERT INTO `research_toc` (`id`, `id_student`, `id_supervisor`, `upload_file`, `description`, `approved_on`, `status`, `created_by`, `created_dt_tm`, `updated_by`, `updated_dt_tm`) VALUES
(1, 33, 4, '992f0918cbc906b1635a664c4c6b1640.png', '<p>asdasdasdas</p>\r\n', '', 1, NULL, '2020-12-11 13:05:44', NULL, '2020-12-11 13:05:44'),
(2, 51, 4, '7ac5eaff6108f29b621ab13672ea18bf.jpg', '<h3><s><em><strong>Research TOC Reporting</strong></em></s></h3>\r\n', '', 1, NULL, '2020-12-15 11:24:12', NULL, '2020-12-15 11:24:12'),
(3, 71, 4, 'b9f3813551dd6663c717e03ad0992af0.png', '<p>Data Added</p>\r\n', '', 1, NULL, '2020-12-25 13:05:59', NULL, '2020-12-25 13:05:59');

-- --------------------------------------------------------

--
-- Table structure for table `research_topic`
--

CREATE TABLE `research_topic` (
  `id` int(20) NOT NULL,
  `name` varchar(520) DEFAULT '',
  `id_topic_category` int(20) DEFAULT 0,
  `max_candidates` int(20) DEFAULT 0,
  `assignment_requirement` varchar(10240) DEFAULT '',
  `status` int(2) DEFAULT NULL,
  `created_by` int(20) DEFAULT NULL,
  `created_dt_tm` datetime DEFAULT current_timestamp(),
  `updated_by` int(20) DEFAULT NULL,
  `updated_dt_tm` datetime DEFAULT current_timestamp()
) ENGINE=InnoDB DEFAULT CHARSET=latin1;

--
-- Dumping data for table `research_topic`
--

INSERT INTO `research_topic` (`id`, `name`, `id_topic_category`, `max_candidates`, `assignment_requirement`, `status`, `created_by`, `created_dt_tm`, `updated_by`, `updated_dt_tm`) VALUES
(1, 'Financial Education Scope', 2, 10, 'Reqqq', 1, 1, '2020-09-04 13:41:20', NULL, '2020-09-04 13:41:20'),
(2, 'Foundation of Teaching', 1, 20, '10', 1, 1, '2020-09-12 04:05:59', NULL, '2020-09-12 04:05:59');

-- --------------------------------------------------------

--
-- Table structure for table `research_topic_category`
--

CREATE TABLE `research_topic_category` (
  `id` int(20) NOT NULL,
  `name` varchar(520) DEFAULT '',
  `id_program` int(20) DEFAULT 0,
  `max_candidates` int(20) DEFAULT 0,
  `code` varchar(520) DEFAULT '',
  `name_optional_language` varchar(520) DEFAULT '',
  `status` int(2) DEFAULT NULL,
  `created_by` int(20) DEFAULT NULL,
  `created_dt_tm` datetime DEFAULT current_timestamp(),
  `updated_by` int(20) DEFAULT NULL,
  `updated_dt_tm` datetime DEFAULT current_timestamp()
) ENGINE=InnoDB DEFAULT CHARSET=latin1;

--
-- Dumping data for table `research_topic_category`
--

INSERT INTO `research_topic_category` (`id`, `name`, `id_program`, `max_candidates`, `code`, `name_optional_language`, `status`, `created_by`, `created_dt_tm`, `updated_by`, `updated_dt_tm`) VALUES
(1, 'Organization Behaviour', 6, 0, '', '', 1, NULL, '2020-09-04 09:29:55', NULL, '2020-09-04 09:29:55'),
(2, 'Marketing & Advertising', 6, 2, '', '', 1, NULL, '2020-09-04 09:29:55', NULL, '2020-09-04 09:29:55'),
(3, 'Wholesale and Retail Sales', 6, 0, '', '', 1, 1, '2020-12-01 01:30:16', NULL, '2020-12-01 01:30:16'),
(4, 'Finance, banking, insurance', 6, 0, '', '', 1, 1, '2020-12-01 01:55:24', NULL, '2020-12-01 01:55:24'),
(5, 'Accounting & Taxation', 6, 0, '', '', 1, 1, '2020-12-01 01:56:00', NULL, '2020-12-01 01:56:00');

-- --------------------------------------------------------

--
-- Table structure for table `roles`
--

CREATE TABLE `roles` (
  `id` int(20) NOT NULL,
  `role` varchar(250) DEFAULT '',
  `status` int(20) DEFAULT 0
) ENGINE=InnoDB DEFAULT CHARSET=latin1;

--
-- Dumping data for table `roles`
--

INSERT INTO `roles` (`id`, `role`, `status`) VALUES
(1, 'Administrator', 1),
(13, 'Examination Chief', 1),
(14, 'Permision View', 1),
(15, 'AEU Administrator', 1),
(16, 'AEU Examination Admin', 1),
(17, 'Research Colloquium', 1);

-- --------------------------------------------------------

--
-- Table structure for table `role_permissions`
--

CREATE TABLE `role_permissions` (
  `id` bigint(20) NOT NULL,
  `id_role` bigint(20) DEFAULT NULL,
  `id_permission` bigint(20) DEFAULT NULL
) ENGINE=InnoDB DEFAULT CHARSET=latin1;

--
-- Dumping data for table `role_permissions`
--

INSERT INTO `role_permissions` (`id`, `id_role`, `id_permission`) VALUES
(84, 12, 5),
(85, 12, 7),
(459, 1, 5),
(460, 1, 6),
(461, 1, 7),
(462, 1, 8),
(463, 1, 9),
(464, 1, 10),
(465, 1, 11),
(466, 1, 12),
(467, 1, 13),
(468, 1, 14),
(469, 1, 15),
(470, 1, 16),
(471, 1, 17),
(472, 1, 18),
(473, 1, 19),
(474, 1, 20),
(475, 1, 21),
(476, 1, 22),
(477, 1, 23),
(478, 1, 24),
(479, 1, 25),
(480, 1, 26),
(481, 1, 27),
(482, 1, 28),
(483, 1, 29),
(484, 1, 30),
(485, 1, 31),
(486, 1, 33),
(487, 1, 34),
(488, 1, 35),
(489, 1, 36),
(490, 1, 37),
(491, 1, 38),
(492, 1, 39),
(493, 1, 40),
(494, 1, 41),
(495, 1, 42),
(496, 1, 43),
(497, 1, 44),
(498, 1, 45),
(499, 1, 46),
(500, 1, 47),
(501, 1, 48),
(502, 1, 49),
(503, 1, 50),
(504, 1, 51),
(505, 1, 52),
(506, 1, 53),
(507, 1, 54),
(508, 1, 55),
(509, 1, 56),
(510, 1, 57),
(511, 1, 58),
(512, 1, 59),
(513, 1, 60),
(514, 1, 61),
(515, 1, 62),
(516, 1, 63),
(517, 1, 64),
(518, 1, 65),
(519, 1, 66),
(520, 1, 67),
(532, 13, 14),
(548, 14, 10),
(549, 14, 11),
(550, 14, 12),
(551, 14, 13),
(552, 14, 14),
(553, 14, 15),
(554, 14, 7),
(555, 14, 8),
(556, 14, 9),
(2047, 16, 10),
(2048, 16, 11),
(2049, 16, 12),
(2050, 16, 13),
(2051, 16, 14),
(2052, 16, 15),
(2053, 16, 242),
(2054, 16, 243),
(2055, 16, 244),
(2056, 16, 245),
(2057, 16, 246),
(2058, 16, 247),
(2059, 16, 248),
(2060, 16, 249),
(2061, 16, 250),
(2062, 16, 251),
(2063, 16, 252),
(2064, 16, 253),
(2065, 16, 254),
(2066, 16, 255),
(2067, 16, 256),
(2068, 16, 257),
(2069, 16, 258),
(2070, 16, 259),
(2071, 16, 260),
(2072, 16, 261),
(2073, 16, 262),
(2074, 16, 263),
(2075, 16, 264),
(2076, 16, 265),
(2077, 16, 266),
(2078, 16, 267),
(2079, 16, 268),
(2080, 16, 269),
(2081, 16, 270),
(2082, 16, 271),
(2083, 16, 272),
(2084, 16, 273),
(2085, 16, 274),
(2086, 16, 275),
(2087, 16, 276),
(2088, 16, 277),
(2089, 16, 278),
(2090, 16, 279),
(2091, 16, 280),
(2092, 16, 281),
(2093, 16, 282),
(2094, 16, 283),
(2095, 16, 284),
(2096, 16, 285),
(2097, 16, 286),
(2098, 16, 287),
(2099, 16, 290),
(2100, 16, 291),
(2101, 16, 292),
(2102, 16, 293),
(2103, 16, 294),
(2104, 16, 295),
(2105, 16, 296),
(2106, 16, 297),
(2107, 16, 298),
(2108, 16, 299),
(2109, 16, 300),
(2110, 16, 301),
(2111, 16, 569),
(2112, 16, 570),
(5649, 15, 10),
(5650, 15, 11),
(5651, 15, 12),
(5652, 15, 13),
(5653, 15, 14),
(5654, 15, 15),
(5655, 15, 7),
(5656, 15, 8),
(5657, 15, 9),
(5658, 15, 70),
(5659, 15, 71),
(5660, 15, 72),
(5661, 15, 73),
(5662, 15, 74),
(5663, 15, 75),
(5664, 15, 76),
(5665, 15, 77),
(5666, 15, 78),
(5667, 15, 79),
(5668, 15, 80),
(5669, 15, 81),
(5670, 15, 82),
(5671, 15, 83),
(5672, 15, 84),
(5673, 15, 85),
(5674, 15, 86),
(5675, 15, 87),
(5676, 15, 88),
(5677, 15, 89),
(5678, 15, 90),
(5679, 15, 91),
(5680, 15, 92),
(5681, 15, 93),
(5682, 15, 94),
(5683, 15, 95),
(5684, 15, 96),
(5685, 15, 97),
(5686, 15, 98),
(5687, 15, 99),
(5688, 15, 100),
(5689, 15, 101),
(5690, 15, 102),
(5691, 15, 103),
(5692, 15, 104),
(5693, 15, 105),
(5694, 15, 106),
(5695, 15, 107),
(5696, 15, 108),
(5697, 15, 109),
(5698, 15, 110),
(5699, 15, 111),
(5700, 15, 112),
(5701, 15, 113),
(5702, 15, 114),
(5703, 15, 115),
(5704, 15, 116),
(5705, 15, 117),
(5706, 15, 118),
(5707, 15, 119),
(5708, 15, 120),
(5709, 15, 121),
(5710, 15, 122),
(5711, 15, 123),
(5712, 15, 124),
(5713, 15, 125),
(5714, 15, 126),
(5715, 15, 127),
(5716, 15, 128),
(5717, 15, 129),
(5718, 15, 130),
(5719, 15, 131),
(5720, 15, 132),
(5721, 15, 133),
(5722, 15, 134),
(5723, 15, 135),
(5724, 15, 136),
(5725, 15, 137),
(5726, 15, 138),
(5727, 15, 139),
(5728, 15, 140),
(5729, 15, 141),
(5730, 15, 142),
(5731, 15, 143),
(5732, 15, 144),
(5733, 15, 145),
(5734, 15, 146),
(5735, 15, 147),
(5736, 15, 148),
(5737, 15, 149),
(5738, 15, 572),
(5739, 15, 150),
(5740, 15, 151),
(5741, 15, 152),
(5742, 15, 153),
(5743, 15, 154),
(5744, 15, 155),
(5745, 15, 156),
(5746, 15, 157),
(5747, 15, 158),
(5748, 15, 159),
(5749, 15, 160),
(5750, 15, 161),
(5751, 15, 162),
(5752, 15, 163),
(5753, 15, 164),
(5754, 15, 165),
(5755, 15, 166),
(5756, 15, 167),
(5757, 15, 168),
(5758, 15, 169),
(5759, 15, 170),
(5760, 15, 171),
(5761, 15, 172),
(5762, 15, 173),
(5763, 15, 174),
(5764, 15, 175),
(5765, 15, 176),
(5766, 15, 177),
(5767, 15, 178),
(5768, 15, 179),
(5769, 15, 180),
(5770, 15, 181),
(5771, 15, 182),
(5772, 15, 183),
(5773, 15, 184),
(5774, 15, 185),
(5775, 15, 186),
(5776, 15, 187),
(5777, 15, 188),
(5778, 15, 189),
(5779, 15, 190),
(5780, 15, 191),
(5781, 15, 192),
(5782, 15, 193),
(5783, 15, 194),
(5784, 15, 195),
(5785, 15, 196),
(5786, 15, 197),
(5787, 15, 198),
(5788, 15, 199),
(5789, 15, 200),
(5790, 15, 201),
(5791, 15, 202),
(5792, 15, 203),
(5793, 15, 204),
(5794, 15, 205),
(5795, 15, 206),
(5796, 15, 207),
(5797, 15, 208),
(5798, 15, 209),
(5799, 15, 210),
(5800, 15, 211),
(5801, 15, 212),
(5802, 15, 213),
(5803, 15, 214),
(5804, 15, 215),
(5805, 15, 216),
(5806, 15, 217),
(5807, 15, 218),
(5808, 15, 219),
(5809, 15, 220),
(5810, 15, 221),
(5811, 15, 222),
(5812, 15, 223),
(5813, 15, 224),
(5814, 15, 225),
(5815, 15, 226),
(5816, 15, 227),
(5817, 15, 228),
(5818, 15, 229),
(5819, 15, 230),
(5820, 15, 231),
(5821, 15, 232),
(5822, 15, 233),
(5823, 15, 234),
(5824, 15, 235),
(5825, 15, 236),
(5826, 15, 237),
(5827, 15, 238),
(5828, 15, 239),
(5829, 15, 240),
(5830, 15, 241),
(5831, 15, 242),
(5832, 15, 243),
(5833, 15, 244),
(5834, 15, 245),
(5835, 15, 246),
(5836, 15, 247),
(5837, 15, 248),
(5838, 15, 249),
(5839, 15, 250),
(5840, 15, 251),
(5841, 15, 252),
(5842, 15, 253),
(5843, 15, 254),
(5844, 15, 255),
(5845, 15, 256),
(5846, 15, 257),
(5847, 15, 258),
(5848, 15, 259),
(5849, 15, 260),
(5850, 15, 261),
(5851, 15, 262),
(5852, 15, 263),
(5853, 15, 264),
(5854, 15, 265),
(5855, 15, 266),
(5856, 15, 267),
(5857, 15, 268),
(5858, 15, 269),
(5859, 15, 270),
(5860, 15, 271),
(5861, 15, 272),
(5862, 15, 273),
(5863, 15, 274),
(5864, 15, 275),
(5865, 15, 276),
(5866, 15, 277),
(5867, 15, 278),
(5868, 15, 279),
(5869, 15, 280),
(5870, 15, 281),
(5871, 15, 282),
(5872, 15, 283),
(5873, 15, 284),
(5874, 15, 285),
(5875, 15, 286),
(5876, 15, 287),
(5877, 15, 290),
(5878, 15, 291),
(5879, 15, 292),
(5880, 15, 293),
(5881, 15, 294),
(5882, 15, 295),
(5883, 15, 296),
(5884, 15, 297),
(5885, 15, 298),
(5886, 15, 299),
(5887, 15, 300),
(5888, 15, 301),
(5889, 15, 302),
(5890, 15, 303),
(5891, 15, 304),
(5892, 15, 305),
(5893, 15, 306),
(5894, 15, 307),
(5895, 15, 308),
(5896, 15, 309),
(5897, 15, 310),
(5898, 15, 311),
(5899, 15, 312),
(5900, 15, 315),
(5901, 15, 316),
(5902, 15, 317),
(5903, 15, 318),
(5904, 15, 319),
(5905, 15, 320),
(5906, 15, 321),
(5907, 15, 322),
(5908, 15, 323),
(5909, 15, 324),
(5910, 15, 325),
(5911, 15, 326),
(5912, 15, 327),
(5913, 15, 328),
(5914, 15, 329),
(5915, 15, 330),
(5916, 15, 331),
(5917, 15, 332),
(5918, 15, 333),
(5919, 15, 334),
(5920, 15, 335),
(5921, 15, 336),
(5922, 15, 337),
(5923, 15, 338),
(5924, 15, 339),
(5925, 15, 340),
(5926, 15, 341),
(5927, 15, 342),
(5928, 15, 343),
(5929, 15, 344),
(5930, 15, 345),
(5931, 15, 346),
(5932, 15, 347),
(5933, 15, 348),
(5934, 15, 349),
(5935, 15, 350),
(5936, 15, 571),
(5937, 15, 351),
(5938, 15, 352),
(5939, 15, 353),
(5940, 15, 354),
(5941, 15, 355),
(5942, 15, 356),
(5943, 15, 357),
(5944, 15, 358),
(5945, 15, 359),
(5946, 15, 360),
(5947, 15, 361),
(5948, 15, 362),
(5949, 15, 363),
(5950, 15, 364),
(5951, 15, 366),
(5952, 15, 367),
(5953, 15, 368),
(5954, 15, 369),
(5955, 15, 365),
(5956, 15, 370),
(5957, 15, 371),
(5958, 15, 372),
(5959, 15, 373),
(5960, 15, 374),
(5961, 15, 375),
(5962, 15, 376),
(5963, 15, 377),
(5964, 15, 378),
(5965, 15, 379),
(5966, 15, 380),
(5967, 15, 381),
(5968, 15, 382),
(5969, 15, 383),
(5970, 15, 384),
(5971, 15, 385),
(5972, 15, 386),
(5973, 15, 387),
(5974, 15, 392),
(5975, 15, 388),
(5976, 15, 389),
(5977, 15, 390),
(5978, 15, 391),
(5979, 15, 393),
(5980, 15, 394),
(5981, 15, 395),
(5982, 15, 396),
(5983, 15, 397),
(5984, 15, 398),
(5985, 15, 399),
(5986, 15, 400),
(5987, 15, 401),
(5988, 15, 402),
(5989, 15, 403),
(5990, 15, 404),
(5991, 15, 405),
(5992, 15, 406),
(5993, 15, 407),
(5994, 15, 408),
(5995, 15, 409),
(5996, 15, 410),
(5997, 15, 411),
(5998, 15, 412),
(5999, 15, 413),
(6000, 15, 414),
(6001, 15, 415),
(6002, 15, 416),
(6003, 15, 417),
(6004, 15, 418),
(6005, 15, 419),
(6006, 15, 420),
(6007, 15, 421),
(6008, 15, 422),
(6009, 15, 423),
(6010, 15, 424),
(6011, 15, 425),
(6012, 15, 426),
(6013, 15, 427),
(6014, 15, 428),
(6015, 15, 429),
(6016, 15, 430),
(6017, 15, 431),
(6018, 15, 432),
(6019, 15, 433),
(6020, 15, 434),
(6021, 15, 435),
(6022, 15, 436),
(6023, 15, 437),
(6024, 15, 438),
(6025, 15, 439),
(6026, 15, 440),
(6027, 15, 441),
(6028, 15, 442),
(6029, 15, 443),
(6030, 15, 444),
(6031, 15, 445),
(6032, 15, 446),
(6033, 15, 447),
(6034, 15, 448),
(6035, 15, 449),
(6036, 15, 450),
(6037, 15, 451),
(6038, 15, 452),
(6039, 15, 453),
(6040, 15, 454),
(6041, 15, 455),
(6042, 15, 456),
(6043, 15, 457),
(6044, 15, 458),
(6045, 15, 459),
(6046, 15, 460),
(6047, 15, 461),
(6048, 15, 462),
(6049, 15, 463),
(6050, 15, 464),
(6051, 15, 465),
(6052, 15, 466),
(6053, 15, 467),
(6054, 15, 468),
(6055, 15, 469),
(6056, 15, 470),
(6057, 15, 471),
(6058, 15, 472),
(6059, 15, 473),
(6060, 15, 474),
(6061, 15, 475),
(6062, 15, 483),
(6063, 15, 476),
(6064, 15, 477),
(6065, 15, 478),
(6066, 15, 479),
(6067, 15, 480),
(6068, 15, 481),
(6069, 15, 482),
(6070, 15, 484),
(6071, 15, 485),
(6072, 15, 489),
(6073, 15, 490),
(6074, 15, 491),
(6075, 15, 492),
(6076, 15, 493),
(6077, 15, 494),
(6078, 15, 495),
(6079, 15, 496),
(6080, 15, 497),
(6081, 15, 498),
(6082, 15, 499),
(6083, 15, 500),
(6084, 15, 501),
(6085, 15, 502),
(6086, 15, 503),
(6087, 15, 504),
(6088, 15, 505),
(6089, 15, 506),
(6090, 15, 507),
(6091, 15, 508),
(6092, 15, 509),
(6093, 15, 510),
(6094, 15, 511),
(6095, 15, 512),
(6096, 15, 513),
(6097, 15, 514),
(6098, 15, 515),
(6099, 15, 516),
(6100, 15, 517),
(6101, 15, 518),
(6102, 15, 519),
(6103, 15, 520),
(6104, 15, 521),
(6105, 15, 522),
(6106, 15, 523),
(6107, 15, 524),
(6108, 15, 525),
(6109, 15, 526),
(6110, 15, 527),
(6111, 15, 528),
(6112, 15, 529),
(6113, 15, 530),
(6114, 15, 531),
(6115, 15, 532),
(6116, 15, 533),
(6117, 15, 534),
(6118, 15, 535),
(6119, 15, 536),
(6120, 15, 537),
(6121, 15, 538),
(6122, 15, 539),
(6123, 15, 540),
(6124, 15, 541),
(6125, 15, 542),
(6126, 15, 543),
(6127, 15, 544),
(6128, 15, 545),
(6129, 15, 546),
(6130, 15, 547),
(6131, 15, 548),
(6132, 15, 549),
(6133, 15, 550),
(6134, 15, 554),
(6135, 15, 551),
(6136, 15, 552),
(6137, 15, 553),
(6138, 15, 555),
(6139, 15, 556),
(6140, 15, 557),
(6141, 15, 558),
(6142, 15, 559),
(6143, 15, 560),
(6144, 15, 561),
(6145, 15, 562),
(6146, 15, 563),
(6147, 15, 564),
(6148, 15, 565),
(6149, 15, 288),
(6150, 15, 289),
(6151, 15, 566),
(6152, 15, 567),
(6153, 15, 568),
(6154, 15, 569),
(6155, 15, 570),
(6168, 17, 10),
(6169, 17, 11),
(6170, 17, 12),
(6171, 17, 13),
(6172, 17, 14),
(6173, 17, 15),
(6174, 17, 7),
(6175, 17, 8),
(6176, 17, 9),
(6177, 17, 486),
(6178, 17, 487),
(6179, 17, 488),
(6180, 17, 501),
(6181, 17, 502),
(6182, 17, 503);

-- --------------------------------------------------------

--
-- Table structure for table `room_allotment`
--

CREATE TABLE `room_allotment` (
  `id` int(20) NOT NULL,
  `id_student` int(20) DEFAULT 0,
  `id_hostel` int(20) DEFAULT 0,
  `id_room` int(20) DEFAULT 0,
  `id_room_type` int(20) DEFAULT 0,
  `from_dt` date DEFAULT NULL,
  `to_dt` date DEFAULT NULL,
  `status` int(2) DEFAULT 1,
  `created_by` int(20) DEFAULT NULL,
  `created_dt_tm` datetime DEFAULT current_timestamp(),
  `updated_by` int(20) DEFAULT NULL,
  `updated_dt_tm` datetime DEFAULT current_timestamp()
) ENGINE=InnoDB DEFAULT CHARSET=latin1;

--
-- Dumping data for table `room_allotment`
--

INSERT INTO `room_allotment` (`id`, `id_student`, `id_hostel`, `id_room`, `id_room_type`, `from_dt`, `to_dt`, `status`, `created_by`, `created_dt_tm`, `updated_by`, `updated_dt_tm`) VALUES
(1, 4, 1, 5, 1, '2020-07-10', '2020-07-15', 1, 1, '2020-07-11 13:23:43', NULL, '2020-07-11 13:23:43');

-- --------------------------------------------------------

--
-- Table structure for table `salutation_setup`
--

CREATE TABLE `salutation_setup` (
  `id` int(20) NOT NULL,
  `name` varchar(250) DEFAULT '',
  `sequence` int(20) DEFAULT 0,
  `status` int(2) DEFAULT NULL,
  `created_by` int(20) DEFAULT NULL,
  `created_dt_tm` datetime DEFAULT current_timestamp(),
  `updated_by` int(20) DEFAULT NULL,
  `updated_dt_tm` datetime DEFAULT current_timestamp()
) ENGINE=InnoDB DEFAULT CHARSET=latin1;

--
-- Dumping data for table `salutation_setup`
--

INSERT INTO `salutation_setup` (`id`, `name`, `sequence`, `status`, `created_by`, `created_dt_tm`, `updated_by`, `updated_dt_tm`) VALUES
(1, 'Mr', 1, 1, NULL, '2020-08-10 03:08:19', NULL, '2020-08-10 03:08:19'),
(2, 'Mrs', 2, 1, NULL, '2020-08-10 03:11:21', NULL, '2020-08-10 03:11:21'),
(3, 'Ms', 3, 1, NULL, '2020-08-10 03:11:21', NULL, '2020-08-10 03:11:21'),
(4, 'Dr', 4, 1, NULL, '2020-08-10 03:11:21', NULL, '2020-08-10 03:11:21'),
(5, 'Dato', 5, 1, NULL, '2020-08-10 03:11:21', NULL, '2020-08-10 03:11:21'),
(6, 'Ir', 6, 1, NULL, '2020-08-10 03:11:21', NULL, '2020-08-10 03:11:21');

-- --------------------------------------------------------

--
-- Table structure for table `scheme`
--

CREATE TABLE `scheme` (
  `id` int(20) NOT NULL,
  `description` varchar(580) DEFAULT '',
  `description_in_optional_language` varchar(580) DEFAULT '',
  `code` varchar(50) DEFAULT '',
  `status` int(2) DEFAULT 1,
  `created_by` int(20) DEFAULT NULL,
  `created_dt_tm` datetime DEFAULT current_timestamp(),
  `updated_by` int(20) DEFAULT NULL,
  `updated_dt_tm` datetime DEFAULT current_timestamp()
) ENGINE=InnoDB DEFAULT CHARSET=latin1;

--
-- Dumping data for table `scheme`
--

INSERT INTO `scheme` (`id`, `description`, `description_in_optional_language`, `code`, `status`, `created_by`, `created_dt_tm`, `updated_by`, `updated_dt_tm`) VALUES
(1, 'Malaysian', 'Malaysian', '01', 1, 1, '2020-07-13 08:36:42', 1, '2020-07-13 08:36:42'),
(2, 'Corporate ', 'Corporate', '04', 0, 1, '2020-08-09 20:11:38', 1, '2020-08-09 20:11:38'),
(3, 'International Students', 'International students', '02', 1, 1, '2020-08-09 20:12:00', 1, '2020-08-09 20:12:00'),
(4, 'International Partner', 'International Partner', '03', 0, 1, '2020-08-10 20:26:02', 1, '2020-08-10 20:26:02');

-- --------------------------------------------------------

--
-- Table structure for table `scheme_has_nationality`
--

CREATE TABLE `scheme_has_nationality` (
  `id` bigint(20) NOT NULL,
  `id_scheme` int(20) DEFAULT 0,
  `id_nationality` int(20) DEFAULT 0,
  `status` int(20) DEFAULT 1,
  `created_by` int(20) DEFAULT 0,
  `created_dt_tm` datetime DEFAULT current_timestamp(),
  `updated_by` int(20) DEFAULT 0,
  `updated_dt_tm` datetime DEFAULT current_timestamp()
) ENGINE=InnoDB DEFAULT CHARSET=latin1;

--
-- Dumping data for table `scheme_has_nationality`
--

INSERT INTO `scheme_has_nationality` (`id`, `id_scheme`, `id_nationality`, `status`, `created_by`, `created_dt_tm`, `updated_by`, `updated_dt_tm`) VALUES
(2, 2, 1, 1, 0, '2020-08-31 20:08:18', 0, '2020-08-31 20:08:18'),
(3, 1, 1, 1, 0, '2020-09-01 00:38:02', 0, '2020-09-01 00:38:02'),
(4, 3, 2, 1, 0, '2020-09-01 05:36:54', 0, '2020-09-01 05:36:54'),
(5, 4, 2, 1, 0, '2020-09-01 05:38:47', 0, '2020-09-01 05:38:47');

-- --------------------------------------------------------

--
-- Table structure for table `scheme_has_program`
--

CREATE TABLE `scheme_has_program` (
  `id` int(20) NOT NULL,
  `id_scholarship_scheme` bigint(20) DEFAULT 0,
  `id_program` bigint(20) DEFAULT 0,
  `id_sub_thrust` int(20) DEFAULT 0,
  `quota` int(20) DEFAULT 0,
  `status` int(2) DEFAULT 0,
  `created_by` int(20) DEFAULT NULL,
  `created_dt_tm` datetime DEFAULT current_timestamp(),
  `updated_by` int(20) DEFAULT NULL,
  `updated_dt_tm` datetime DEFAULT current_timestamp()
) ENGINE=InnoDB DEFAULT CHARSET=latin1;

--
-- Dumping data for table `scheme_has_program`
--

INSERT INTO `scheme_has_program` (`id`, `id_scholarship_scheme`, `id_program`, `id_sub_thrust`, `quota`, `status`, `created_by`, `created_dt_tm`, `updated_by`, `updated_dt_tm`) VALUES
(1, 1, 2, 1, 80, 0, NULL, '2020-07-29 12:41:24', NULL, '2020-07-29 12:41:24'),
(3, 1, 1, 1, 70, 0, NULL, '2020-07-29 12:42:32', NULL, '2020-07-29 12:42:32');

-- --------------------------------------------------------

--
-- Table structure for table `scholar`
--

CREATE TABLE `scholar` (
  `id` int(11) NOT NULL,
  `email` varchar(1024) NOT NULL COMMENT 'login email',
  `password` varchar(1024) NOT NULL COMMENT 'hashed login password',
  `salutation` varchar(50) DEFAULT '',
  `name` varchar(1024) DEFAULT NULL COMMENT 'full name of user',
  `first_name` varchar(1024) DEFAULT '',
  `last_name` varchar(1024) DEFAULT '',
  `mobile` varchar(20) DEFAULT NULL,
  `id_role` tinyint(4) NOT NULL,
  `status` int(20) DEFAULT 0,
  `is_deleted` tinyint(4) NOT NULL DEFAULT 0,
  `created_by` int(11) NOT NULL,
  `created_dt_tm` datetime DEFAULT current_timestamp(),
  `updated_by` int(11) DEFAULT NULL,
  `updated_dt_tm` datetime DEFAULT current_timestamp()
) ENGINE=MyISAM DEFAULT CHARSET=utf8;

--
-- Dumping data for table `scholar`
--

INSERT INTO `scholar` (`id`, `email`, `password`, `salutation`, `name`, `first_name`, `last_name`, `mobile`, `id_role`, `status`, `is_deleted`, `created_by`, `created_dt_tm`, `updated_by`, `updated_dt_tm`) VALUES
(1, 'vk@cms.com', '7fef6171469e80d32c0559f88b377245', '1', 'Mr. Vinay Kiran', 'Vinay', 'Kiran', '8888888888', 1, 1, 0, 1, '2020-07-29 00:00:00', 1, '2020-07-23 00:00:00');

-- --------------------------------------------------------

--
-- Table structure for table `scholarship_accreditation_category`
--

CREATE TABLE `scholarship_accreditation_category` (
  `id` int(20) NOT NULL,
  `name` varchar(2048) DEFAULT '',
  `code` varchar(200) DEFAULT '',
  `name_optional_language` varchar(2048) DEFAULT '',
  `status` int(2) DEFAULT NULL,
  `created_by` int(20) DEFAULT NULL,
  `created_dt_tm` datetime DEFAULT current_timestamp(),
  `updated_by` int(20) DEFAULT NULL,
  `updated_dt_tm` datetime DEFAULT current_timestamp()
) ENGINE=InnoDB DEFAULT CHARSET=latin1;

--
-- Dumping data for table `scholarship_accreditation_category`
--

INSERT INTO `scholarship_accreditation_category` (`id`, `name`, `code`, `name_optional_language`, `status`, `created_by`, `created_dt_tm`, `updated_by`, `updated_dt_tm`) VALUES
(1, 'Accreditation', 'Acc', '', 1, NULL, '2020-07-27 12:16:07', NULL, '2020-07-27 12:16:07');

-- --------------------------------------------------------

--
-- Table structure for table `scholarship_accreditation_type`
--

CREATE TABLE `scholarship_accreditation_type` (
  `id` int(20) NOT NULL,
  `name` varchar(2048) DEFAULT '',
  `code` varchar(200) DEFAULT '',
  `name_optional_language` varchar(2048) DEFAULT '',
  `status` int(2) DEFAULT NULL,
  `created_by` int(20) DEFAULT NULL,
  `created_dt_tm` datetime DEFAULT current_timestamp(),
  `updated_by` int(20) DEFAULT NULL,
  `updated_dt_tm` datetime DEFAULT current_timestamp()
) ENGINE=InnoDB DEFAULT CHARSET=latin1;

--
-- Dumping data for table `scholarship_accreditation_type`
--

INSERT INTO `scholarship_accreditation_type` (`id`, `name`, `code`, `name_optional_language`, `status`, `created_by`, `created_dt_tm`, `updated_by`, `updated_dt_tm`) VALUES
(1, 'Local', 'LOC', '', 1, NULL, '2020-07-27 12:16:28', NULL, '2020-07-27 12:16:28'),
(2, 'International', 'INT', '', 1, NULL, '2020-07-27 12:16:47', NULL, '2020-07-27 12:16:47');

-- --------------------------------------------------------

--
-- Table structure for table `scholarship_amount_calculation_type`
--

CREATE TABLE `scholarship_amount_calculation_type` (
  `id` int(20) NOT NULL,
  `name` varchar(520) DEFAULT '',
  `name_optional_language` varchar(520) DEFAULT '',
  `code` varchar(50) DEFAULT '',
  `status` int(2) DEFAULT 1,
  `created_by` int(20) DEFAULT NULL,
  `created_dt_tm` datetime DEFAULT current_timestamp(),
  `updated_by` int(20) DEFAULT NULL,
  `updated_dt_tm` datetime DEFAULT current_timestamp()
) ENGINE=InnoDB DEFAULT CHARSET=latin1;

-- --------------------------------------------------------

--
-- Table structure for table `scholarship_applicant`
--

CREATE TABLE `scholarship_applicant` (
  `id` int(20) NOT NULL,
  `id_scholarship_scheme` int(11) DEFAULT 0,
  `id_scholar_applicant` int(11) DEFAULT 0,
  `id_application` int(20) DEFAULT 0,
  `year` int(11) DEFAULT 0,
  `id_intake` int(11) DEFAULT NULL,
  `id_program` int(11) DEFAULT NULL,
  `full_name` varchar(580) DEFAULT '',
  `salutation` varchar(120) DEFAULT '',
  `first_name` varchar(120) DEFAULT '',
  `last_name` varchar(120) DEFAULT '',
  `nric` varchar(120) DEFAULT '',
  `passport` varchar(120) DEFAULT '',
  `phone` varchar(120) DEFAULT '',
  `email_id` varchar(120) DEFAULT '',
  `password` varchar(120) DEFAULT '',
  `passport_expiry_date` varchar(120) DEFAULT '',
  `gender` varchar(120) DEFAULT '',
  `date_of_birth` varchar(120) DEFAULT '',
  `martial_status` varchar(120) DEFAULT '',
  `religion` varchar(120) DEFAULT '',
  `nationality` varchar(120) DEFAULT '',
  `is_hostel` int(20) DEFAULT 0,
  `id_degree_type` int(20) DEFAULT 0,
  `id_race` varchar(120) DEFAULT '',
  `mail_address1` varchar(120) DEFAULT '',
  `mail_address2` varchar(120) DEFAULT '',
  `mailing_country` int(120) DEFAULT NULL,
  `mailing_state` int(120) DEFAULT NULL,
  `mailing_city` varchar(120) DEFAULT '',
  `mailing_zipcode` varchar(120) DEFAULT '',
  `permanent_address1` varchar(120) DEFAULT '',
  `permanent_address2` varchar(120) DEFAULT '',
  `permanent_country` int(120) DEFAULT NULL,
  `permanent_state` int(120) DEFAULT NULL,
  `permanent_city` varchar(120) DEFAULT '',
  `permanent_zipcode` varchar(120) DEFAULT '',
  `sibbling_discount` varchar(50) DEFAULT '',
  `employee_discount` varchar(50) DEFAULT '',
  `applicant_status` varchar(50) DEFAULT 'Draft',
  `is_sibbling_discount` int(20) DEFAULT 3,
  `is_employee_discount` int(20) DEFAULT 3,
  `id_type` varchar(888) DEFAULT NULL,
  `passport_number` varchar(1024) DEFAULT NULL,
  `email_verified` int(2) DEFAULT 0,
  `is_submitted` int(2) DEFAULT 0,
  `is_updated` int(2) DEFAULT 0,
  `reason` varchar(2048) DEFAULT '',
  `status` int(20) DEFAULT NULL,
  `approved_by` int(20) DEFAULT 0,
  `created_by` int(20) DEFAULT NULL,
  `created_dt_tm` datetime DEFAULT current_timestamp(),
  `updated_by` int(20) DEFAULT NULL,
  `updated_dt_tm` datetime DEFAULT current_timestamp()
) ENGINE=InnoDB DEFAULT CHARSET=latin1;

-- --------------------------------------------------------

--
-- Table structure for table `scholarship_application`
--

CREATE TABLE `scholarship_application` (
  `id` int(20) NOT NULL,
  `id_student` bigint(20) DEFAULT 0,
  `id_program` bigint(20) DEFAULT 0,
  `id_intake` bigint(20) DEFAULT 0,
  `id_qualification` bigint(20) DEFAULT 0,
  `application_number` varchar(80) DEFAULT '',
  `id_scholarship_scheme` int(20) DEFAULT 0,
  `id_scholar_applicant` int(20) DEFAULT 0,
  `father_name` varchar(1024) DEFAULT '',
  `mother_name` varchar(1024) DEFAULT '',
  `father_deceased` bigint(20) DEFAULT 0,
  `father_occupation` varchar(1024) DEFAULT '',
  `no_siblings` bigint(20) DEFAULT 0,
  `year` bigint(20) DEFAULT 0,
  `result_item` varchar(500) DEFAULT '',
  `est_fee` float(20,2) DEFAULT 0.00,
  `max_marks` bigint(20) DEFAULT 0,
  `obtained_marks` bigint(20) DEFAULT 0,
  `percentage` float(20,2) DEFAULT 0.00,
  `reason` varchar(50) DEFAULT '',
  `status` int(2) DEFAULT 0,
  `created_by` int(20) DEFAULT NULL,
  `created_dt_tm` datetime DEFAULT current_timestamp(),
  `updated_by` int(20) DEFAULT NULL,
  `updated_dt_tm` datetime DEFAULT current_timestamp()
) ENGINE=InnoDB DEFAULT CHARSET=latin1;

-- --------------------------------------------------------

--
-- Table structure for table `scholarship_assesment_method_setup`
--

CREATE TABLE `scholarship_assesment_method_setup` (
  `id` int(20) NOT NULL,
  `name` varchar(1024) DEFAULT '',
  `type` float(20,2) DEFAULT 0.00,
  `status` int(2) DEFAULT NULL,
  `created_by` int(20) DEFAULT NULL,
  `created_dt_tm` datetime DEFAULT current_timestamp(),
  `updated_by` int(20) DEFAULT NULL,
  `updated_dt_tm` datetime DEFAULT current_timestamp()
) ENGINE=InnoDB DEFAULT CHARSET=latin1;

-- --------------------------------------------------------

--
-- Table structure for table `scholarship_award_setup`
--

CREATE TABLE `scholarship_award_setup` (
  `id` int(20) NOT NULL,
  `code` varchar(200) DEFAULT '',
  `name` varchar(1024) DEFAULT '',
  `level` int(20) DEFAULT NULL,
  `description` varchar(500) DEFAULT '',
  `id_programme` int(20) DEFAULT NULL,
  `status` int(2) DEFAULT NULL,
  `created_by` int(20) DEFAULT NULL,
  `created_dt_tm` datetime DEFAULT current_timestamp(),
  `updated_by` int(20) DEFAULT NULL,
  `updated_dt_tm` datetime DEFAULT current_timestamp()
) ENGINE=InnoDB DEFAULT CHARSET=latin1;

--
-- Dumping data for table `scholarship_award_setup`
--

INSERT INTO `scholarship_award_setup` (`id`, `code`, `name`, `level`, `description`, `id_programme`, `status`, `created_by`, `created_dt_tm`, `updated_by`, `updated_dt_tm`) VALUES
(1, 'COA', 'Certificate of Attendance', 1, 'Certificate of Attendance', NULL, 1, NULL, '2020-07-24 05:18:21', NULL, '2020-07-24 05:18:21'),
(2, 'CER', 'Certificate', 2, 'Certificate of Passing', NULL, 1, NULL, '2020-07-24 05:18:44', NULL, '2020-07-24 05:18:44'),
(3, 'DIP', 'Diploma', 3, 'Diploma', NULL, 1, NULL, '2020-07-24 05:19:08', NULL, '2020-07-24 05:19:08'),
(4, 'DEG', 'Degree', 4, 'Degree', NULL, 1, NULL, '2020-07-24 05:19:27', NULL, '2020-07-24 05:19:27'),
(5, 'PRO', 'Chartered', 5, 'Chartered', NULL, 1, NULL, '2020-07-24 05:20:46', NULL, '2020-07-24 05:20:46');

-- --------------------------------------------------------

--
-- Table structure for table `scholarship_bank_registration`
--

CREATE TABLE `scholarship_bank_registration` (
  `id` int(20) NOT NULL,
  `name` varchar(580) DEFAULT '',
  `code` varchar(50) DEFAULT '',
  `bank_id` varchar(50) DEFAULT '',
  `address` varchar(580) DEFAULT '',
  `landmark` varchar(580) DEFAULT '',
  `city` varchar(580) DEFAULT '',
  `id_state` int(20) DEFAULT NULL,
  `id_country` int(20) DEFAULT NULL,
  `zipcode` int(10) DEFAULT NULL,
  `cr_fund` varchar(50) DEFAULT '',
  `cr_department` varchar(50) DEFAULT '',
  `cr_activity` varchar(50) DEFAULT '',
  `cr_account` varchar(50) DEFAULT '',
  `status` int(2) DEFAULT NULL,
  `created_by` int(20) DEFAULT NULL,
  `created_dt_tm` datetime DEFAULT current_timestamp(),
  `updated_by` int(20) DEFAULT NULL,
  `updated_dt_tm` datetime DEFAULT current_timestamp()
) ENGINE=InnoDB DEFAULT CHARSET=latin1;

-- --------------------------------------------------------

--
-- Table structure for table `scholarship_country`
--

CREATE TABLE `scholarship_country` (
  `id` int(20) NOT NULL,
  `name` varchar(120) DEFAULT '',
  `status` int(2) DEFAULT 1,
  `created_by` int(2) DEFAULT 0,
  `created_dt_tm` datetime DEFAULT current_timestamp(),
  `updated_by` int(2) DEFAULT 0,
  `updated_dt_tm` datetime DEFAULT current_timestamp()
) ENGINE=InnoDB DEFAULT CHARSET=latin1;

--
-- Dumping data for table `scholarship_country`
--

INSERT INTO `scholarship_country` (`id`, `name`, `status`, `created_by`, `created_dt_tm`, `updated_by`, `updated_dt_tm`) VALUES
(1, 'Malaysia', 1, 0, '2020-07-22 01:33:31', 0, '2020-07-22 01:33:31');

-- --------------------------------------------------------

--
-- Table structure for table `scholarship_department`
--

CREATE TABLE `scholarship_department` (
  `id` int(20) NOT NULL,
  `name` varchar(200) DEFAULT '',
  `code` varchar(120) DEFAULT '',
  `description` varchar(520) DEFAULT '',
  `status` int(2) DEFAULT NULL,
  `created_by` int(20) DEFAULT NULL,
  `created_dt_tm` datetime DEFAULT current_timestamp(),
  `updated_by` int(20) DEFAULT NULL,
  `updated_dt_tm` datetime DEFAULT current_timestamp()
) ENGINE=InnoDB DEFAULT CHARSET=latin1;

--
-- Dumping data for table `scholarship_department`
--

INSERT INTO `scholarship_department` (`id`, `name`, `code`, `description`, `status`, `created_by`, `created_dt_tm`, `updated_by`, `updated_dt_tm`) VALUES
(1, 'Batchelor Of Computer Science', 'B.CS', 'Batchelor Of Computer Science', 1, NULL, '2020-07-22 01:41:36', NULL, '2020-07-22 01:41:36');

-- --------------------------------------------------------

--
-- Table structure for table `scholarship_department_has_staff`
--

CREATE TABLE `scholarship_department_has_staff` (
  `id` int(20) NOT NULL,
  `id_department` int(20) DEFAULT 0,
  `id_staff` int(20) DEFAULT 0,
  `effective_date` datetime DEFAULT current_timestamp(),
  `status` int(2) DEFAULT NULL,
  `created_by` int(20) DEFAULT NULL,
  `created_dt_tm` datetime DEFAULT current_timestamp(),
  `updated_by` int(20) DEFAULT NULL,
  `updated_dt_tm` datetime DEFAULT current_timestamp()
) ENGINE=InnoDB DEFAULT CHARSET=latin1;

--
-- Dumping data for table `scholarship_department_has_staff`
--

INSERT INTO `scholarship_department_has_staff` (`id`, `id_department`, `id_staff`, `effective_date`, `status`, `created_by`, `created_dt_tm`, `updated_by`, `updated_dt_tm`) VALUES
(1, 1, 1, '2019-09-09 00:00:00', NULL, NULL, '2020-07-22 03:09:34', NULL, '2020-07-22 03:09:34');

-- --------------------------------------------------------

--
-- Table structure for table `scholarship_documents`
--

CREATE TABLE `scholarship_documents` (
  `id` int(20) NOT NULL,
  `name` varchar(520) DEFAULT '',
  `description` varchar(500) DEFAULT '',
  `code` varchar(50) DEFAULT '',
  `id_programme` int(20) DEFAULT NULL,
  `status` int(2) DEFAULT NULL,
  `created_by` int(20) DEFAULT NULL,
  `created_dt_tm` datetime DEFAULT current_timestamp(),
  `updated_by` int(20) DEFAULT NULL,
  `updated_dt_tm` datetime DEFAULT current_timestamp()
) ENGINE=InnoDB DEFAULT CHARSET=latin1;

-- --------------------------------------------------------

--
-- Table structure for table `scholarship_documents_for_applicant`
--

CREATE TABLE `scholarship_documents_for_applicant` (
  `id` int(20) NOT NULL,
  `name` varchar(1024) DEFAULT '',
  `name_in_malay` varchar(1024) DEFAULT '',
  `code` varchar(50) DEFAULT '',
  `id_scholarship_program` int(20) DEFAULT NULL,
  `status` int(2) DEFAULT 0,
  `created_by` int(20) DEFAULT NULL,
  `created_dt_tm` datetime DEFAULT current_timestamp(),
  `updated_by` int(20) DEFAULT NULL,
  `updated_dt_tm` datetime DEFAULT current_timestamp()
) ENGINE=InnoDB DEFAULT CHARSET=latin1;

-- --------------------------------------------------------

--
-- Table structure for table `scholarship_documents_program`
--

CREATE TABLE `scholarship_documents_program` (
  `id` int(20) NOT NULL,
  `id_document` int(20) DEFAULT 0,
  `description` varchar(2048) DEFAULT '',
  `status` int(2) DEFAULT NULL,
  `created_by` int(20) DEFAULT NULL,
  `created_dt_tm` datetime DEFAULT current_timestamp(),
  `updated_by` int(20) DEFAULT NULL,
  `updated_dt_tm` datetime DEFAULT current_timestamp()
) ENGINE=InnoDB DEFAULT CHARSET=latin1;

-- --------------------------------------------------------

--
-- Table structure for table `scholarship_documents_program_details`
--

CREATE TABLE `scholarship_documents_program_details` (
  `id` int(20) NOT NULL,
  `id_documents_program` int(20) DEFAULT 0,
  `id_program` int(20) DEFAULT 0,
  `status` int(2) DEFAULT NULL,
  `created_by` int(20) DEFAULT NULL,
  `created_dt_tm` datetime DEFAULT current_timestamp(),
  `updated_by` int(20) DEFAULT NULL,
  `updated_dt_tm` datetime DEFAULT current_timestamp()
) ENGINE=InnoDB DEFAULT CHARSET=latin1;

-- --------------------------------------------------------

--
-- Table structure for table `scholarship_education_level`
--

CREATE TABLE `scholarship_education_level` (
  `id` int(20) NOT NULL,
  `name` varchar(1024) DEFAULT '',
  `short_name` varchar(1024) DEFAULT '',
  `code` varchar(200) DEFAULT '',
  `status` int(2) DEFAULT NULL,
  `created_by` int(20) DEFAULT NULL,
  `created_dt_tm` datetime DEFAULT current_timestamp(),
  `updated_by` int(20) DEFAULT NULL,
  `updated_dt_tm` datetime DEFAULT current_timestamp()
) ENGINE=InnoDB DEFAULT CHARSET=latin1;

--
-- Dumping data for table `scholarship_education_level`
--

INSERT INTO `scholarship_education_level` (`id`, `name`, `short_name`, `code`, `status`, `created_by`, `created_dt_tm`, `updated_by`, `updated_dt_tm`) VALUES
(1, 'Master', 'Master', '', 1, NULL, '2020-07-24 23:33:52', NULL, '2020-07-24 23:33:52'),
(2, 'POSTGRADUATE', 'POSTGRADUATE', '', 1, NULL, '2020-08-27 04:52:35', NULL, '2020-08-27 04:52:35'),
(7, 'Bachelor Degree', 'Degree', '', 0, NULL, '2020-09-13 14:22:20', NULL, '2020-09-13 14:22:20'),
(8, 'Diploma', 'Diploma', '', 0, NULL, '2020-11-13 08:12:44', NULL, '2020-11-13 08:12:44');

-- --------------------------------------------------------

--
-- Table structure for table `scholarship_examination_details`
--

CREATE TABLE `scholarship_examination_details` (
  `id` int(20) NOT NULL,
  `id_scholar_applicant` int(20) DEFAULT NULL,
  `id_scholarship_scheme` int(20) DEFAULT 0,
  `id_application` int(20) DEFAULT 0,
  `qualification_level` varchar(120) DEFAULT '',
  `degree_awarded` varchar(120) DEFAULT '',
  `specialization` varchar(120) DEFAULT '',
  `class_degree` varchar(120) DEFAULT '',
  `result` varchar(120) DEFAULT '',
  `year` varchar(20) DEFAULT '',
  `medium` varchar(120) DEFAULT '',
  `college_country` varchar(120) DEFAULT '',
  `college_name` varchar(120) DEFAULT '',
  `certificate` varchar(520) DEFAULT '',
  `transcript` varchar(520) DEFAULT '',
  `status` int(20) DEFAULT NULL,
  `created_by` int(20) DEFAULT NULL,
  `created_dt_tm` datetime DEFAULT current_timestamp(),
  `updated_by` int(20) DEFAULT NULL,
  `updated_dt_tm` datetime DEFAULT current_timestamp()
) ENGINE=InnoDB DEFAULT CHARSET=latin1;

-- --------------------------------------------------------

--
-- Table structure for table `scholarship_frequency_mode`
--

CREATE TABLE `scholarship_frequency_mode` (
  `id` int(20) NOT NULL,
  `name` varchar(520) DEFAULT '',
  `name_optional_language` varchar(520) DEFAULT '',
  `code` varchar(50) DEFAULT '',
  `status` int(2) DEFAULT 1,
  `created_by` int(20) DEFAULT NULL,
  `created_dt_tm` datetime DEFAULT current_timestamp(),
  `updated_by` int(20) DEFAULT NULL,
  `updated_dt_tm` datetime DEFAULT current_timestamp()
) ENGINE=InnoDB DEFAULT CHARSET=latin1;

-- --------------------------------------------------------

--
-- Table structure for table `scholarship_individual_entry_requirement`
--

CREATE TABLE `scholarship_individual_entry_requirement` (
  `id` int(20) NOT NULL,
  `id_program` int(20) DEFAULT 0,
  `age` int(20) DEFAULT 0,
  `education` int(20) DEFAULT 0,
  `work_experience` int(20) DEFAULT 0,
  `other` int(20) DEFAULT 0,
  `min_age` int(20) DEFAULT 0,
  `max_age` int(20) DEFAULT 0,
  `id_education_qualification` int(20) DEFAULT 0,
  `education_description` varchar(2048) DEFAULT '',
  `min_work_experience` int(20) DEFAULT 0,
  `id_work_specialisation` int(20) DEFAULT 0,
  `work_description` varchar(2048) DEFAULT '',
  `other_description` varchar(2048) DEFAULT '',
  `status` int(2) DEFAULT NULL,
  `created_by` int(20) DEFAULT NULL,
  `created_dt_tm` datetime DEFAULT current_timestamp(),
  `updated_by` int(20) DEFAULT NULL,
  `updated_dt_tm` datetime DEFAULT current_timestamp(),
  `entry_type` varchar(50) DEFAULT NULL
) ENGINE=InnoDB DEFAULT CHARSET=latin1;

--
-- Dumping data for table `scholarship_individual_entry_requirement`
--

INSERT INTO `scholarship_individual_entry_requirement` (`id`, `id_program`, `age`, `education`, `work_experience`, `other`, `min_age`, `max_age`, `id_education_qualification`, `education_description`, `min_work_experience`, `id_work_specialisation`, `work_description`, `other_description`, `status`, `created_by`, `created_dt_tm`, `updated_by`, `updated_dt_tm`, `entry_type`) VALUES
(4, 1, 1, 0, 0, 0, 10, 88, 0, '', 0, 0, '', '', 1, NULL, '2020-07-30 12:54:23', NULL, '2020-07-30 12:54:23', 'ENTRY'),
(5, 1, 1, 1, 1, 1, 0, 0, 1, '', 0, 1, '', 'vxcvcv', 1, 1, '2020-08-18 10:34:45', NULL, '2020-08-18 10:34:45', 'ENTRY'),
(6, 1, 1, 0, 0, 1, 20, 30, 0, '', 0, 0, '', 'Must Graduated With Batchelor Degree .', 1, 1, '2020-08-18 11:43:54', NULL, '2020-08-18 11:43:54', 'ENTRY'),
(7, 2, 1, 1, 0, 0, 22, 29, 1, '', 0, 0, '', '', 1, 1, '2020-08-18 12:54:03', NULL, '2020-08-18 12:54:03', 'ENTRY'),
(8, 3, 1, 1, 1, 0, 19, 25, 1, '', 1, 1, '', '', 1, 1, '2020-08-20 06:52:58', NULL, '2020-08-20 06:52:58', 'ENTRY'),
(9, 3, 1, 1, 0, 0, 25, 29, 1, '', 0, 0, '', '', 1, 1, '2020-08-20 06:53:39', NULL, '2020-08-20 06:53:39', 'ENTRY'),
(10, 4, 1, 1, 0, 0, 18, 25, 3, '', 0, 0, '', '', 1, 1, '2020-08-27 13:31:30', NULL, '2020-08-27 13:31:30', 'ENTRY'),
(11, 6, 1, 1, 0, 1, 18, 26, 7, '', 0, 0, '', 'If ANy Additional COurses', 1, 1, '2020-11-08 10:16:41', NULL, '2020-11-08 10:16:41', 'ENTRY'),
(12, 3, 1, 1, 0, 1, 19, 24, 2, '', 0, 0, '', 'English proficency', 1, 1, '2020-12-07 00:09:14', NULL, '2020-12-07 00:09:14', 'ENTRY'),
(13, 8, 1, 1, 1, 1, 15, 24, 7, '', 1, 1, '', 'Aby Certification Courses', 1, 1, '2020-12-10 00:30:03', NULL, '2020-12-10 00:30:03', 'ENTRY'),
(14, 5, 1, 1, 1, 1, 14, 18, 7, '', 1, 1, '', 'Any Internship', 1, 1, '2020-12-20 14:39:07', NULL, '2020-12-20 14:39:07', 'ENTRY'),
(15, 9, 1, 1, 1, 0, 18, 35, 8, '', 2, 1, '', '', 1, 1, '2020-12-22 23:41:20', NULL, '2020-12-22 23:41:20', 'ENTRY'),
(17, 10, 0, 0, 0, 1, 0, 0, 0, '', 0, 0, '', 'A Bachelor’s Degree or its equivalent, with a minimum CGPA of 2.75', 1, 1, '2021-01-14 11:49:01', NULL, '2021-01-14 11:49:01', 'ENTRY'),
(18, 10, 0, 0, 0, 1, 0, 0, 0, '', 0, 0, '', 'A Bachelor’s Degree or its equivalent, with a minimum CGPA of 2.50 and not meeting CGPA of 2.75, can be accepted subject to rigorous internal assessment process; ', 1, 1, '2021-01-14 11:49:13', NULL, '2021-01-14 11:49:13', 'ENTRY'),
(19, 10, 0, 0, 0, 1, 0, 0, 0, '', 0, 0, '', 'A Bachelor’s Degree or its equivalent, with CGPA less than 2.50, with a minimum of 5 years working experience in a relevant field may be accepted.', 1, 1, '2021-01-14 11:49:24', NULL, '2021-01-14 11:49:24', 'ENTRY'),
(21, 10, 0, 0, 0, 1, 0, 0, 0, '', 0, 0, '', 'Minimum 30 years of age on the year of application', 1, 1, '2021-01-14 22:50:31', NULL, '2021-01-14 22:50:31', 'APPEL'),
(22, 10, 0, 0, 0, 1, 0, 0, 0, '', 0, 0, '', 'Possess at least STPM / ‘A’ Level / Diploma / equivalent (e.g. foundation)', 1, 1, '2021-01-14 22:50:53', NULL, '2021-01-14 22:50:53', 'APPEL'),
(23, 10, 0, 0, 0, 1, 0, 0, 0, '', 0, 0, '', 'Relevant working experience', 1, 1, '2021-01-14 22:51:13', NULL, '2021-01-14 22:51:13', 'APPEL');

-- --------------------------------------------------------

--
-- Table structure for table `scholarship_module_type_setup`
--

CREATE TABLE `scholarship_module_type_setup` (
  `id` int(20) NOT NULL,
  `code` varchar(200) DEFAULT '',
  `name` varchar(1024) DEFAULT '',
  `status` int(2) DEFAULT NULL,
  `created_by` int(20) DEFAULT NULL,
  `created_dt_tm` datetime DEFAULT current_timestamp(),
  `updated_by` int(20) DEFAULT NULL,
  `updated_dt_tm` datetime DEFAULT current_timestamp()
) ENGINE=InnoDB DEFAULT CHARSET=latin1;

--
-- Dumping data for table `scholarship_module_type_setup`
--

INSERT INTO `scholarship_module_type_setup` (`id`, `code`, `name`, `status`, `created_by`, `created_dt_tm`, `updated_by`, `updated_dt_tm`) VALUES
(1, 'COM', 'Compulsory', 1, NULL, '2020-07-23 07:09:30', NULL, '2020-07-23 07:09:30'),
(2, 'ELE', 'Elective', 1, NULL, '2020-07-23 18:09:01', NULL, '2020-07-23 18:09:01'),
(3, 'MQA', 'MQA', 1, NULL, '2020-07-23 18:09:15', NULL, '2020-07-23 18:09:15'),
(4, 'UNI', 'University Module', 1, NULL, '2020-07-23 18:09:30', NULL, '2020-07-23 18:09:30');

-- --------------------------------------------------------

--
-- Table structure for table `scholarship_organisation_has_department`
--

CREATE TABLE `scholarship_organisation_has_department` (
  `id` int(20) NOT NULL,
  `id_organisation` int(20) DEFAULT 0,
  `id_department` int(20) DEFAULT 0,
  `status` int(2) DEFAULT NULL,
  `created_by` int(20) DEFAULT NULL,
  `created_dt_tm` datetime DEFAULT current_timestamp(),
  `updated_by` int(20) DEFAULT NULL,
  `updated_dt_tm` datetime DEFAULT current_timestamp()
) ENGINE=InnoDB DEFAULT CHARSET=latin1;

--
-- Dumping data for table `scholarship_organisation_has_department`
--

INSERT INTO `scholarship_organisation_has_department` (`id`, `id_organisation`, `id_department`, `status`, `created_by`, `created_dt_tm`, `updated_by`, `updated_dt_tm`) VALUES
(2, 1, 1, NULL, NULL, '2020-07-30 11:03:25', NULL, '2020-07-30 11:03:25');

-- --------------------------------------------------------

--
-- Table structure for table `scholarship_organisation_setup`
--

CREATE TABLE `scholarship_organisation_setup` (
  `id` int(20) NOT NULL,
  `name` varchar(500) DEFAULT '',
  `code` varchar(200) DEFAULT '',
  `short_name` varchar(500) DEFAULT '',
  `name_in_malay` varchar(500) DEFAULT '',
  `url` varchar(500) DEFAULT '',
  `id_country` int(20) DEFAULT 0,
  `id_registrar` int(20) DEFAULT 0,
  `date_time` datetime DEFAULT current_timestamp(),
  `contact_number` int(20) DEFAULT 0,
  `email` varchar(200) DEFAULT '',
  `fax_number` varchar(50) DEFAULT '',
  `address1` varchar(1024) DEFAULT '',
  `address2` varchar(1024) DEFAULT '',
  `id_state` int(20) DEFAULT 0,
  `city` varchar(512) DEFAULT '',
  `zipcode` int(20) DEFAULT 0,
  `status` int(2) DEFAULT 0,
  `created_by` int(20) DEFAULT NULL,
  `created_dt_tm` datetime DEFAULT current_timestamp(),
  `updated_by` int(20) DEFAULT NULL,
  `updated_dt_tm` datetime DEFAULT current_timestamp()
) ENGINE=InnoDB DEFAULT CHARSET=latin1;

--
-- Dumping data for table `scholarship_organisation_setup`
--

INSERT INTO `scholarship_organisation_setup` (`id`, `name`, `code`, `short_name`, `name_in_malay`, `url`, `id_country`, `id_registrar`, `date_time`, `contact_number`, `email`, `fax_number`, `address1`, `address2`, `id_state`, `city`, `zipcode`, `status`, `created_by`, `created_dt_tm`, `updated_by`, `updated_dt_tm`) VALUES
(1, 'College Management System', 'COD', 'CMS', 'College Management System', 'https://www.cms.com', 1, 0, '1970-01-01 00:00:00', 2147483647, 'email', '12121', 'KL', '9-2-353/1, KL', 1, 'sadsad', 22228888, 1, NULL, '2020-06-08 20:52:06', NULL, '2020-06-08 20:52:06');

-- --------------------------------------------------------

--
-- Table structure for table `scholarship_organisation_setup_comitee`
--

CREATE TABLE `scholarship_organisation_setup_comitee` (
  `id` int(20) NOT NULL,
  `id_organisation` int(20) DEFAULT 0,
  `role` varchar(50) DEFAULT '',
  `name` varchar(1024) DEFAULT '',
  `nric` varchar(100) DEFAULT '',
  `effective_date` datetime DEFAULT NULL,
  `status` int(2) DEFAULT NULL,
  `created_by` int(20) DEFAULT NULL,
  `created_dt_tm` datetime DEFAULT current_timestamp(),
  `updated_by` int(20) DEFAULT NULL,
  `updated_dt_tm` datetime DEFAULT current_timestamp()
) ENGINE=InnoDB DEFAULT CHARSET=latin1;

--
-- Dumping data for table `scholarship_organisation_setup_comitee`
--

INSERT INTO `scholarship_organisation_setup_comitee` (`id`, `id_organisation`, `role`, `name`, `nric`, `effective_date`, `status`, `created_by`, `created_dt_tm`, `updated_by`, `updated_dt_tm`) VALUES
(2, 1, 'Security Officer', 'Muzamil', 'NR888', '2020-07-24 00:00:00', NULL, NULL, '2020-07-22 01:40:53', NULL, '2020-07-22 01:40:53');

-- --------------------------------------------------------

--
-- Table structure for table `scholarship_partner_university`
--

CREATE TABLE `scholarship_partner_university` (
  `id` int(20) NOT NULL,
  `name` varchar(500) DEFAULT '',
  `short_name` varchar(500) DEFAULT '',
  `code` varchar(200) DEFAULT '',
  `start_date` datetime DEFAULT NULL,
  `end_date` datetime DEFAULT NULL,
  `certificate` varchar(200) DEFAULT '',
  `name_optional_language` varchar(500) DEFAULT '',
  `url` varchar(500) DEFAULT '',
  `id_registrar` int(20) DEFAULT 0,
  `id_contact_person` int(20) DEFAULT 0,
  `date_time` datetime DEFAULT current_timestamp(),
  `contact_number` int(20) DEFAULT 0,
  `email` varchar(200) DEFAULT '',
  `fax` varchar(200) DEFAULT '',
  `login_id` varchar(1048) DEFAULT '',
  `password` varchar(1048) DEFAULT '',
  `address1` varchar(1024) DEFAULT '',
  `address2` varchar(1024) DEFAULT '',
  `location` varchar(512) DEFAULT '',
  `id_country` int(20) DEFAULT 0,
  `id_state` int(20) DEFAULT 0,
  `city` varchar(512) DEFAULT '',
  `zipcode` int(20) DEFAULT 0,
  `status` int(2) DEFAULT 0,
  `created_by` int(20) DEFAULT NULL,
  `created_dt_tm` datetime DEFAULT current_timestamp(),
  `updated_by` int(20) DEFAULT NULL,
  `updated_dt_tm` datetime DEFAULT current_timestamp()
) ENGINE=InnoDB DEFAULT CHARSET=latin1;

--
-- Dumping data for table `scholarship_partner_university`
--

INSERT INTO `scholarship_partner_university` (`id`, `name`, `short_name`, `code`, `start_date`, `end_date`, `certificate`, `name_optional_language`, `url`, `id_registrar`, `id_contact_person`, `date_time`, `contact_number`, `email`, `fax`, `login_id`, `password`, `address1`, `address2`, `location`, `id_country`, `id_state`, `city`, `zipcode`, `status`, `created_by`, `created_dt_tm`, `updated_by`, `updated_dt_tm`) VALUES
(2, 'Malaya University', 'Malaya UNi', 'MAL-UNI', '1970-01-01 00:00:00', '1970-01-01 00:00:00', '', '', 'www.malaya-uni.edu.my', 0, 0, '2020-07-22 10:32:16', 2147483647, 'vinaykiranp888@gmail.com', '5635623', '', '', 'KL', '', '', 1, 1, 'KL', 577522, 1, NULL, '2020-07-22 10:32:16', NULL, '2020-07-22 10:32:16'),
(3, 'Standford University', 'SU', 'Standford', '1970-01-01 00:00:00', '1970-01-01 00:00:00', '', '', 'su.edu.com', 0, 1, '2020-07-29 12:27:43', 2147483647, 'ubed@gmail.com', '1123', 'su', '123', '# 23, 23rd Main', 'KL', 'KL', 1, 2, 'KL', 223321, 1, NULL, '2020-07-29 12:27:43', NULL, '2020-07-29 12:27:43');

-- --------------------------------------------------------

--
-- Table structure for table `scholarship_partner_university_has_aggrement`
--

CREATE TABLE `scholarship_partner_university_has_aggrement` (
  `id` int(20) NOT NULL,
  `id_partner_university` int(20) DEFAULT 0,
  `name` varchar(1024) DEFAULT '',
  `id_currency` int(20) DEFAULT 0,
  `reminder_months` int(20) DEFAULT 0,
  `start_date` datetime DEFAULT current_timestamp(),
  `end_date` datetime DEFAULT current_timestamp(),
  `file` varchar(500) DEFAULT '',
  `status` int(2) DEFAULT 0,
  `created_by` int(20) DEFAULT NULL,
  `created_dt_tm` datetime DEFAULT current_timestamp(),
  `updated_by` int(20) DEFAULT NULL,
  `updated_dt_tm` datetime DEFAULT current_timestamp()
) ENGINE=InnoDB DEFAULT CHARSET=latin1;

--
-- Dumping data for table `scholarship_partner_university_has_aggrement`
--

INSERT INTO `scholarship_partner_university_has_aggrement` (`id`, `id_partner_university`, `name`, `id_currency`, `reminder_months`, `start_date`, `end_date`, `file`, `status`, `created_by`, `created_dt_tm`, `updated_by`, `updated_dt_tm`) VALUES
(6, 7, 'MOA University ', 1, 1, '2020-09-01 00:00:00', '2021-09-30 00:00:00', '539387f53605ca9acd0633316db35bb8.pdf', 0, NULL, '2020-09-09 12:24:56', NULL, '2020-09-09 12:24:56'),
(7, 4, 'Aggrement SHINGO REGISTRATION 1', 2, 1, '2020-09-01 00:00:00', '2023-09-30 00:00:00', '9b4901004956bd4e306bdfafd71cf564.png', 0, NULL, '2020-09-10 14:04:02', NULL, '2020-09-10 14:04:02'),
(9, 8, 'MU- MOA', 1, 2, '2020-01-01 00:00:00', '2020-12-31 00:00:00', 'aed936fdf5ab8ef8a548cc1cd3f9ae18.png', 0, NULL, '2020-11-15 04:52:34', NULL, '2020-11-15 04:52:34'),
(10, 6, 'adi testin', 1, 1, '2020-12-18 00:00:00', '2020-12-18 00:00:00', '715c113590a7bdfca81af0773dc9a646.csv', 0, NULL, '2020-12-17 18:36:14', NULL, '2020-12-17 18:36:14'),
(11, 8, 'AG JAN 2020 - JAN 2025', 1, 4, '2020-01-01 00:00:00', '2025-01-03 00:00:00', '3364580d4338c7dc32fd9a2dcef34133.jpeg', 0, NULL, '2020-12-18 05:52:58', NULL, '2020-12-18 05:52:58'),
(12, 6, '2020 - 2026', 3, 3, '2020-01-01 00:00:00', '2026-12-01 00:00:00', 'f2fdbd2a5f4d004b7eb7abef7e021257.jpeg', 0, NULL, '2020-12-25 11:19:51', NULL, '2020-12-25 11:19:51'),
(13, 9, 'MOA', 2, 1, '2021-01-13 00:00:00', '2021-01-13 00:00:00', 'c25a8abb6fc5bce9808a62bf77e2f98e.png', 0, NULL, '2021-01-12 20:07:34', NULL, '2021-01-12 20:07:34');

-- --------------------------------------------------------

--
-- Table structure for table `scholarship_partner_university_has_program`
--

CREATE TABLE `scholarship_partner_university_has_program` (
  `id` int(20) NOT NULL,
  `id_partner_university` int(20) DEFAULT NULL,
  `id_program` int(20) DEFAULT NULL,
  `completion_criteria` int(20) DEFAULT NULL,
  `completion_criteria_type` varchar(1024) DEFAULT '',
  `assesment_method` varchar(200) DEFAULT '',
  `status` int(2) DEFAULT NULL,
  `created_by` int(20) DEFAULT NULL,
  `created_dt_tm` datetime DEFAULT current_timestamp(),
  `updated_by` int(20) DEFAULT NULL,
  `updated_dt_tm` datetime DEFAULT current_timestamp()
) ENGINE=InnoDB DEFAULT CHARSET=latin1;

--
-- Dumping data for table `scholarship_partner_university_has_program`
--

INSERT INTO `scholarship_partner_university_has_program` (`id`, `id_partner_university`, `id_program`, `completion_criteria`, `completion_criteria_type`, `assesment_method`, `status`, `created_by`, `created_dt_tm`, `updated_by`, `updated_dt_tm`) VALUES
(1, 2, 1, 20, 'Credit Hours', 'CGPA', 1, NULL, '2020-07-23 04:14:13', NULL, '2020-07-23 04:14:13'),
(2, 3, 2, 30, 'Credit Hours', 'CGPA', 1, NULL, '2020-07-29 12:38:23', NULL, '2020-07-29 12:38:23'),
(3, 4, 4, 18, 'Credit Hours', 'CGPA', 1, NULL, '2020-08-12 03:59:43', NULL, '2020-08-12 03:59:43'),
(4, 6, 3, 120, 'Credit Hours', 'CGPA', 1, NULL, '2020-09-01 19:08:29', NULL, '2020-09-01 19:08:29'),
(5, 7, 3, 120, 'Credit Hours', 'CGPA', 1, NULL, '2020-09-01 19:36:12', NULL, '2020-09-01 19:36:12'),
(6, 8, 7, 1, 'Credit Hours', 'Pass/Fail', 1, NULL, '2020-11-13 10:05:31', NULL, '2020-11-13 10:05:31');

-- --------------------------------------------------------

--
-- Table structure for table `scholarship_partner_university_has_training_center`
--

CREATE TABLE `scholarship_partner_university_has_training_center` (
  `id` int(20) NOT NULL,
  `id_partner_university` int(20) DEFAULT 0,
  `name` varchar(500) DEFAULT '',
  `code` varchar(200) DEFAULT '',
  `complete_code` varchar(500) DEFAULT '',
  `id_contact_person` int(20) DEFAULT 0,
  `contact_number` int(20) DEFAULT 0,
  `email` varchar(200) DEFAULT '',
  `fax` varchar(200) DEFAULT '',
  `address1` varchar(1024) DEFAULT '',
  `address2` varchar(1024) DEFAULT '',
  `location` varchar(512) DEFAULT '',
  `id_country` int(20) DEFAULT 0,
  `id_state` int(20) DEFAULT 0,
  `city` varchar(512) DEFAULT '',
  `zipcode` int(20) DEFAULT 0,
  `status` int(2) DEFAULT 0,
  `created_by` int(20) DEFAULT NULL,
  `created_dt_tm` datetime DEFAULT current_timestamp(),
  `updated_by` int(20) DEFAULT NULL,
  `updated_dt_tm` datetime DEFAULT current_timestamp()
) ENGINE=InnoDB DEFAULT CHARSET=latin1;

--
-- Dumping data for table `scholarship_partner_university_has_training_center`
--

INSERT INTO `scholarship_partner_university_has_training_center` (`id`, `id_partner_university`, `name`, `code`, `complete_code`, `id_contact_person`, `contact_number`, `email`, `fax`, `address1`, `address2`, `location`, `id_country`, `id_state`, `city`, `zipcode`, `status`, `created_by`, `created_dt_tm`, `updated_by`, `updated_dt_tm`) VALUES
(2, 2, 'Alamu 1', 'A1', '', 1, 2147483647, 'ubed@gmail.com', '323232', '# 23, 23rd Main', 'KL', 'Kalim Road', 1, 1, 'KL', 223321, 1, NULL, '2020-07-22 10:39:35', NULL, '2020-07-22 10:39:35'),
(3, 4, 'Training Center One', 'TRA1', 'AEUPJ_TRA1', 2, 1234322, 'contacttrainingcenter1@cms.com', '6767676', 'putra Jaya', 'putra Jaya', 'Near Middle City Forum', 1, 2, 'PJ', 565656, 1, NULL, '2020-08-12 03:59:17', NULL, '2020-08-12 03:59:17');

-- --------------------------------------------------------

--
-- Table structure for table `scholarship_partner_university_program_has_apprenticeship`
--

CREATE TABLE `scholarship_partner_university_program_has_apprenticeship` (
  `id` int(20) NOT NULL,
  `id_partner_university` int(20) DEFAULT NULL,
  `id_program_detail` int(20) DEFAULT NULL,
  `duration` int(20) DEFAULT NULL,
  `duration_type` varchar(200) DEFAULT '',
  `id_apprenticeship_center` int(20) DEFAULT NULL,
  `start_date` datetime DEFAULT current_timestamp(),
  `end_date` datetime DEFAULT current_timestamp(),
  `status` int(2) DEFAULT NULL,
  `created_by` int(20) DEFAULT NULL,
  `created_dt_tm` datetime DEFAULT current_timestamp(),
  `updated_by` int(20) DEFAULT NULL,
  `updated_dt_tm` datetime DEFAULT current_timestamp()
) ENGINE=InnoDB DEFAULT CHARSET=latin1;

--
-- Dumping data for table `scholarship_partner_university_program_has_apprenticeship`
--

INSERT INTO `scholarship_partner_university_program_has_apprenticeship` (`id`, `id_partner_university`, `id_program_detail`, `duration`, `duration_type`, `id_apprenticeship_center`, `start_date`, `end_date`, `status`, `created_by`, `created_dt_tm`, `updated_by`, `updated_dt_tm`) VALUES
(2, 2, 1, 1, 'Month', 2, '2020-07-07 00:00:00', '2020-07-25 00:00:00', NULL, NULL, '2020-07-23 07:35:19', NULL, '2020-07-23 07:35:19'),
(3, 4, 3, 2, 'Month', 3, '2020-08-26 00:00:00', '2020-12-25 00:00:00', NULL, NULL, '2020-08-12 04:01:21', NULL, '2020-08-12 04:01:21');

-- --------------------------------------------------------

--
-- Table structure for table `scholarship_partner_university_program_has_internship`
--

CREATE TABLE `scholarship_partner_university_program_has_internship` (
  `id` int(20) NOT NULL,
  `id_partner_university` int(20) DEFAULT NULL,
  `id_program_detail` int(20) DEFAULT NULL,
  `duration` int(20) DEFAULT NULL,
  `duration_type` varchar(200) DEFAULT '',
  `id_internship_center` int(20) DEFAULT NULL,
  `start_date` datetime DEFAULT current_timestamp(),
  `end_date` datetime DEFAULT current_timestamp(),
  `status` int(2) DEFAULT NULL,
  `created_by` int(20) DEFAULT NULL,
  `created_dt_tm` datetime DEFAULT current_timestamp(),
  `updated_by` int(20) DEFAULT NULL,
  `updated_dt_tm` datetime DEFAULT current_timestamp()
) ENGINE=InnoDB DEFAULT CHARSET=latin1;

--
-- Dumping data for table `scholarship_partner_university_program_has_internship`
--

INSERT INTO `scholarship_partner_university_program_has_internship` (`id`, `id_partner_university`, `id_program_detail`, `duration`, `duration_type`, `id_internship_center`, `start_date`, `end_date`, `status`, `created_by`, `created_dt_tm`, `updated_by`, `updated_dt_tm`) VALUES
(2, 4, 3, 4, 'Month', 3, '2020-08-15 00:00:00', '2020-12-14 00:00:00', NULL, NULL, '2020-08-12 04:00:47', NULL, '2020-08-12 04:00:47');

-- --------------------------------------------------------

--
-- Table structure for table `scholarship_partner_university_program_has_study_mode`
--

CREATE TABLE `scholarship_partner_university_program_has_study_mode` (
  `id` int(20) NOT NULL,
  `id_partner_university` int(20) DEFAULT NULL,
  `id_program_detail` int(20) DEFAULT NULL,
  `mode_of_study` varchar(200) DEFAULT '',
  `min_duration` int(20) DEFAULT NULL,
  `max_duration` int(20) DEFAULT NULL,
  `min_duration_type` varchar(200) DEFAULT '',
  `max_duration_type` varchar(200) DEFAULT '',
  `id_training_center` int(20) DEFAULT NULL,
  `start_date` datetime DEFAULT current_timestamp(),
  `end_date` datetime DEFAULT current_timestamp(),
  `status` int(2) DEFAULT NULL,
  `created_by` int(20) DEFAULT NULL,
  `created_dt_tm` datetime DEFAULT current_timestamp(),
  `updated_by` int(20) DEFAULT NULL,
  `updated_dt_tm` datetime DEFAULT current_timestamp()
) ENGINE=InnoDB DEFAULT CHARSET=latin1;

--
-- Dumping data for table `scholarship_partner_university_program_has_study_mode`
--

INSERT INTO `scholarship_partner_university_program_has_study_mode` (`id`, `id_partner_university`, `id_program_detail`, `mode_of_study`, `min_duration`, `max_duration`, `min_duration_type`, `max_duration_type`, `id_training_center`, `start_date`, `end_date`, `status`, `created_by`, `created_dt_tm`, `updated_by`, `updated_dt_tm`) VALUES
(2, 4, 3, 'Full Time', 1, 2, 'Month', 'Month', 3, '2020-08-01 00:00:00', '2020-08-31 00:00:00', NULL, NULL, '2020-08-12 04:00:14', NULL, '2020-08-12 04:00:14'),
(3, 8, 6, 'Full Time', 60, 90, 'Days', 'Days', 6, '2020-11-01 00:00:00', '2020-12-31 00:00:00', NULL, NULL, '2020-11-15 04:49:36', NULL, '2020-11-15 04:49:36');

-- --------------------------------------------------------

--
-- Table structure for table `scholarship_partner_university_program_has_syllabus`
--

CREATE TABLE `scholarship_partner_university_program_has_syllabus` (
  `id` int(20) NOT NULL,
  `id_partner_university` int(20) DEFAULT NULL,
  `id_program_detail` int(20) DEFAULT NULL,
  `name` varchar(2048) DEFAULT '',
  `code` varchar(200) DEFAULT '',
  `credit` int(20) DEFAULT NULL,
  `credit_type` varchar(200) DEFAULT '',
  `id_module_type` int(20) DEFAULT NULL,
  `status` int(2) DEFAULT NULL,
  `created_by` int(20) DEFAULT NULL,
  `created_dt_tm` datetime DEFAULT current_timestamp(),
  `updated_by` int(20) DEFAULT NULL,
  `updated_dt_tm` datetime DEFAULT current_timestamp()
) ENGINE=InnoDB DEFAULT CHARSET=latin1;

--
-- Dumping data for table `scholarship_partner_university_program_has_syllabus`
--

INSERT INTO `scholarship_partner_university_program_has_syllabus` (`id`, `id_partner_university`, `id_program_detail`, `name`, `code`, `credit`, `credit_type`, `id_module_type`, `status`, `created_by`, `created_dt_tm`, `updated_by`, `updated_dt_tm`) VALUES
(2, 4, 3, 'Module Syllabus One', 'MOD1', 1, 'Month', 2, NULL, NULL, '2020-08-12 04:01:51', NULL, '2020-08-12 04:01:51');

-- --------------------------------------------------------

--
-- Table structure for table `scholarship_payment_type`
--

CREATE TABLE `scholarship_payment_type` (
  `id` int(20) NOT NULL,
  `name` varchar(520) DEFAULT '',
  `code` varchar(50) DEFAULT '',
  `name_in_malay` varchar(520) DEFAULT '',
  `status` int(2) DEFAULT NULL,
  `created_by` int(20) DEFAULT NULL,
  `created_dt_tm` datetime DEFAULT current_timestamp(),
  `updated_by` int(20) DEFAULT NULL,
  `updated_dt_tm` datetime DEFAULT current_timestamp()
) ENGINE=InnoDB DEFAULT CHARSET=latin1;

-- --------------------------------------------------------

--
-- Table structure for table `scholarship_programme`
--

CREATE TABLE `scholarship_programme` (
  `id` int(20) NOT NULL,
  `name` varchar(520) DEFAULT '',
  `name_optional_language` varchar(250) DEFAULT '',
  `id_award` int(10) DEFAULT 0,
  `start_date` datetime DEFAULT current_timestamp(),
  `end_date` datetime DEFAULT current_timestamp(),
  `code` varchar(50) DEFAULT '',
  `total_cr_hrs` varchar(20) DEFAULT '',
  `graduate_studies` varchar(100) DEFAULT '',
  `foundation` varchar(50) DEFAULT '',
  `is_personel_details` int(11) DEFAULT 1,
  `is_education_details` int(11) DEFAULT 1,
  `is_family_details` int(11) DEFAULT 1,
  `is_financial_recoverable_details` int(11) DEFAULT 1,
  `is_file_upload_details` int(11) DEFAULT 1,
  `is_employment_details` int(11) DEFAULT 1,
  `status` int(2) DEFAULT NULL,
  `created_by` int(20) DEFAULT NULL,
  `created_dt_tm` datetime DEFAULT current_timestamp(),
  `updated_by` int(20) DEFAULT NULL,
  `updated_dt_tm` datetime DEFAULT current_timestamp()
) ENGINE=InnoDB DEFAULT CHARSET=latin1;

--
-- Dumping data for table `scholarship_programme`
--

INSERT INTO `scholarship_programme` (`id`, `name`, `name_optional_language`, `id_award`, `start_date`, `end_date`, `code`, `total_cr_hrs`, `graduate_studies`, `foundation`, `is_personel_details`, `is_education_details`, `is_family_details`, `is_financial_recoverable_details`, `is_file_upload_details`, `is_employment_details`, `status`, `created_by`, `created_dt_tm`, `updated_by`, `updated_dt_tm`) VALUES
(1, 'Juruteknik Pemesinan CNC', 'Juruteknik Pemesinan CNC', 1, '2020-07-22 00:00:00', '2020-07-22 00:00:00', 'PS01', '', '', '', 1, 1, 1, 1, 1, 1, 1, 1, '2020-07-22 02:12:09', NULL, '2020-07-22 02:12:09'),
(2, 'Wiring Level 1', '', 2, '2020-07-01 00:00:00', '2020-12-31 00:00:00', 'WOR', '', '', '', 1, 1, 1, 1, 1, 1, 1, NULL, '2020-07-24 13:19:07', NULL, '2020-07-24 13:19:07'),
(3, 'Prog', 'PP', 2, '2020-07-10 00:00:00', '2020-07-16 00:00:00', 'Program', '', '', '', 1, 1, 1, 1, 1, 1, 1, NULL, '2020-07-24 23:42:06', NULL, '2020-07-24 23:42:06');

-- --------------------------------------------------------

--
-- Table structure for table `scholarship_program_accreditation`
--

CREATE TABLE `scholarship_program_accreditation` (
  `id` int(20) NOT NULL,
  `id_accreditation_category` int(20) DEFAULT NULL,
  `id_accreditation_type` int(20) DEFAULT NULL,
  `date_time` datetime DEFAULT current_timestamp(),
  `valid_from` datetime DEFAULT current_timestamp(),
  `valid_to` datetime DEFAULT current_timestamp(),
  `approval_date` datetime DEFAULT current_timestamp(),
  `accreditation_number` varchar(2048) DEFAULT '',
  `reference_number` varchar(2048) DEFAULT '',
  `status` int(2) DEFAULT NULL,
  `created_by` int(20) DEFAULT NULL,
  `created_dt_tm` datetime DEFAULT current_timestamp(),
  `updated_by` int(20) DEFAULT NULL,
  `updated_dt_tm` datetime DEFAULT current_timestamp()
) ENGINE=InnoDB DEFAULT CHARSET=latin1;

--
-- Dumping data for table `scholarship_program_accreditation`
--

INSERT INTO `scholarship_program_accreditation` (`id`, `id_accreditation_category`, `id_accreditation_type`, `date_time`, `valid_from`, `valid_to`, `approval_date`, `accreditation_number`, `reference_number`, `status`, `created_by`, `created_dt_tm`, `updated_by`, `updated_dt_tm`) VALUES
(1, 1, 2, '2021-07-08 00:00:00', '2020-07-08 00:00:00', '2021-07-08 00:00:00', '2020-07-08 00:00:00', '123', 'REFE123', 1, NULL, '2020-07-27 12:27:46', NULL, '2020-07-27 12:27:46');

-- --------------------------------------------------------

--
-- Table structure for table `scholarship_program_partner`
--

CREATE TABLE `scholarship_program_partner` (
  `id` int(20) NOT NULL,
  `id_thrust` int(20) DEFAULT NULL,
  `id_sub_thrust` int(20) DEFAULT NULL,
  `id_program` int(20) DEFAULT NULL,
  `id_partner_university` int(20) DEFAULT NULL,
  `id_location` int(20) DEFAULT NULL,
  `internship` int(20) DEFAULT NULL,
  `apprenticeship` int(20) DEFAULT NULL,
  `status` int(2) DEFAULT NULL,
  `created_by` int(20) DEFAULT NULL,
  `created_dt_tm` datetime DEFAULT current_timestamp(),
  `updated_by` int(20) DEFAULT NULL,
  `updated_dt_tm` datetime DEFAULT current_timestamp()
) ENGINE=InnoDB DEFAULT CHARSET=latin1;

--
-- Dumping data for table `scholarship_program_partner`
--

INSERT INTO `scholarship_program_partner` (`id`, `id_thrust`, `id_sub_thrust`, `id_program`, `id_partner_university`, `id_location`, `internship`, `apprenticeship`, `status`, `created_by`, `created_dt_tm`, `updated_by`, `updated_dt_tm`) VALUES
(1, 1, 1, 1, 2, 1, 6, 6, 1, NULL, '2020-07-27 12:17:38', NULL, '2020-07-27 12:17:38');

-- --------------------------------------------------------

--
-- Table structure for table `scholarship_program_syllabus`
--

CREATE TABLE `scholarship_program_syllabus` (
  `id` int(20) NOT NULL,
  `id_thrust` int(20) DEFAULT NULL,
  `id_sub_thrust` int(20) DEFAULT NULL,
  `id_program` int(20) DEFAULT NULL,
  `status` int(2) DEFAULT NULL,
  `created_by` int(20) DEFAULT NULL,
  `created_dt_tm` datetime DEFAULT current_timestamp(),
  `updated_by` int(20) DEFAULT NULL,
  `updated_dt_tm` datetime DEFAULT current_timestamp()
) ENGINE=InnoDB DEFAULT CHARSET=latin1;

--
-- Dumping data for table `scholarship_program_syllabus`
--

INSERT INTO `scholarship_program_syllabus` (`id`, `id_thrust`, `id_sub_thrust`, `id_program`, `status`, `created_by`, `created_dt_tm`, `updated_by`, `updated_dt_tm`) VALUES
(1, 1, 1, 3, 1, NULL, '2020-07-27 12:25:21', NULL, '2020-07-27 12:25:21');

-- --------------------------------------------------------

--
-- Table structure for table `scholarship_program_syllabus_has_module`
--

CREATE TABLE `scholarship_program_syllabus_has_module` (
  `id` int(20) NOT NULL,
  `id_program_syllabus` int(20) DEFAULT NULL,
  `name` varchar(2048) DEFAULT '',
  `code` varchar(200) DEFAULT '',
  `credit_hours` int(20) DEFAULT 0,
  `type` varchar(200) DEFAULT '',
  `status` int(2) DEFAULT NULL,
  `created_by` int(20) DEFAULT NULL,
  `created_dt_tm` datetime DEFAULT current_timestamp(),
  `updated_by` int(20) DEFAULT NULL,
  `updated_dt_tm` datetime DEFAULT current_timestamp()
) ENGINE=InnoDB DEFAULT CHARSET=latin1;

--
-- Dumping data for table `scholarship_program_syllabus_has_module`
--

INSERT INTO `scholarship_program_syllabus_has_module` (`id`, `id_program_syllabus`, `name`, `code`, `credit_hours`, `type`, `status`, `created_by`, `created_dt_tm`, `updated_by`, `updated_dt_tm`) VALUES
(1, 1, 'Module One', 'MOD-1', 28, 'Compulsary', NULL, NULL, '2020-07-27 12:25:45', NULL, '2020-07-27 12:25:45');

-- --------------------------------------------------------

--
-- Table structure for table `scholarship_race_setup`
--

CREATE TABLE `scholarship_race_setup` (
  `id` int(20) NOT NULL,
  `name` varchar(250) DEFAULT '',
  `code` varchar(50) DEFAULT '',
  `status` int(2) DEFAULT NULL,
  `created_by` int(20) DEFAULT NULL,
  `created_dt_tm` datetime DEFAULT current_timestamp(),
  `updated_by` int(20) DEFAULT NULL,
  `updated_dt_tm` datetime DEFAULT current_timestamp()
) ENGINE=InnoDB DEFAULT CHARSET=latin1;

--
-- Dumping data for table `scholarship_race_setup`
--

INSERT INTO `scholarship_race_setup` (`id`, `name`, `code`, `status`, `created_by`, `created_dt_tm`, `updated_by`, `updated_dt_tm`) VALUES
(1, 'Bumiputera - Malay', 'BM', 1, NULL, '2020-07-21 23:48:32', NULL, '2020-07-21 23:48:32'),
(2, 'Bumiputera - Sabah', 'BS', 1, NULL, '2020-07-21 23:48:50', NULL, '2020-07-21 23:48:50'),
(3, 'Bumiputera - Sarawak', 'BSK', 1, NULL, '2020-07-21 23:49:12', NULL, '2020-07-21 23:49:12'),
(4, 'Bumiputera - Orang Asli', 'BOA', 1, NULL, '2020-07-21 23:49:26', NULL, '2020-07-21 23:49:26');

-- --------------------------------------------------------

--
-- Table structure for table `scholarship_religion_setup`
--

CREATE TABLE `scholarship_religion_setup` (
  `id` int(20) NOT NULL,
  `name` varchar(250) DEFAULT '',
  `code` varchar(50) DEFAULT '',
  `status` int(2) DEFAULT NULL,
  `created_by` int(20) DEFAULT NULL,
  `created_dt_tm` datetime DEFAULT current_timestamp(),
  `updated_by` int(20) DEFAULT NULL,
  `updated_dt_tm` datetime DEFAULT current_timestamp()
) ENGINE=InnoDB DEFAULT CHARSET=latin1;

--
-- Dumping data for table `scholarship_religion_setup`
--

INSERT INTO `scholarship_religion_setup` (`id`, `name`, `code`, `status`, `created_by`, `created_dt_tm`, `updated_by`, `updated_dt_tm`) VALUES
(1, 'Islam', '', 1, NULL, '2020-07-21 23:49:53', NULL, '2020-07-21 23:49:53'),
(2, 'Christian', '', 1, NULL, '2020-07-21 23:50:05', NULL, '2020-07-21 23:50:05'),
(3, 'No Religion', '', 1, NULL, '2020-07-21 23:51:02', NULL, '2020-07-21 23:51:02');

-- --------------------------------------------------------

--
-- Table structure for table `scholarship_salutation_setup`
--

CREATE TABLE `scholarship_salutation_setup` (
  `id` int(20) NOT NULL,
  `name` varchar(250) DEFAULT '',
  `sequence` int(20) DEFAULT 0,
  `status` int(2) DEFAULT NULL,
  `created_by` int(20) DEFAULT NULL,
  `created_dt_tm` datetime DEFAULT current_timestamp(),
  `updated_by` int(20) DEFAULT NULL,
  `updated_dt_tm` datetime DEFAULT current_timestamp()
) ENGINE=InnoDB DEFAULT CHARSET=latin1;

--
-- Dumping data for table `scholarship_salutation_setup`
--

INSERT INTO `scholarship_salutation_setup` (`id`, `name`, `sequence`, `status`, `created_by`, `created_dt_tm`, `updated_by`, `updated_dt_tm`) VALUES
(1, 'Mr', 1, 1, NULL, '2020-07-22 01:31:06', NULL, '2020-07-22 01:31:06');

-- --------------------------------------------------------

--
-- Table structure for table `scholarship_scheme`
--

CREATE TABLE `scholarship_scheme` (
  `id` int(20) NOT NULL,
  `name` varchar(1048) DEFAULT '',
  `code` varchar(50) DEFAULT '',
  `percentage` int(10) DEFAULT 0,
  `from_dt` date DEFAULT NULL,
  `to_dt` date DEFAULT NULL,
  `status` int(2) DEFAULT NULL,
  `created_by` int(20) DEFAULT NULL,
  `created_dt_tm` datetime DEFAULT current_timestamp(),
  `updated_by` int(20) DEFAULT NULL,
  `updated_dt_tm` datetime DEFAULT current_timestamp()
) ENGINE=InnoDB DEFAULT CHARSET=latin1;

--
-- Dumping data for table `scholarship_scheme`
--

INSERT INTO `scholarship_scheme` (`id`, `name`, `code`, `percentage`, `from_dt`, `to_dt`, `status`, `created_by`, `created_dt_tm`, `updated_by`, `updated_dt_tm`) VALUES
(1, 'National Scholarship', 'NSP', 0, '2020-07-01', '2020-08-31', 1, NULL, '2020-07-29 12:41:35', NULL, '2020-07-29 12:41:35');

-- --------------------------------------------------------

--
-- Table structure for table `scholarship_selection_type`
--

CREATE TABLE `scholarship_selection_type` (
  `id` int(20) NOT NULL,
  `name` varchar(1024) DEFAULT '',
  `calculation_method` varchar(200) DEFAULT '',
  `code` varchar(200) DEFAULT '',
  `status` int(2) DEFAULT NULL,
  `created_by` int(20) DEFAULT NULL,
  `created_dt_tm` datetime DEFAULT current_timestamp(),
  `updated_by` int(20) DEFAULT NULL,
  `updated_dt_tm` datetime DEFAULT current_timestamp()
) ENGINE=InnoDB DEFAULT CHARSET=latin1;

--
-- Dumping data for table `scholarship_selection_type`
--

INSERT INTO `scholarship_selection_type` (`id`, `name`, `calculation_method`, `code`, `status`, `created_by`, `created_dt_tm`, `updated_by`, `updated_dt_tm`) VALUES
(1, 'Interview', 'Pass/Fail', '', 1, NULL, '2020-07-24 05:15:26', NULL, '2020-07-24 05:15:26'),
(2, 'Interview', 'Mark', '', 1, NULL, '2020-07-24 05:16:12', NULL, '2020-07-24 05:16:12');

-- --------------------------------------------------------

--
-- Table structure for table `scholarship_state`
--

CREATE TABLE `scholarship_state` (
  `id` int(20) NOT NULL,
  `name` varchar(120) DEFAULT '',
  `id_country` int(10) DEFAULT NULL,
  `status` int(20) DEFAULT NULL,
  `created_by` int(20) DEFAULT NULL,
  `created_dt_tm` datetime DEFAULT NULL,
  `updated_by` int(20) DEFAULT NULL,
  `updated_dt_tm` datetime DEFAULT current_timestamp()
) ENGINE=InnoDB DEFAULT CHARSET=latin1;

--
-- Dumping data for table `scholarship_state`
--

INSERT INTO `scholarship_state` (`id`, `name`, `id_country`, `status`, `created_by`, `created_dt_tm`, `updated_by`, `updated_dt_tm`) VALUES
(1, 'Kedah', 1, 1, 1, NULL, NULL, '2020-07-22 01:34:22'),
(2, 'KL', 1, 1, 1, NULL, NULL, '2020-07-22 01:35:37');

-- --------------------------------------------------------

--
-- Table structure for table `scholarship_sub_thrust`
--

CREATE TABLE `scholarship_sub_thrust` (
  `id` int(20) NOT NULL,
  `id_thrust` int(20) DEFAULT 0,
  `id_scholarship_manager` int(20) DEFAULT 0,
  `scholarship_name` varchar(1024) DEFAULT '',
  `scholarship_short_name` varchar(1024) DEFAULT '',
  `scholarship_code` varchar(200) DEFAULT '',
  `scholarship_name_optional_language` varchar(1024) DEFAULT '',
  `status` int(2) DEFAULT NULL,
  `created_by` int(20) DEFAULT NULL,
  `created_dt_tm` datetime DEFAULT current_timestamp(),
  `updated_by` int(20) DEFAULT NULL,
  `updated_dt_tm` datetime DEFAULT current_timestamp()
) ENGINE=InnoDB DEFAULT CHARSET=latin1;

--
-- Dumping data for table `scholarship_sub_thrust`
--

INSERT INTO `scholarship_sub_thrust` (`id`, `id_thrust`, `id_scholarship_manager`, `scholarship_name`, `scholarship_short_name`, `scholarship_code`, `scholarship_name_optional_language`, `status`, `created_by`, `created_dt_tm`, `updated_by`, `updated_dt_tm`) VALUES
(1, 1, 0, 'Scholarship', 'SCH', 'SCH', '', 1, NULL, '2020-07-24 09:31:18', NULL, '2020-07-24 09:31:18');

-- --------------------------------------------------------

--
-- Table structure for table `scholarship_sub_thrust_has_entry_requirement`
--

CREATE TABLE `scholarship_sub_thrust_has_entry_requirement` (
  `id` int(20) NOT NULL,
  `id_sub_thrust` int(20) DEFAULT 0,
  `nationality` varchar(200) DEFAULT '',
  `id_race` int(20) DEFAULT 0,
  `age` int(20) DEFAULT 0,
  `education` int(20) DEFAULT 0,
  `income` int(20) DEFAULT 0,
  `other` int(20) DEFAULT 0,
  `min_age` int(20) DEFAULT 0,
  `max_age` int(20) DEFAULT 0,
  `id_education_qualification` int(20) DEFAULT 0,
  `education_description` varchar(2048) DEFAULT '',
  `min_income` int(20) DEFAULT 0,
  `max_income` int(20) DEFAULT 0,
  `income_type` varchar(2048) DEFAULT '',
  `other_description` varchar(2048) DEFAULT '',
  `status` int(2) DEFAULT NULL,
  `created_by` int(20) DEFAULT NULL,
  `created_dt_tm` datetime DEFAULT current_timestamp(),
  `updated_by` int(20) DEFAULT NULL,
  `updated_dt_tm` datetime DEFAULT current_timestamp()
) ENGINE=InnoDB DEFAULT CHARSET=latin1;

--
-- Dumping data for table `scholarship_sub_thrust_has_entry_requirement`
--

INSERT INTO `scholarship_sub_thrust_has_entry_requirement` (`id`, `id_sub_thrust`, `nationality`, `id_race`, `age`, `education`, `income`, `other`, `min_age`, `max_age`, `id_education_qualification`, `education_description`, `min_income`, `max_income`, `income_type`, `other_description`, `status`, `created_by`, `created_dt_tm`, `updated_by`, `updated_dt_tm`) VALUES
(2, 1, 'Other', 2, 1, 1, 1, 0, 18, 21, 1, 'Compulsary Batchelor Degree', 20000, 28000, 'Personal Income', '', NULL, NULL, '2020-07-29 12:43:55', NULL, '2020-07-29 12:43:55'),
(3, 1, 'Malaysian', 1, 1, 1, 1, 1, 17, 25, 1, 'Compulsary Degree', 15000, 30000, 'Household Income', 'All Previous Documents Required', NULL, NULL, '2020-07-29 12:46:20', NULL, '2020-07-29 12:46:20'),
(4, 1, 'Malaysian', 1, 1, 0, 0, 0, 20, 28, 0, '', 0, 0, '', '', NULL, NULL, '2020-07-30 12:56:55', NULL, '2020-07-30 12:56:55');

-- --------------------------------------------------------

--
-- Table structure for table `scholarship_sub_thrust_has_program`
--

CREATE TABLE `scholarship_sub_thrust_has_program` (
  `id` int(20) NOT NULL,
  `id_partner_university` int(20) DEFAULT NULL,
  `id_program` int(20) DEFAULT NULL,
  `id_sub_thrust` int(20) DEFAULT NULL,
  `status` int(2) DEFAULT NULL,
  `created_by` int(20) DEFAULT NULL,
  `created_dt_tm` datetime DEFAULT current_timestamp(),
  `updated_by` int(20) DEFAULT NULL,
  `updated_dt_tm` datetime DEFAULT current_timestamp()
) ENGINE=InnoDB DEFAULT CHARSET=latin1;

--
-- Dumping data for table `scholarship_sub_thrust_has_program`
--

INSERT INTO `scholarship_sub_thrust_has_program` (`id`, `id_partner_university`, `id_program`, `id_sub_thrust`, `status`, `created_by`, `created_dt_tm`, `updated_by`, `updated_dt_tm`) VALUES
(7, 2, 1, 1, NULL, NULL, '2020-07-26 18:40:01', NULL, '2020-07-26 18:40:01'),
(9, 3, 2, 1, NULL, NULL, '2020-07-29 12:39:33', NULL, '2020-07-29 12:39:33'),
(10, 2, 1, 1, NULL, NULL, '2020-07-29 12:39:57', NULL, '2020-07-29 12:39:57');

-- --------------------------------------------------------

--
-- Table structure for table `scholarship_sub_thrust_has_requirement`
--

CREATE TABLE `scholarship_sub_thrust_has_requirement` (
  `id` int(20) NOT NULL,
  `id_sub_thrust` int(20) DEFAULT NULL,
  `id_program` int(20) DEFAULT NULL,
  `requirement_entry` varchar(200) DEFAULT '',
  `status` int(2) DEFAULT NULL,
  `created_by` int(20) DEFAULT NULL,
  `created_dt_tm` datetime DEFAULT current_timestamp(),
  `updated_by` int(20) DEFAULT NULL,
  `updated_dt_tm` datetime DEFAULT current_timestamp()
) ENGINE=InnoDB DEFAULT CHARSET=latin1;

--
-- Dumping data for table `scholarship_sub_thrust_has_requirement`
--

INSERT INTO `scholarship_sub_thrust_has_requirement` (`id`, `id_sub_thrust`, `id_program`, `requirement_entry`, `status`, `created_by`, `created_dt_tm`, `updated_by`, `updated_dt_tm`) VALUES
(1, 1, 1, 'Age', 1, NULL, '2020-07-24 12:18:47', NULL, '2020-07-24 12:18:47'),
(2, 1, 1, 'Education', 1, NULL, '2020-07-24 12:19:10', NULL, '2020-07-24 12:19:10'),
(3, 1, 1, 'Work Experience', 1, NULL, '2020-07-24 12:20:12', NULL, '2020-07-24 12:20:12'),
(4, 1, 1, 'Other Requirement', 1, NULL, '2020-07-24 12:20:49', NULL, '2020-07-24 12:20:49'),
(5, 1, 1, 'Age', 1, NULL, '2020-07-24 12:20:58', NULL, '2020-07-24 12:20:58'),
(6, 1, 1, 'Age', 1, NULL, '2020-07-24 13:20:46', NULL, '2020-07-24 13:20:46'),
(7, 1, 1, 'Education', 1, NULL, '2020-07-24 23:34:59', NULL, '2020-07-24 23:34:59'),
(8, 1, 2, 'Education', 1, NULL, '2020-07-24 23:34:59', NULL, '2020-07-24 23:34:59'),
(9, 1, 1, 'Work Experience', 1, NULL, '2020-07-24 23:35:48', NULL, '2020-07-24 23:35:48'),
(10, 1, 2, 'Work Experience', 1, NULL, '2020-07-24 23:35:48', NULL, '2020-07-24 23:35:48'),
(11, 1, 1, 'Age', 1, NULL, '2020-07-26 18:37:35', NULL, '2020-07-26 18:37:35'),
(12, 1, 3, 'Age', 1, NULL, '2020-07-26 18:37:35', NULL, '2020-07-26 18:37:35'),
(13, 1, 1, 'Education', 1, NULL, '2020-07-26 18:38:53', NULL, '2020-07-26 18:38:53'),
(14, 1, 3, 'Education', 1, NULL, '2020-07-26 18:38:53', NULL, '2020-07-26 18:38:53'),
(15, 1, 2, 'Education', 1, NULL, '2020-07-26 18:38:53', NULL, '2020-07-26 18:38:53');

-- --------------------------------------------------------

--
-- Table structure for table `scholarship_sub_thrust_requirement_has_age`
--

CREATE TABLE `scholarship_sub_thrust_requirement_has_age` (
  `id` int(20) NOT NULL,
  `id_sub_thrust` int(20) DEFAULT NULL,
  `id_requirement` int(20) DEFAULT NULL,
  `id_program` int(20) DEFAULT NULL,
  `min_age` int(20) DEFAULT NULL,
  `max_age` int(20) DEFAULT NULL,
  `status` int(2) DEFAULT NULL,
  `created_by` int(20) DEFAULT NULL,
  `created_dt_tm` datetime DEFAULT current_timestamp(),
  `updated_by` int(20) DEFAULT NULL,
  `updated_dt_tm` datetime DEFAULT current_timestamp()
) ENGINE=InnoDB DEFAULT CHARSET=latin1;

--
-- Dumping data for table `scholarship_sub_thrust_requirement_has_age`
--

INSERT INTO `scholarship_sub_thrust_requirement_has_age` (`id`, `id_sub_thrust`, `id_requirement`, `id_program`, `min_age`, `max_age`, `status`, `created_by`, `created_dt_tm`, `updated_by`, `updated_dt_tm`) VALUES
(3, 1, 6, 1, 18, 22, NULL, NULL, '2020-07-24 13:20:46', NULL, '2020-07-24 13:20:46'),
(4, 1, 11, 1, 12, 12222, NULL, NULL, '2020-07-26 18:37:35', NULL, '2020-07-26 18:37:35'),
(5, 1, 12, 3, 12, 12222, NULL, NULL, '2020-07-26 18:37:35', NULL, '2020-07-26 18:37:35');

-- --------------------------------------------------------

--
-- Table structure for table `scholarship_sub_thrust_requirement_has_education`
--

CREATE TABLE `scholarship_sub_thrust_requirement_has_education` (
  `id` int(20) NOT NULL,
  `id_sub_thrust` int(20) DEFAULT NULL,
  `id_requirement` int(20) DEFAULT NULL,
  `id_program` int(20) DEFAULT NULL,
  `id_qualification` int(20) DEFAULT NULL,
  `education_descrption` varchar(2048) DEFAULT NULL,
  `status` int(2) DEFAULT NULL,
  `created_by` int(20) DEFAULT NULL,
  `created_dt_tm` datetime DEFAULT current_timestamp(),
  `updated_by` int(20) DEFAULT NULL,
  `updated_dt_tm` datetime DEFAULT current_timestamp()
) ENGINE=InnoDB DEFAULT CHARSET=latin1;

--
-- Dumping data for table `scholarship_sub_thrust_requirement_has_education`
--

INSERT INTO `scholarship_sub_thrust_requirement_has_education` (`id`, `id_sub_thrust`, `id_requirement`, `id_program`, `id_qualification`, `education_descrption`, `status`, `created_by`, `created_dt_tm`, `updated_by`, `updated_dt_tm`) VALUES
(1, 1, 2, 1, 1, 'Education Compulsary', NULL, NULL, '2020-07-24 12:19:10', NULL, '2020-07-24 12:19:10'),
(2, 1, 7, 1, 1, 'Batchelor Degree Required', NULL, NULL, '2020-07-24 23:34:59', NULL, '2020-07-24 23:34:59'),
(3, 1, 8, 2, 1, 'Batchelor Degree Required', NULL, NULL, '2020-07-24 23:34:59', NULL, '2020-07-24 23:34:59'),
(4, 1, 13, 1, 1, '23', NULL, NULL, '2020-07-26 18:38:53', NULL, '2020-07-26 18:38:53'),
(5, 1, 14, 3, 1, '23', NULL, NULL, '2020-07-26 18:38:53', NULL, '2020-07-26 18:38:53'),
(6, 1, 15, 2, 1, '23', NULL, NULL, '2020-07-26 18:38:53', NULL, '2020-07-26 18:38:53');

-- --------------------------------------------------------

--
-- Table structure for table `scholarship_sub_thrust_requirement_has_other`
--

CREATE TABLE `scholarship_sub_thrust_requirement_has_other` (
  `id` int(20) NOT NULL,
  `id_sub_thrust` int(20) DEFAULT NULL,
  `id_requirement` int(20) DEFAULT NULL,
  `id_program` int(20) DEFAULT NULL,
  `other_descrption` varchar(2048) DEFAULT NULL,
  `status` int(2) DEFAULT NULL,
  `created_by` int(20) DEFAULT NULL,
  `created_dt_tm` datetime DEFAULT current_timestamp(),
  `updated_by` int(20) DEFAULT NULL,
  `updated_dt_tm` datetime DEFAULT current_timestamp()
) ENGINE=InnoDB DEFAULT CHARSET=latin1;

--
-- Dumping data for table `scholarship_sub_thrust_requirement_has_other`
--

INSERT INTO `scholarship_sub_thrust_requirement_has_other` (`id`, `id_sub_thrust`, `id_requirement`, `id_program`, `other_descrption`, `status`, `created_by`, `created_dt_tm`, `updated_by`, `updated_dt_tm`) VALUES
(1, 1, 4, 1, 'Other Details i\'ll Be Updated Soon', NULL, NULL, '2020-07-24 12:20:49', NULL, '2020-07-24 12:20:49');

-- --------------------------------------------------------

--
-- Table structure for table `scholarship_sub_thrust_requirement_has_work_experience`
--

CREATE TABLE `scholarship_sub_thrust_requirement_has_work_experience` (
  `id` int(20) NOT NULL,
  `id_sub_thrust` int(20) DEFAULT NULL,
  `id_requirement` int(20) DEFAULT NULL,
  `id_program` int(20) DEFAULT NULL,
  `min_experience` int(20) DEFAULT NULL,
  `id_specialisation` int(20) DEFAULT NULL,
  `experience_descrption` varchar(2048) DEFAULT NULL,
  `status` int(2) DEFAULT NULL,
  `created_by` int(20) DEFAULT NULL,
  `created_dt_tm` datetime DEFAULT current_timestamp(),
  `updated_by` int(20) DEFAULT NULL,
  `updated_dt_tm` datetime DEFAULT current_timestamp()
) ENGINE=InnoDB DEFAULT CHARSET=latin1;

--
-- Dumping data for table `scholarship_sub_thrust_requirement_has_work_experience`
--

INSERT INTO `scholarship_sub_thrust_requirement_has_work_experience` (`id`, `id_sub_thrust`, `id_requirement`, `id_program`, `min_experience`, `id_specialisation`, `experience_descrption`, `status`, `created_by`, `created_dt_tm`, `updated_by`, `updated_dt_tm`) VALUES
(1, 1, 3, 1, 1, 1, 'Work Experience Compulsary If U Select This Option', NULL, NULL, '2020-07-24 12:20:12', NULL, '2020-07-24 12:20:12'),
(2, 1, 9, 1, 1, 1, 'Work Experience Reuired If Applying Under Experience', NULL, NULL, '2020-07-24 23:35:48', NULL, '2020-07-24 23:35:48'),
(3, 1, 10, 2, 1, 1, 'Work Experience Reuired If Applying Under Experience', NULL, NULL, '2020-07-24 23:35:48', NULL, '2020-07-24 23:35:48');

-- --------------------------------------------------------

--
-- Table structure for table `scholarship_thrust`
--

CREATE TABLE `scholarship_thrust` (
  `id` int(20) NOT NULL,
  `name` varchar(1024) DEFAULT '',
  `code` varchar(200) DEFAULT '',
  `name_optional_language` varchar(1024) DEFAULT '',
  `start_date` datetime DEFAULT current_timestamp(),
  `end_date` datetime DEFAULT current_timestamp(),
  `status` int(2) DEFAULT NULL,
  `created_by` int(20) DEFAULT NULL,
  `created_dt_tm` datetime DEFAULT current_timestamp(),
  `updated_by` int(20) DEFAULT NULL,
  `updated_dt_tm` datetime DEFAULT current_timestamp()
) ENGINE=InnoDB DEFAULT CHARSET=latin1;

--
-- Dumping data for table `scholarship_thrust`
--

INSERT INTO `scholarship_thrust` (`id`, `name`, `code`, `name_optional_language`, `start_date`, `end_date`, `status`, `created_by`, `created_dt_tm`, `updated_by`, `updated_dt_tm`) VALUES
(1, 'Thrust Scholar', 'THR', '', '2020-07-13 00:00:00', '2020-07-03 00:00:00', 1, NULL, '2020-07-23 10:32:08', NULL, '2020-07-23 10:32:08');

-- --------------------------------------------------------

--
-- Table structure for table `scholarship_users`
--

CREATE TABLE `scholarship_users` (
  `id` int(11) NOT NULL,
  `email` varchar(128) NOT NULL COMMENT 'login email',
  `password` varchar(128) NOT NULL COMMENT 'hashed login password',
  `name` varchar(128) DEFAULT NULL COMMENT 'full name of user',
  `mobile` varchar(20) DEFAULT NULL,
  `role_id` tinyint(4) NOT NULL,
  `is_deleted` tinyint(4) NOT NULL DEFAULT 0,
  `created_by` int(11) NOT NULL,
  `created_dt_tm` datetime NOT NULL,
  `updated_by` int(11) DEFAULT NULL,
  `updated_dt_tm` datetime DEFAULT NULL
) ENGINE=MyISAM DEFAULT CHARSET=utf8;

--
-- Dumping data for table `scholarship_users`
--

INSERT INTO `scholarship_users` (`id`, `email`, `password`, `name`, `mobile`, `role_id`, `is_deleted`, `created_by`, `created_dt_tm`, `updated_by`, `updated_dt_tm`) VALUES
(1, 'vk@cms.com', 'admin', 'Vinay', '08550078787', 1, 0, 1, '0000-00-00 00:00:00', NULL, NULL);

-- --------------------------------------------------------

--
-- Table structure for table `scholarship_work_specialisation`
--

CREATE TABLE `scholarship_work_specialisation` (
  `id` int(20) NOT NULL,
  `name` varchar(1024) DEFAULT '',
  `code` varchar(200) DEFAULT '',
  `name_optional_language` varchar(1024) DEFAULT '',
  `status` int(2) DEFAULT NULL,
  `created_by` int(20) DEFAULT NULL,
  `created_dt_tm` datetime DEFAULT current_timestamp(),
  `updated_by` int(20) DEFAULT NULL,
  `updated_dt_tm` datetime DEFAULT current_timestamp()
) ENGINE=InnoDB DEFAULT CHARSET=latin1;

--
-- Dumping data for table `scholarship_work_specialisation`
--

INSERT INTO `scholarship_work_specialisation` (`id`, `name`, `code`, `name_optional_language`, `status`, `created_by`, `created_dt_tm`, `updated_by`, `updated_dt_tm`) VALUES
(1, 'Work Specialisation', 'WS', '', 1, NULL, '2020-07-24 23:32:43', NULL, '2020-07-24 23:32:43');

-- --------------------------------------------------------

--
-- Table structure for table `scholar_applicant`
--

CREATE TABLE `scholar_applicant` (
  `id` int(20) NOT NULL,
  `id_intake` int(11) DEFAULT NULL,
  `id_program` int(11) DEFAULT NULL,
  `full_name` varchar(580) DEFAULT '',
  `salutation` varchar(120) DEFAULT '',
  `first_name` varchar(120) DEFAULT '',
  `last_name` varchar(120) DEFAULT '',
  `nric` varchar(120) DEFAULT '',
  `passport` varchar(120) DEFAULT '',
  `phone` varchar(120) DEFAULT '',
  `email_id` varchar(120) DEFAULT '',
  `password` varchar(120) DEFAULT '',
  `passport_expiry_date` varchar(120) DEFAULT '',
  `gender` varchar(120) DEFAULT '',
  `date_of_birth` varchar(120) DEFAULT '',
  `martial_status` varchar(120) DEFAULT '',
  `religion` varchar(120) DEFAULT '',
  `nationality` varchar(120) DEFAULT '',
  `is_hostel` int(20) DEFAULT 0,
  `id_degree_type` int(20) DEFAULT 0,
  `id_race` varchar(120) DEFAULT '',
  `mail_address1` varchar(120) DEFAULT '',
  `mail_address2` varchar(120) DEFAULT '',
  `mailing_country` int(120) DEFAULT NULL,
  `mailing_state` int(120) DEFAULT NULL,
  `mailing_city` varchar(120) DEFAULT '',
  `mailing_zipcode` varchar(120) DEFAULT '',
  `permanent_address1` varchar(120) DEFAULT '',
  `permanent_address2` varchar(120) DEFAULT '',
  `permanent_country` int(120) DEFAULT NULL,
  `permanent_state` int(120) DEFAULT NULL,
  `permanent_city` varchar(120) DEFAULT '',
  `permanent_zipcode` varchar(120) DEFAULT '',
  `sibbling_discount` varchar(50) DEFAULT '',
  `employee_discount` varchar(50) DEFAULT '',
  `applicant_status` varchar(50) DEFAULT 'Draft',
  `is_sibbling_discount` int(20) DEFAULT 3,
  `is_employee_discount` int(20) DEFAULT 3,
  `id_type` varchar(888) DEFAULT NULL,
  `passport_number` varchar(1024) DEFAULT NULL,
  `email_verified` int(2) DEFAULT 0,
  `is_submitted` int(2) DEFAULT 0,
  `is_updated` int(2) DEFAULT 0,
  `reason` varchar(2048) DEFAULT '',
  `status` int(20) DEFAULT NULL,
  `approved_by` int(20) DEFAULT 0,
  `created_by` int(20) DEFAULT NULL,
  `created_dt_tm` datetime DEFAULT current_timestamp(),
  `updated_by` int(20) DEFAULT NULL,
  `updated_dt_tm` datetime DEFAULT current_timestamp()
) ENGINE=InnoDB DEFAULT CHARSET=latin1;

--
-- Dumping data for table `scholar_applicant`
--

INSERT INTO `scholar_applicant` (`id`, `id_intake`, `id_program`, `full_name`, `salutation`, `first_name`, `last_name`, `nric`, `passport`, `phone`, `email_id`, `password`, `passport_expiry_date`, `gender`, `date_of_birth`, `martial_status`, `religion`, `nationality`, `is_hostel`, `id_degree_type`, `id_race`, `mail_address1`, `mail_address2`, `mailing_country`, `mailing_state`, `mailing_city`, `mailing_zipcode`, `permanent_address1`, `permanent_address2`, `permanent_country`, `permanent_state`, `permanent_city`, `permanent_zipcode`, `sibbling_discount`, `employee_discount`, `applicant_status`, `is_sibbling_discount`, `is_employee_discount`, `id_type`, `passport_number`, `email_verified`, `is_submitted`, `is_updated`, `reason`, `status`, `approved_by`, `created_by`, `created_dt_tm`, `updated_by`, `updated_dt_tm`) VALUES
(1, NULL, NULL, 'Miss. Sumangala K', 'Miss', 'Sumangala', 'K', 'NR333', '', '7878787878', 's@cms.com', '123', '', '', '', '', '', '', 0, 0, '', '', '', NULL, NULL, '', '', '', '', NULL, NULL, '', '', '', '', 'Draft', 3, 3, NULL, NULL, 1, 0, 0, '', NULL, 0, NULL, '2020-07-21 21:09:18', NULL, '2020-07-21 21:09:18'),
(2, NULL, NULL, 'Mr. testing user', 'Mr', 'testing', 'user', '111111111', '', '121313123', 'test1@gmail.com', 'test1', '', '', '', '', '', '', 0, 0, '', '', '', NULL, NULL, '', '', '', '', NULL, NULL, '', '', '', '', 'Draft', 3, 3, NULL, NULL, 1, 0, 0, '', NULL, 0, NULL, '2020-09-16 08:57:50', NULL, '2020-09-16 08:57:50'),
(3, NULL, NULL, 'Mr. applicant  one', 'Mr', 'applicant ', 'one', 'hjaskdh6767', '', '12312312', 'a1@cms.com', '123', '', '', '', '', '', '', 0, 0, '', '', '', NULL, NULL, '', '', '', '', NULL, NULL, '', '', '', '', 'Draft', 3, 3, NULL, NULL, 1, 0, 0, '', NULL, 0, NULL, '2020-09-16 08:58:53', NULL, '2020-09-16 08:58:53');

-- --------------------------------------------------------

--
-- Table structure for table `scholar_applicant_employment_status`
--

CREATE TABLE `scholar_applicant_employment_status` (
  `id` int(20) NOT NULL,
  `id_scholar_applicant` int(10) DEFAULT NULL,
  `id_scholarship_scheme` int(20) DEFAULT 0,
  `year` int(20) DEFAULT 0,
  `id_application` int(20) DEFAULT 0,
  `company_name` varchar(120) DEFAULT '',
  `company_address` varchar(120) DEFAULT '',
  `telephone` varchar(120) DEFAULT '',
  `fax_num` varchar(120) DEFAULT '',
  `designation` varchar(120) DEFAULT '',
  `position` varchar(120) DEFAULT '',
  `service_year` varchar(120) DEFAULT '',
  `industry` varchar(120) DEFAULT '',
  `job_desc` varchar(520) DEFAULT '',
  `employment_letter` varchar(520) DEFAULT '',
  `status` int(20) DEFAULT NULL,
  `created_by` int(20) DEFAULT NULL,
  `created_dt_tm` datetime DEFAULT current_timestamp(),
  `updated_by` int(20) DEFAULT NULL,
  `updated_dt_tm` datetime DEFAULT current_timestamp()
) ENGINE=InnoDB DEFAULT CHARSET=latin1;

-- --------------------------------------------------------

--
-- Table structure for table `scholar_applicant_family_details`
--

CREATE TABLE `scholar_applicant_family_details` (
  `id` int(20) NOT NULL,
  `id_scholar_applicant` bigint(20) DEFAULT 0,
  `id_application` int(20) DEFAULT 0,
  `id_scholarship_scheme` int(20) DEFAULT 0,
  `year` int(20) DEFAULT 0,
  `father_name` varchar(1024) DEFAULT '',
  `mother_name` varchar(1024) DEFAULT '',
  `father_deceased` bigint(20) DEFAULT 0,
  `father_occupation` varchar(1024) DEFAULT '',
  `no_siblings` bigint(20) DEFAULT 0,
  `est_fee` bigint(20) DEFAULT 0,
  `family_annual_income` float(20,2) NOT NULL DEFAULT 0.00,
  `reason` varchar(50) DEFAULT '',
  `status` int(2) DEFAULT 0,
  `created_by` int(20) DEFAULT NULL,
  `created_dt_tm` datetime DEFAULT current_timestamp(),
  `updated_by` int(20) DEFAULT NULL,
  `updated_dt_tm` datetime DEFAULT current_timestamp()
) ENGINE=InnoDB DEFAULT CHARSET=latin1;

--
-- Dumping data for table `scholar_applicant_family_details`
--

INSERT INTO `scholar_applicant_family_details` (`id`, `id_scholar_applicant`, `id_application`, `id_scholarship_scheme`, `year`, `father_name`, `mother_name`, `father_deceased`, `father_occupation`, `no_siblings`, `est_fee`, `family_annual_income`, `reason`, `status`, `created_by`, `created_dt_tm`, `updated_by`, `updated_dt_tm`) VALUES
(1, 1, 0, 0, 0, '', '', 0, '', 0, 0, 0.00, '', 0, NULL, '2020-07-21 21:09:18', NULL, '2020-07-21 21:09:18'),
(2, 2, 0, 0, 0, '', '', 0, '', 0, 0, 0.00, '', 0, NULL, '2020-09-16 08:57:50', NULL, '2020-09-16 08:57:50'),
(3, 3, 0, 0, 0, '', '', 0, '', 0, 0, 0.00, '', 0, NULL, '2020-09-16 08:58:53', NULL, '2020-09-16 08:58:53');

-- --------------------------------------------------------

--
-- Table structure for table `scholar_applicant_last_login`
--

CREATE TABLE `scholar_applicant_last_login` (
  `id` bigint(20) NOT NULL,
  `id_scholar_applicant` bigint(20) NOT NULL,
  `session_data` varchar(2048) NOT NULL,
  `machine_ip` varchar(1024) NOT NULL,
  `user_agent` varchar(128) NOT NULL,
  `agent_string` varchar(1024) NOT NULL,
  `platform` varchar(128) NOT NULL,
  `created_dt_tm` datetime DEFAULT current_timestamp()
) ENGINE=InnoDB DEFAULT CHARSET=utf8;

--
-- Dumping data for table `scholar_applicant_last_login`
--

INSERT INTO `scholar_applicant_last_login` (`id`, `id_scholar_applicant`, `session_data`, `machine_ip`, `user_agent`, `agent_string`, `platform`, `created_dt_tm`) VALUES
(1, 1, '{\"scholar_applicant_name\":\"Miss. Sumangala K\",\"scholar_applicant_email_id\":\"s@cms.com\"}', '112.79.53.129', 'Chrome 83.0.4103.116', 'Mozilla/5.0 (X11; Linux x86_64) AppleWebKit/537.36 (KHTML, like Gecko) Chrome/83.0.4103.116 Safari/537.36', 'Linux', '2020-07-21 21:09:30'),
(2, 2, '{\"scholar_applicant_name\":\"Mr. testing user\",\"scholar_applicant_email_id\":\"test1@gmail.com\"}', '49.206.4.152', 'Chrome 78.0.3904.97', 'Mozilla/5.0 (X11; Linux x86_64) AppleWebKit/537.36 (KHTML, like Gecko) Chrome/78.0.3904.97 Safari/537.36', 'Linux', '2020-09-16 08:57:56'),
(3, 3, '{\"scholar_applicant_name\":\"Mr. applicant  one\",\"scholar_applicant_email_id\":\"a1@cms.com\"}', '157.49.112.144', 'Chrome 85.0.4183.102', 'Mozilla/5.0 (X11; Linux x86_64) AppleWebKit/537.36 (KHTML, like Gecko) Chrome/85.0.4183.102 Safari/537.36', 'Linux', '2020-09-16 08:58:59');

-- --------------------------------------------------------

--
-- Table structure for table `scholar_last_login`
--

CREATE TABLE `scholar_last_login` (
  `id` bigint(20) NOT NULL,
  `id_scholar` bigint(20) NOT NULL,
  `session_data` varchar(2048) NOT NULL,
  `machine_ip` varchar(1024) NOT NULL,
  `user_agent` varchar(128) NOT NULL,
  `agent_string` varchar(1024) NOT NULL,
  `platform` varchar(128) NOT NULL,
  `created_dt_tm` datetime DEFAULT current_timestamp()
) ENGINE=InnoDB DEFAULT CHARSET=utf8;

--
-- Dumping data for table `scholar_last_login`
--

INSERT INTO `scholar_last_login` (`id`, `id_scholar`, `session_data`, `machine_ip`, `user_agent`, `agent_string`, `platform`, `created_dt_tm`) VALUES
(1, 1, '{\"scholar_name\":\"vk\",\"scholar_role\":\"1\",\"scholarship_last_login\":null}', '112.79.53.129', 'Chrome 83.0.4103.116', 'Mozilla/5.0 (X11; Linux x86_64) AppleWebKit/537.36 (KHTML, like Gecko) Chrome/83.0.4103.116 Safari/537.36', 'Linux', '2020-07-21 21:05:01'),
(2, 1, '{\"scholar_name\":\"vk\",\"scholar_role\":\"1\",\"scholarship_last_login\":\"2020-07-21 21:05:01\"}', '112.79.53.129', 'Chrome 83.0.4103.116', 'Mozilla/5.0 (X11; Linux x86_64) AppleWebKit/537.36 (KHTML, like Gecko) Chrome/83.0.4103.116 Safari/537.36', 'Linux', '2020-07-21 21:07:03'),
(3, 1, '{\"scholar_name\":\"vk\",\"scholar_role\":\"1\",\"scholarship_last_login\":\"2020-07-21 21:07:03\"}', '112.79.53.68', 'Chrome 83.0.4103.116', 'Mozilla/5.0 (X11; Linux x86_64) AppleWebKit/537.36 (KHTML, like Gecko) Chrome/83.0.4103.116 Safari/537.36', 'Linux', '2020-07-21 21:44:20'),
(4, 1, '{\"scholar_name\":\"vk\",\"scholar_role\":\"1\",\"scholarship_last_login\":\"2020-07-21 21:44:20\"}', '112.79.53.68', 'Chrome 83.0.4103.116', 'Mozilla/5.0 (X11; Linux x86_64) AppleWebKit/537.36 (KHTML, like Gecko) Chrome/83.0.4103.116 Safari/537.36', 'Linux', '2020-07-21 21:44:42'),
(5, 1, '{\"scholar_name\":\"vk\",\"scholar_role\":\"1\",\"scholarship_last_login\":\"2020-07-21 21:44:42\"}', '112.79.53.68', 'Chrome 83.0.4103.116', 'Mozilla/5.0 (X11; Linux x86_64) AppleWebKit/537.36 (KHTML, like Gecko) Chrome/83.0.4103.116 Safari/537.36', 'Linux', '2020-07-21 21:45:19'),
(6, 1, '{\"scholar_name\":\"vk\",\"scholar_role\":\"1\",\"scholarship_last_login\":\"2020-07-21 21:45:19\"}', '112.79.53.68', 'Chrome 83.0.4103.116', 'Mozilla/5.0 (X11; Linux x86_64) AppleWebKit/537.36 (KHTML, like Gecko) Chrome/83.0.4103.116 Safari/537.36', 'Linux', '2020-07-21 21:46:10'),
(7, 1, '{\"scholar_name\":\"vk\",\"scholar_role\":\"1\",\"scholarship_last_login\":\"2020-07-21 21:46:10\"}', '42.190.15.202', 'Chrome 84.0.4147.89', 'Mozilla/5.0 (Windows NT 10.0; Win64; x64) AppleWebKit/537.36 (KHTML, like Gecko) Chrome/84.0.4147.89 Safari/537.36 Edg/84.0.522.40', 'Windows 10', '2020-07-21 21:47:46'),
(8, 1, '{\"scholar_name\":\"vk\",\"scholar_role\":\"1\",\"scholarship_last_login\":\"2020-07-21 21:47:46\"}', '49.206.7.23', 'Safari 604.1', 'Mozilla/5.0 (iPhone; CPU iPhone OS 13_5_1 like Mac OS X) AppleWebKit/605.1.15 (KHTML, like Gecko) Version/13.1.1 Mobile/15E148 Safari/604.1', 'iOS', '2020-07-21 21:47:56'),
(9, 1, '{\"scholar_name\":\"vk\",\"scholar_role\":\"1\",\"scholarship_last_login\":\"2020-07-21 21:47:56\"}', '112.79.53.158', 'Chrome 83.0.4103.116', 'Mozilla/5.0 (X11; Linux x86_64) AppleWebKit/537.36 (KHTML, like Gecko) Chrome/83.0.4103.116 Safari/537.36', 'Linux', '2020-07-22 01:30:33'),
(10, 1, '{\"scholar_name\":\"vk\",\"scholar_role\":\"1\",\"scholarship_last_login\":\"2020-07-22 01:30:33\"}', '42.190.15.202', 'Chrome 84.0.4147.89', 'Mozilla/5.0 (Windows NT 10.0; Win64; x64) AppleWebKit/537.36 (KHTML, like Gecko) Chrome/84.0.4147.89 Safari/537.36 Edg/84.0.522.40', 'Windows 10', '2020-07-22 06:50:16'),
(11, 1, '{\"scholar_name\":\"vk\",\"scholar_role\":\"1\",\"scholarship_last_login\":\"2020-07-22 06:50:16\"}', '42.190.15.202', 'Chrome 84.0.4147.89', 'Mozilla/5.0 (Windows NT 10.0; Win64; x64) AppleWebKit/537.36 (KHTML, like Gecko) Chrome/84.0.4147.89 Safari/537.36 Edg/84.0.522.40', 'Windows 10', '2020-07-22 09:21:05'),
(12, 1, '{\"scholar_name\":\"vk\",\"scholar_role\":\"1\",\"scholarship_last_login\":\"2020-07-22 09:21:05\"}', '112.79.54.84', 'Chrome 83.0.4103.116', 'Mozilla/5.0 (X11; Linux x86_64) AppleWebKit/537.36 (KHTML, like Gecko) Chrome/83.0.4103.116 Safari/537.36', 'Linux', '2020-07-22 10:29:20'),
(13, 1, '{\"scholar_name\":\"vk\",\"scholar_role\":\"1\",\"scholarship_last_login\":\"2020-07-22 10:29:20\"}', '42.190.15.202', 'Chrome 84.0.4147.89', 'Mozilla/5.0 (Windows NT 10.0; Win64; x64) AppleWebKit/537.36 (KHTML, like Gecko) Chrome/84.0.4147.89 Safari/537.36 Edg/84.0.522.40', 'Windows 10', '2020-07-23 00:45:32'),
(14, 1, '{\"scholar_name\":\"vk\",\"scholar_role\":\"1\",\"scholarship_last_login\":\"2020-07-23 00:45:32\"}', '42.190.15.202', 'Chrome 84.0.4147.89', 'Mozilla/5.0 (Windows NT 10.0; Win64; x64) AppleWebKit/537.36 (KHTML, like Gecko) Chrome/84.0.4147.89 Safari/537.36 Edg/84.0.522.40', 'Windows 10', '2020-07-23 03:02:55'),
(15, 1, '{\"scholar_name\":\"vk\",\"scholar_role\":\"1\",\"scholarship_last_login\":\"2020-07-23 03:02:55\"}', '117.230.37.241', 'Chrome 83.0.4103.116', 'Mozilla/5.0 (X11; Linux x86_64) AppleWebKit/537.36 (KHTML, like Gecko) Chrome/83.0.4103.116 Safari/537.36', 'Linux', '2020-07-23 04:13:00'),
(16, 1, '{\"scholar_name\":\"vk\",\"scholar_role\":\"1\",\"scholarship_last_login\":\"2020-07-23 04:13:00\"}', '42.190.15.202', 'Chrome 84.0.4147.89', 'Mozilla/5.0 (Windows NT 10.0; Win64; x64) AppleWebKit/537.36 (KHTML, like Gecko) Chrome/84.0.4147.89 Safari/537.36 Edg/84.0.522.40', 'Windows 10', '2020-07-23 05:34:26'),
(17, 1, '{\"scholar_name\":\"vk\",\"scholar_role\":\"1\",\"scholarship_last_login\":\"2020-07-23 05:34:26\"}', '117.230.5.6', 'Chrome 83.0.4103.116', 'Mozilla/5.0 (X11; Linux x86_64) AppleWebKit/537.36 (KHTML, like Gecko) Chrome/83.0.4103.116 Safari/537.36', 'Linux', '2020-07-23 07:05:50'),
(18, 1, '{\"scholar_name\":\"vk\",\"scholar_role\":\"1\",\"scholarship_last_login\":\"2020-07-23 07:05:50\"}', '112.79.48.147', 'Chrome 83.0.4103.116', 'Mozilla/5.0 (X11; Linux x86_64) AppleWebKit/537.36 (KHTML, like Gecko) Chrome/83.0.4103.116 Safari/537.36', 'Linux', '2020-07-23 10:25:22'),
(19, 1, '{\"scholar_name\":\"vk\",\"scholar_role\":\"1\",\"scholarship_last_login\":\"2020-07-23 10:25:22\"}', '42.190.15.202', 'Chrome 84.0.4147.89', 'Mozilla/5.0 (Windows NT 10.0; Win64; x64) AppleWebKit/537.36 (KHTML, like Gecko) Chrome/84.0.4147.89 Safari/537.36 Edg/84.0.522.40', 'Windows 10', '2020-07-23 18:06:06'),
(20, 1, '{\"scholar_name\":\"vk\",\"scholar_role\":\"1\",\"scholarship_last_login\":\"2020-07-23 18:06:06\"}', '42.190.15.202', 'Chrome 84.0.4147.89', 'Mozilla/5.0 (Windows NT 10.0; Win64; x64) AppleWebKit/537.36 (KHTML, like Gecko) Chrome/84.0.4147.89 Safari/537.36 Edg/84.0.522.40', 'Windows 10', '2020-07-23 22:55:31'),
(21, 1, '{\"scholar_name\":\"vk\",\"scholar_role\":\"1\",\"scholarship_last_login\":\"2020-07-23 22:55:31\"}', '42.190.15.202', 'Chrome 84.0.4147.89', 'Mozilla/5.0 (Windows NT 10.0; Win64; x64) AppleWebKit/537.36 (KHTML, like Gecko) Chrome/84.0.4147.89 Safari/537.36 Edg/84.0.522.40', 'Windows 10', '2020-07-24 05:14:55'),
(22, 1, '{\"scholar_name\":\"vk\",\"scholar_role\":\"1\",\"scholarship_last_login\":\"2020-07-24 05:14:55\"}', '112.79.48.230', 'Chrome 83.0.4103.116', 'Mozilla/5.0 (X11; Linux x86_64) AppleWebKit/537.36 (KHTML, like Gecko) Chrome/83.0.4103.116 Safari/537.36', 'Linux', '2020-07-24 09:30:15'),
(23, 1, '{\"scholar_name\":\"vk\",\"scholar_role\":\"1\",\"scholarship_last_login\":\"2020-07-24 09:30:15\"}', '112.79.49.216', 'Chrome 83.0.4103.116', 'Mozilla/5.0 (X11; Linux x86_64) AppleWebKit/537.36 (KHTML, like Gecko) Chrome/83.0.4103.116 Safari/537.36', 'Linux', '2020-07-24 12:18:13'),
(24, 1, '{\"scholar_name\":\"vk\",\"scholar_role\":\"1\",\"scholarship_last_login\":\"2020-07-24 12:18:13\"}', '42.190.15.202', 'Chrome 84.0.4147.89', 'Mozilla/5.0 (Windows NT 10.0; Win64; x64) AppleWebKit/537.36 (KHTML, like Gecko) Chrome/84.0.4147.89 Safari/537.36 Edg/84.0.522.40', 'Windows 10', '2020-07-24 13:10:20'),
(25, 1, '{\"scholar_name\":\"vk\",\"scholar_role\":\"1\",\"scholarship_last_login\":\"2020-07-24 13:10:20\"}', '112.79.80.186', 'Chrome 83.0.4103.116', 'Mozilla/5.0 (X11; Linux x86_64) AppleWebKit/537.36 (KHTML, like Gecko) Chrome/83.0.4103.116 Safari/537.36', 'Linux', '2020-07-24 23:28:39'),
(26, 1, '{\"scholar_name\":\"vk\",\"scholar_role\":\"1\",\"scholarship_last_login\":\"2020-07-24 23:28:39\"}', '112.79.51.20', 'Chrome 83.0.4103.116', 'Mozilla/5.0 (X11; Linux x86_64) AppleWebKit/537.36 (KHTML, like Gecko) Chrome/83.0.4103.116 Safari/537.36', 'Linux', '2020-07-25 07:42:04'),
(27, 1, '{\"scholar_name\":\"vk\",\"scholar_role\":\"1\",\"scholarship_last_login\":\"2020-07-25 07:42:04\"}', '42.190.15.202', 'Chrome 84.0.4147.89', 'Mozilla/5.0 (Windows NT 10.0; Win64; x64) AppleWebKit/537.36 (KHTML, like Gecko) Chrome/84.0.4147.89 Safari/537.36 Edg/84.0.522.40', 'Windows 10', '2020-07-25 08:00:06'),
(28, 1, '{\"scholar_name\":\"vk\",\"scholar_role\":\"1\",\"scholarship_last_login\":\"2020-07-25 08:00:06\"}', '49.206.7.23', 'Chrome 78.0.3904.97', 'Mozilla/5.0 (X11; Linux x86_64) AppleWebKit/537.36 (KHTML, like Gecko) Chrome/78.0.3904.97 Safari/537.36', 'Linux', '2020-07-26 18:34:58'),
(29, 1, '{\"scholar_name\":\"vk\",\"scholar_role\":\"1\",\"scholarship_last_login\":\"2020-07-26 18:34:58\"}', '42.190.15.202', 'Chrome 84.0.4147.89', 'Mozilla/5.0 (Windows NT 10.0; Win64; x64) AppleWebKit/537.36 (KHTML, like Gecko) Chrome/84.0.4147.89 Safari/537.36 Edg/84.0.522.40', 'Windows 10', '2020-07-26 21:35:08'),
(30, 1, '{\"scholar_name\":\"vk\",\"scholar_role\":\"1\",\"scholarship_last_login\":\"2020-07-26 21:35:08\"}', '112.79.49.125', 'Chrome 83.0.4103.116', 'Mozilla/5.0 (X11; Linux x86_64) AppleWebKit/537.36 (KHTML, like Gecko) Chrome/83.0.4103.116 Safari/537.36', 'Linux', '2020-07-26 22:49:02'),
(31, 1, '{\"scholar_name\":\"vk\",\"scholar_role\":\"1\",\"scholarship_last_login\":\"2020-07-26 22:49:02\"}', '157.49.103.87', 'Chrome 83.0.4103.116', 'Mozilla/5.0 (X11; Linux x86_64) AppleWebKit/537.36 (KHTML, like Gecko) Chrome/83.0.4103.116 Safari/537.36', 'Linux', '2020-07-27 03:46:00'),
(32, 1, '{\"scholar_name\":\"vk\",\"scholar_role\":\"1\",\"scholarship_last_login\":\"2020-07-27 03:46:00\"}', '112.79.49.29', 'Chrome 83.0.4103.116', 'Mozilla/5.0 (X11; Linux x86_64) AppleWebKit/537.36 (KHTML, like Gecko) Chrome/83.0.4103.116 Safari/537.36', 'Linux', '2020-07-27 12:15:51'),
(33, 1, '{\"scholar_name\":\"vk\",\"scholar_role\":\"1\",\"scholarship_last_login\":\"2020-07-27 12:15:51\"}', '112.79.87.32', 'Chrome 83.0.4103.116', 'Mozilla/5.0 (X11; Linux x86_64) AppleWebKit/537.36 (KHTML, like Gecko) Chrome/83.0.4103.116 Safari/537.36', 'Linux', '2020-07-28 07:01:05'),
(34, 1, '{\"scholar_name\":\"vk\",\"scholar_role\":\"1\",\"scholarship_last_login\":\"2020-07-28 07:01:05\"}', '112.79.51.233', 'Chrome 83.0.4103.116', 'Mozilla/5.0 (X11; Linux x86_64) AppleWebKit/537.36 (KHTML, like Gecko) Chrome/83.0.4103.116 Safari/537.36', 'Linux', '2020-07-29 07:16:40'),
(35, 1, '{\"scholar_name\":\"Mr. Vinay Kiran\",\"scholar_role\":\"1\",\"scholarship_last_login\":\"2020-07-29 07:16:40\"}', '137.97.44.116', 'Chrome 83.0.4103.116', 'Mozilla/5.0 (X11; Linux x86_64) AppleWebKit/537.36 (KHTML, like Gecko) Chrome/83.0.4103.116 Safari/537.36', 'Linux', '2020-07-29 12:23:22'),
(36, 1, '{\"scholar_name\":\"Mr. Vinay Kiran\",\"scholar_role\":\"1\",\"scholarship_last_login\":\"2020-07-29 12:23:22\"}', '49.206.7.23', 'Chrome 78.0.3904.97', 'Mozilla/5.0 (X11; Linux x86_64) AppleWebKit/537.36 (KHTML, like Gecko) Chrome/78.0.3904.97 Safari/537.36', 'Linux', '2020-07-30 10:53:17'),
(37, 1, '{\"scholar_name\":\"Mr. Vinay Kiran\",\"scholar_role\":\"1\",\"scholarship_last_login\":\"2020-07-30 10:53:17\"}', '112.79.53.224', 'Chrome 83.0.4103.116', 'Mozilla/5.0 (X11; Linux x86_64) AppleWebKit/537.36 (KHTML, like Gecko) Chrome/83.0.4103.116 Safari/537.36', 'Linux', '2020-07-30 12:52:42'),
(38, 1, '{\"scholar_name\":\"Mr. Vinay Kiran\",\"scholar_role\":\"1\",\"scholarship_last_login\":\"2020-07-30 12:52:42\"}', '42.190.15.202', 'Chrome 84.0.4147.105', 'Mozilla/5.0 (Windows NT 10.0; Win64; x64) AppleWebKit/537.36 (KHTML, like Gecko) Chrome/84.0.4147.105 Safari/537.36', 'Windows 10', '2020-08-04 10:48:07'),
(39, 1, '{\"scholar_name\":\"Mr. Vinay Kiran\",\"scholar_role\":\"1\",\"scholarship_last_login\":\"2020-08-04 10:48:07\"}', '49.206.7.23', 'Chrome 78.0.3904.97', 'Mozilla/5.0 (X11; Linux x86_64) AppleWebKit/537.36 (KHTML, like Gecko) Chrome/78.0.3904.97 Safari/537.36', 'Linux', '2020-08-11 21:23:59'),
(40, 1, '{\"scholar_name\":\"Mr. Vinay Kiran\",\"scholar_role\":\"1\",\"scholarship_last_login\":\"2020-08-11 21:23:59\"}', '49.206.4.152', 'Chrome 78.0.3904.97', 'Mozilla/5.0 (X11; Linux x86_64) AppleWebKit/537.36 (KHTML, like Gecko) Chrome/78.0.3904.97 Safari/537.36', 'Linux', '2020-08-18 10:33:59'),
(41, 1, '{\"scholar_name\":\"Mr. Vinay Kiran\",\"scholar_role\":\"1\",\"scholarship_last_login\":\"2020-08-18 10:33:59\"}', '157.49.166.214', 'Chrome 85.0.4183.102', 'Mozilla/5.0 (X11; Linux x86_64) AppleWebKit/537.36 (KHTML, like Gecko) Chrome/85.0.4183.102 Safari/537.36', 'Linux', '2020-09-15 07:29:46');

-- --------------------------------------------------------

--
-- Table structure for table `scholar_permissions`
--

CREATE TABLE `scholar_permissions` (
  `id` bigint(20) NOT NULL,
  `code` varchar(100) DEFAULT NULL,
  `description` varchar(200) DEFAULT NULL,
  `status` int(2) DEFAULT 1
) ENGINE=InnoDB DEFAULT CHARSET=latin1;

--
-- Dumping data for table `scholar_permissions`
--

INSERT INTO `scholar_permissions` (`id`, `code`, `description`, `status`) VALUES
(1, 'SM', 'Scholar Manager', 1),
(2, 'sub_thrust.add', 'Sub Thrust Add', 1),
(3, 'application.approve', 'Application Aproval', 1);

-- --------------------------------------------------------

--
-- Table structure for table `scholar_roles`
--

CREATE TABLE `scholar_roles` (
  `id` tinyint(4) NOT NULL COMMENT 'role id',
  `role` varchar(50) NOT NULL COMMENT 'role text',
  `status` int(2) DEFAULT 1
) ENGINE=MyISAM DEFAULT CHARSET=utf8;

--
-- Dumping data for table `scholar_roles`
--

INSERT INTO `scholar_roles` (`id`, `role`, `status`) VALUES
(1, 'Scholarship Manager', 1),
(2, 'Programme Partner', 1),
(3, 'Verification Officer', 1);

-- --------------------------------------------------------

--
-- Table structure for table `scholar_role_permissions`
--

CREATE TABLE `scholar_role_permissions` (
  `id` bigint(20) NOT NULL,
  `id_role` bigint(20) DEFAULT NULL,
  `id_permission` bigint(20) DEFAULT NULL
) ENGINE=InnoDB DEFAULT CHARSET=latin1;

--
-- Dumping data for table `scholar_role_permissions`
--

INSERT INTO `scholar_role_permissions` (`id`, `id_role`, `id_permission`) VALUES
(3, 2, 2),
(4, 1, 2),
(5, 1, 1),
(6, 3, 3);

-- --------------------------------------------------------

--
-- Table structure for table `school_details`
--

CREATE TABLE `school_details` (
  `id` int(20) NOT NULL,
  `name` varchar(120) DEFAULT '',
  `reg_no` varchar(20) DEFAULT '',
  `address_one` varchar(520) DEFAULT '',
  `address_two` varchar(520) DEFAULT '',
  `address_three` varchar(520) DEFAULT '',
  `phone_number` varchar(20) DEFAULT '',
  `mobile_number` varchar(20) DEFAULT '',
  `email` varchar(120) DEFAULT '',
  `fax` varchar(20) DEFAULT '',
  `pincode` int(10) DEFAULT NULL,
  `id_city` int(10) DEFAULT NULL,
  `id_state` int(10) DEFAULT NULL,
  `logo` varchar(120) DEFAULT '',
  `status` int(2) DEFAULT NULL,
  `created_by` int(20) DEFAULT NULL,
  `created_dt_tm` datetime DEFAULT NULL,
  `updated_by` int(20) DEFAULT NULL,
  `updated_dt_tm` datetime DEFAULT NULL
) ENGINE=InnoDB DEFAULT CHARSET=latin1;

-- --------------------------------------------------------

--
-- Table structure for table `sco_reporting_comments`
--

CREATE TABLE `sco_reporting_comments` (
  `id` bigint(20) NOT NULL,
  `id_sco` bigint(20) NOT NULL,
  `comments` varchar(200) DEFAULT '',
  `id_supervisor` bigint(20) NOT NULL,
  `upload_file` varchar(2048) DEFAULT '',
  `reason` varchar(2048) DEFAULT '',
  `status` int(2) DEFAULT 1,
  `created_by` int(20) DEFAULT NULL,
  `created_dt_tm` datetime DEFAULT current_timestamp(),
  `updated_by` int(20) DEFAULT NULL,
  `updated_dt_tm` datetime DEFAULT current_timestamp()
) ENGINE=InnoDB DEFAULT CHARSET=utf8;

-- --------------------------------------------------------

--
-- Table structure for table `semester`
--

CREATE TABLE `semester` (
  `id` int(20) NOT NULL,
  `name` varchar(250) DEFAULT '',
  `code` varchar(20) DEFAULT '',
  `name_optional_language` varchar(200) DEFAULT '',
  `id_academic_year` int(10) DEFAULT NULL,
  `id_scheme` int(20) DEFAULT 0,
  `start_date` datetime DEFAULT NULL,
  `end_date` datetime DEFAULT NULL,
  `semester_type` varchar(50) DEFAULT '',
  `is_countable` int(2) DEFAULT 0,
  `special_semester` int(2) DEFAULT 0,
  `semester_sequence` varchar(50) DEFAULT '',
  `year` varchar(20) DEFAULT '',
  `status` int(2) DEFAULT NULL,
  `created_by` int(20) DEFAULT NULL,
  `created_dt_tm` datetime DEFAULT NULL,
  `updated_by` int(20) DEFAULT NULL,
  `updated_dt_tm` datetime DEFAULT NULL
) ENGINE=InnoDB DEFAULT CHARSET=latin1;

--
-- Dumping data for table `semester`
--

INSERT INTO `semester` (`id`, `name`, `code`, `name_optional_language`, `id_academic_year`, `id_scheme`, `start_date`, `end_date`, `semester_type`, `is_countable`, `special_semester`, `semester_sequence`, `year`, `status`, `created_by`, `created_dt_tm`, `updated_by`, `updated_dt_tm`) VALUES
(1, 'January Semester', '2020-01', 'Semester Januari', 1, 1, '2020-01-01 00:00:00', '2020-04-30 00:00:00', 'Long', 1, 0, 'January', '', 1, NULL, NULL, NULL, NULL),
(2, 'May Semester.', '2020-05', 'Semester Mei', 1, 0, '2020-05-01 00:00:00', '2020-08-31 00:00:00', 'Long', 1, 0, 'May', '', 1, NULL, NULL, NULL, NULL),
(3, 'September Semester', '2020-09', 'Semester September', 1, 1, '2020-09-01 00:00:00', '2020-12-31 00:00:00', 'Long', 1, 0, 'September', '', 1, NULL, NULL, NULL, NULL),
(4, 'January 2016 Semester', '2016-01', 'January 2016 Semester', 4, 1, '2016-01-01 00:00:00', '2016-04-30 00:00:00', 'Long', 1, 0, 'January', '', 1, NULL, NULL, NULL, NULL),
(5, 'May 2016 Semester', '2016-05', 'May 2016 Semester', 4, 1, '2016-05-01 00:00:00', '2016-08-30 00:00:00', 'Long', 1, 0, 'May', '', 1, NULL, NULL, NULL, NULL),
(6, 'September 2016 Semester', '2016-09', 'September 2016 Semester', 4, 1, '2016-09-01 00:00:00', '2016-12-31 00:00:00', 'Long', 1, 0, 'September', '', 1, NULL, NULL, NULL, NULL),
(7, 'Semester January 2017', '2017-01', 'Semester January 2017', 5, 0, '2017-01-01 00:00:00', '2017-04-30 00:00:00', 'Long', 1, 0, 'January', '', 1, NULL, NULL, NULL, NULL),
(8, 'Semester May 2017', '2017-05', 'Semester May 2017', 5, 0, '2017-05-01 00:00:00', '2017-08-31 00:00:00', 'Long', 1, 0, 'May', '', 1, NULL, NULL, NULL, NULL),
(10, 'Oct Test', '2020- 04', '', 1, 0, '2025-10-01 00:00:00', '2020-11-30 00:00:00', 'Long', 1, 0, 'October', '', 1, NULL, NULL, NULL, NULL);

-- --------------------------------------------------------

--
-- Table structure for table `semester_has_activity`
--

CREATE TABLE `semester_has_activity` (
  `id` int(20) NOT NULL,
  `id_semester` int(10) DEFAULT NULL,
  `id_activity` int(10) DEFAULT NULL,
  `start_date` datetime DEFAULT current_timestamp(),
  `end_date` datetime DEFAULT current_timestamp(),
  `status` int(2) DEFAULT NULL,
  `created_by` int(20) DEFAULT NULL,
  `created_dt_tm` datetime DEFAULT current_timestamp(),
  `updated_by` int(20) DEFAULT NULL,
  `updated_dt_tm` datetime DEFAULT current_timestamp()
) ENGINE=InnoDB DEFAULT CHARSET=latin1;

-- --------------------------------------------------------

--
-- Table structure for table `semester_has_scheme`
--

CREATE TABLE `semester_has_scheme` (
  `id` bigint(20) NOT NULL,
  `id_semester` int(20) DEFAULT 0,
  `id_scheme` int(20) DEFAULT 0,
  `status` int(20) DEFAULT 1,
  `created_by` int(20) DEFAULT 0,
  `created_dt_tm` datetime DEFAULT current_timestamp(),
  `updated_by` int(20) DEFAULT 0,
  `updated_dt_tm` datetime DEFAULT current_timestamp()
) ENGINE=InnoDB DEFAULT CHARSET=latin1;

--
-- Dumping data for table `semester_has_scheme`
--

INSERT INTO `semester_has_scheme` (`id`, `id_semester`, `id_scheme`, `status`, `created_by`, `created_dt_tm`, `updated_by`, `updated_dt_tm`) VALUES
(1, 4, 1, 1, 0, '2020-08-31 23:45:04', 0, '2020-08-31 23:45:04'),
(2, 4, 4, 1, 0, '2020-08-31 23:45:13', 0, '2020-08-31 23:45:13'),
(3, 2, 2, 1, 0, '2020-08-31 23:49:35', 0, '2020-08-31 23:49:35'),
(4, 7, 1, 1, 0, '2020-08-31 23:55:46', 0, '2020-08-31 23:55:46'),
(5, 5, 4, 1, 0, '2020-08-31 23:56:05', 0, '2020-08-31 23:56:05'),
(6, 8, 1, 1, 0, '2020-08-31 23:57:02', 0, '2020-08-31 23:57:02'),
(8, 9, 2, 1, 1, '2020-09-01 06:53:55', 0, '2020-09-01 06:53:55'),
(9, 10, 1, 1, 0, '2020-11-11 02:44:41', 0, '2020-11-11 02:44:41');

-- --------------------------------------------------------

--
-- Table structure for table `set_form`
--

CREATE TABLE `set_form` (
  `id` int(20) NOT NULL,
  `name` varchar(2048) DEFAULT '',
  `id_pool` int(20) DEFAULT 0,
  `id_branch` int(20) DEFAULT 0,
  `id_semester` int(20) DEFAULT 0,
  `id_program` int(20) DEFAULT 0,
  `id_program_scheme` int(20) DEFAULT 0,
  `is_publish` int(20) DEFAULT 0,
  `published_by` int(20) DEFAULT 0,
  `status` int(2) DEFAULT NULL,
  `created_by` int(20) DEFAULT NULL,
  `created_dt_tm` datetime DEFAULT current_timestamp(),
  `updated_by` int(20) DEFAULT NULL,
  `updated_dt_tm` datetime DEFAULT current_timestamp()
) ENGINE=InnoDB DEFAULT CHARSET=latin1;

-- --------------------------------------------------------

--
-- Table structure for table `set_form_has_question_pool`
--

CREATE TABLE `set_form_has_question_pool` (
  `id` int(20) NOT NULL,
  `id_set_form` int(20) DEFAULT 0,
  `id_pool` int(20) DEFAULT 0,
  `status` int(2) DEFAULT NULL,
  `created_by` int(20) DEFAULT NULL,
  `created_dt_tm` datetime DEFAULT current_timestamp(),
  `updated_by` int(20) DEFAULT NULL,
  `updated_dt_tm` datetime DEFAULT current_timestamp()
) ENGINE=InnoDB DEFAULT CHARSET=latin1;

-- --------------------------------------------------------

--
-- Table structure for table `sibbling_discount`
--

CREATE TABLE `sibbling_discount` (
  `id` int(20) NOT NULL,
  `name` varchar(520) DEFAULT '',
  `amount` varchar(520) DEFAULT '',
  `currency` varchar(200) DEFAULT '',
  `start_date` datetime DEFAULT current_timestamp(),
  `end_date` datetime DEFAULT current_timestamp(),
  `sibbling_status` varchar(50) DEFAULT 'Pending',
  `status` int(2) DEFAULT NULL,
  `created_by` int(20) DEFAULT NULL,
  `created_dt_tm` datetime DEFAULT current_timestamp(),
  `updated_by` int(20) DEFAULT NULL,
  `updated_dt_tm` datetime DEFAULT current_timestamp()
) ENGINE=InnoDB DEFAULT CHARSET=latin1;

--
-- Dumping data for table `sibbling_discount`
--

INSERT INTO `sibbling_discount` (`id`, `name`, `amount`, `currency`, `start_date`, `end_date`, `sibbling_status`, `status`, `created_by`, `created_dt_tm`, `updated_by`, `updated_dt_tm`) VALUES
(1, 'Sibbling Discount', '20', 'USD', '2020-07-11 00:00:00', '2020-07-11 00:00:00', 'Pending', 1, NULL, '2020-07-11 00:39:26', NULL, '2020-07-11 00:39:26'),
(2, 'Sibbling Discount', '80', 'MYR', '2020-08-01 00:00:00', '2020-08-31 00:00:00', 'Pending', 1, NULL, '2020-08-20 04:32:21', NULL, '2020-08-20 04:32:21');

-- --------------------------------------------------------

--
-- Table structure for table `specialization_setup`
--

CREATE TABLE `specialization_setup` (
  `id` int(20) NOT NULL,
  `name` varchar(520) DEFAULT '',
  `name_in_malay` varchar(520) DEFAULT '',
  `code` varchar(50) DEFAULT '',
  `status` int(2) DEFAULT NULL,
  `created_by` int(20) DEFAULT NULL,
  `created_dt_tm` datetime DEFAULT current_timestamp(),
  `updated_by` int(20) DEFAULT NULL,
  `updated_dt_tm` datetime DEFAULT current_timestamp()
) ENGINE=InnoDB DEFAULT CHARSET=latin1;

--
-- Dumping data for table `specialization_setup`
--

INSERT INTO `specialization_setup` (`id`, `name`, `name_in_malay`, `code`, `status`, `created_by`, `created_dt_tm`, `updated_by`, `updated_dt_tm`) VALUES
(1, 'Minimum 2 Principal Passes with a minimum grade C+ (CGPA 2.33)', '', 'M', 1, NULL, '2020-07-19 02:51:42', NULL, '2020-07-19 02:51:42');

-- --------------------------------------------------------

--
-- Table structure for table `sponser`
--

CREATE TABLE `sponser` (
  `id` int(20) NOT NULL,
  `name` varchar(520) DEFAULT '',
  `mobile_number` varchar(20) DEFAULT '',
  `email` varchar(500) DEFAULT '',
  `fax` varchar(20) DEFAULT '',
  `code` varchar(50) DEFAULT '',
  `address2` varchar(1024) DEFAULT '',
  `location` varchar(1024) DEFAULT '',
  `address` varchar(520) DEFAULT '',
  `id_state` int(20) DEFAULT NULL,
  `id_country` int(20) DEFAULT NULL,
  `zip_code` int(10) DEFAULT NULL,
  `status` int(2) DEFAULT NULL,
  `created_by` int(20) DEFAULT NULL,
  `created_dt_tm` datetime DEFAULT current_timestamp(),
  `updated_by` int(20) DEFAULT NULL,
  `updated_dt_tm` datetime DEFAULT current_timestamp()
) ENGINE=InnoDB DEFAULT CHARSET=latin1;

--
-- Dumping data for table `sponser`
--

INSERT INTO `sponser` (`id`, `name`, `mobile_number`, `email`, `fax`, `code`, `address2`, `location`, `address`, `id_state`, `id_country`, `zip_code`, `status`, `created_by`, `created_dt_tm`, `updated_by`, `updated_dt_tm`) VALUES
(1, 'MARA', '67564543', 'nasu@cms.com', '12322124', 'C000001/2020', 'KL', 'kl', 'KL', 1, 1, 566778, 1, NULL, '2020-08-08 07:33:13', NULL, '2020-08-08 07:33:13');

-- --------------------------------------------------------

--
-- Table structure for table `sponser_coordinator_details`
--

CREATE TABLE `sponser_coordinator_details` (
  `id` int(20) NOT NULL,
  `id_sponser` int(20) DEFAULT 0,
  `name` varchar(1024) DEFAULT '',
  `email` varchar(1024) DEFAULT '',
  `phone` int(20) DEFAULT 0,
  `mobile` int(20) DEFAULT 0,
  `fax` int(20) DEFAULT 0,
  `status` int(2) DEFAULT NULL,
  `created_by` int(20) DEFAULT NULL,
  `created_dt_tm` datetime DEFAULT current_timestamp(),
  `updated_by` int(20) DEFAULT NULL,
  `updated_dt_tm` datetime DEFAULT current_timestamp()
) ENGINE=InnoDB DEFAULT CHARSET=latin1;

--
-- Dumping data for table `sponser_coordinator_details`
--

INSERT INTO `sponser_coordinator_details` (`id`, `id_sponser`, `name`, `email`, `phone`, `mobile`, `fax`, `status`, `created_by`, `created_dt_tm`, `updated_by`, `updated_dt_tm`) VALUES
(1, 1, 'Binti Ahmmed', 'bahm@cms.com', 12387654, 2147483647, 6788798, 1, NULL, '2020-08-08 07:35:11', NULL, '2020-08-08 07:35:11'),
(2, 1, '1', 'jgjg@HKHK.COM', 1, 1, 1, 1, NULL, '2020-08-08 07:36:15', NULL, '2020-08-08 07:36:15');

-- --------------------------------------------------------

--
-- Table structure for table `sponser_credit_note`
--

CREATE TABLE `sponser_credit_note` (
  `id` int(20) NOT NULL,
  `credit_note_number` varchar(50) DEFAULT '',
  `total_amount` varchar(20) DEFAULT '',
  `remarks` varchar(520) DEFAULT '',
  `approval_status` int(2) DEFAULT 0,
  `status` int(2) DEFAULT NULL,
  `created_by` int(20) DEFAULT NULL,
  `created_dt_tm` datetime DEFAULT current_timestamp(),
  `updated_by` int(20) DEFAULT NULL,
  `updated_dt_tm` datetime DEFAULT current_timestamp()
) ENGINE=InnoDB DEFAULT CHARSET=latin1;

-- --------------------------------------------------------

--
-- Table structure for table `sponser_credit_note_details`
--

CREATE TABLE `sponser_credit_note_details` (
  `id` int(20) NOT NULL,
  `id_sponser_credit_note` int(10) DEFAULT NULL,
  `id_sponser_main_invoice` int(20) DEFAULT 0,
  `invoice_amount` varchar(20) DEFAULT '',
  `credit_note_amount` varchar(20) DEFAULT '',
  `remarks` varchar(520) DEFAULT '',
  `status` int(2) DEFAULT NULL,
  `created_by` int(20) DEFAULT NULL,
  `created_dt_tm` datetime DEFAULT current_timestamp(),
  `updated_by` int(20) DEFAULT NULL,
  `updated_dt_tm` datetime DEFAULT current_timestamp()
) ENGINE=InnoDB DEFAULT CHARSET=latin1;

-- --------------------------------------------------------

--
-- Table structure for table `sponser_fee_info_details`
--

CREATE TABLE `sponser_fee_info_details` (
  `id` int(20) NOT NULL,
  `id_sponser` int(20) DEFAULT 0,
  `id_fee_item` int(20) DEFAULT 0,
  `id_frequency_mode` int(20) DEFAULT 0,
  `calculation_mode` varchar(200) DEFAULT '',
  `repeat` int(20) DEFAULT 0,
  `max_repeat` int(20) DEFAULT 0,
  `amount` float(20,2) DEFAULT 0.00,
  `status` int(2) DEFAULT NULL,
  `created_by` int(20) DEFAULT NULL,
  `created_dt_tm` datetime DEFAULT current_timestamp(),
  `updated_by` int(20) DEFAULT NULL,
  `updated_dt_tm` datetime DEFAULT current_timestamp()
) ENGINE=InnoDB DEFAULT CHARSET=latin1;

--
-- Dumping data for table `sponser_fee_info_details`
--

INSERT INTO `sponser_fee_info_details` (`id`, `id_sponser`, `id_fee_item`, `id_frequency_mode`, `calculation_mode`, `repeat`, `max_repeat`, `amount`, `status`, `created_by`, `created_dt_tm`, `updated_by`, `updated_dt_tm`) VALUES
(1, 1, 1, 1, '2', 0, 1, 140.00, NULL, NULL, '2020-08-08 07:33:54', NULL, '2020-08-08 07:33:54');

-- --------------------------------------------------------

--
-- Table structure for table `sponser_has_students`
--

CREATE TABLE `sponser_has_students` (
  `id` int(20) NOT NULL,
  `id_sponser` int(10) DEFAULT NULL,
  `id_student` int(10) DEFAULT NULL,
  `amount` varchar(20) DEFAULT '',
  `start_date` datetime DEFAULT NULL,
  `end_date` datetime DEFAULT NULL,
  `aggrement_no` varchar(200) DEFAULT '',
  `id_fee_item` int(20) DEFAULT 0,
  `calculation_mode` varchar(200) DEFAULT '',
  `status` int(2) DEFAULT NULL,
  `created_by` int(20) DEFAULT NULL,
  `created_dt_tm` datetime DEFAULT current_timestamp(),
  `updated_by` int(20) DEFAULT NULL,
  `updated_dt_tm` datetime DEFAULT current_timestamp()
) ENGINE=InnoDB DEFAULT CHARSET=latin1;

--
-- Dumping data for table `sponser_has_students`
--

INSERT INTO `sponser_has_students` (`id`, `id_sponser`, `id_student`, `amount`, `start_date`, `end_date`, `aggrement_no`, `id_fee_item`, `calculation_mode`, `status`, `created_by`, `created_dt_tm`, `updated_by`, `updated_dt_tm`) VALUES
(3, 1, 5, '100', '2020-08-01 00:00:00', '2020-08-31 00:00:00', '1234', 1, 'Amount', 1, 1, '2020-08-08 11:29:03', NULL, '2020-08-08 11:29:03'),
(4, 1, 6, '100', '2020-08-01 00:00:00', '2020-08-31 00:00:00', 'Agg123', 1, 'Amount', 1, 1, '2020-08-10 13:17:23', NULL, '2020-08-10 13:17:23'),
(5, 1, 29, '100', '2020-11-01 00:00:00', '2020-11-01 00:00:00', '123', 6, 'Amount', 1, 1, '2020-11-02 10:04:47', NULL, '2020-11-02 10:04:47');

-- --------------------------------------------------------

--
-- Table structure for table `sponser_main_invoice`
--

CREATE TABLE `sponser_main_invoice` (
  `id` int(20) NOT NULL,
  `invoice_number` varchar(50) DEFAULT '',
  `type_of_invoice` varchar(50) DEFAULT '',
  `date_time` datetime DEFAULT current_timestamp(),
  `remarks` varchar(520) DEFAULT '',
  `id_application` int(10) DEFAULT NULL,
  `id_sponser` int(10) DEFAULT 0,
  `total_amount` varchar(20) DEFAULT '',
  `balance_amount` varchar(20) DEFAULT '0',
  `paid_amount` varchar(20) DEFAULT '',
  `status` int(2) DEFAULT NULL,
  `created_by` int(20) DEFAULT NULL,
  `created_dt_tm` datetime DEFAULT current_timestamp(),
  `updated_by` int(20) DEFAULT NULL,
  `updated_dt_tm` datetime DEFAULT current_timestamp()
) ENGINE=InnoDB DEFAULT CHARSET=latin1;

-- --------------------------------------------------------

--
-- Table structure for table `sponser_main_invoice_details`
--

CREATE TABLE `sponser_main_invoice_details` (
  `id` int(20) NOT NULL,
  `id_main_invoice` int(10) DEFAULT NULL,
  `id_fee_item` int(10) DEFAULT NULL,
  `amount` varchar(20) DEFAULT '',
  `status` int(2) DEFAULT NULL,
  `created_by` int(20) DEFAULT NULL,
  `created_dt_tm` datetime DEFAULT current_timestamp(),
  `updated_by` int(20) DEFAULT NULL,
  `updated_dt_tm` datetime DEFAULT current_timestamp()
) ENGINE=InnoDB DEFAULT CHARSET=latin1;

-- --------------------------------------------------------

--
-- Table structure for table `sponser_receipt`
--

CREATE TABLE `sponser_receipt` (
  `id` int(20) NOT NULL,
  `receipt_number` varchar(50) DEFAULT '',
  `receipt_amount` varchar(20) DEFAULT '',
  `remarks` varchar(520) DEFAULT '',
  `approval_status` varchar(50) DEFAULT '',
  `status` int(2) DEFAULT NULL,
  `created_by` int(20) DEFAULT NULL,
  `created_dt_tm` datetime DEFAULT current_timestamp(),
  `updated_by` int(20) DEFAULT NULL,
  `updated_dt_tm` datetime DEFAULT current_timestamp()
) ENGINE=InnoDB DEFAULT CHARSET=latin1;

-- --------------------------------------------------------

--
-- Table structure for table `sponser_receipt_details`
--

CREATE TABLE `sponser_receipt_details` (
  `id` int(20) NOT NULL,
  `id_sponser_receipt` int(10) DEFAULT NULL,
  `id_sponser_main_invoice` int(10) DEFAULT NULL,
  `invoice_amount` varchar(20) DEFAULT '',
  `paid_amount` varchar(20) DEFAULT '',
  `approval_status` int(10) DEFAULT NULL,
  `status` int(2) DEFAULT NULL,
  `created_by` int(20) DEFAULT NULL,
  `created_dt_tm` datetime DEFAULT current_timestamp(),
  `updated_by` int(20) DEFAULT NULL,
  `updated_dt_tm` datetime DEFAULT current_timestamp()
) ENGINE=InnoDB DEFAULT CHARSET=latin1;

-- --------------------------------------------------------

--
-- Table structure for table `sponser_receipt_paid_details`
--

CREATE TABLE `sponser_receipt_paid_details` (
  `id` int(20) NOT NULL,
  `id_sponser_receipt` int(10) DEFAULT NULL,
  `id_payment_type` int(10) DEFAULT NULL,
  `paid_amount` varchar(20) DEFAULT '',
  `approval_status` int(10) DEFAULT NULL,
  `status` int(2) DEFAULT NULL,
  `created_by` int(20) DEFAULT NULL,
  `created_dt_tm` datetime DEFAULT current_timestamp(),
  `updated_by` int(20) DEFAULT NULL,
  `updated_dt_tm` datetime DEFAULT current_timestamp()
) ENGINE=InnoDB DEFAULT CHARSET=latin1;

-- --------------------------------------------------------

--
-- Table structure for table `staff`
--

CREATE TABLE `staff` (
  `id` int(20) NOT NULL,
  `salutation` varchar(20) DEFAULT '',
  `name` varchar(520) DEFAULT '',
  `first_name` varchar(2048) DEFAULT '',
  `last_name` varchar(2048) DEFAULT '',
  `ic_no` varchar(50) DEFAULT '',
  `dob` date DEFAULT NULL,
  `mobile_number` varchar(20) DEFAULT '',
  `phone_number` varchar(20) DEFAULT '',
  `id_country` int(20) DEFAULT NULL,
  `id_state` int(20) DEFAULT NULL,
  `zipcode` int(10) DEFAULT NULL,
  `gender` varchar(20) DEFAULT '',
  `staff_id` varchar(50) DEFAULT '',
  `email` varchar(180) DEFAULT '',
  `address` varchar(520) DEFAULT '',
  `address_two` varchar(520) DEFAULT '',
  `job_type` varchar(20) DEFAULT '',
  `academic_type` varchar(20) DEFAULT '',
  `id_department` int(10) DEFAULT NULL,
  `id_faculty_program` int(20) DEFAULT 0 COMMENT 'as similar to department',
  `id_education_level` int(20) DEFAULT 0,
  `status` int(2) DEFAULT 1,
  `created_by` int(20) DEFAULT NULL,
  `created_dt_tm` datetime DEFAULT current_timestamp(),
  `updated_by` int(20) DEFAULT NULL,
  `updated_dt_tm` datetime DEFAULT current_timestamp()
) ENGINE=InnoDB DEFAULT CHARSET=latin1;

--
-- Dumping data for table `staff`
--

INSERT INTO `staff` (`id`, `salutation`, `name`, `first_name`, `last_name`, `ic_no`, `dob`, `mobile_number`, `phone_number`, `id_country`, `id_state`, `zipcode`, `gender`, `staff_id`, `email`, `address`, `address_two`, `job_type`, `academic_type`, `id_department`, `id_faculty_program`, `id_education_level`, `status`, `created_by`, `created_dt_tm`, `updated_by`, `updated_dt_tm`) VALUES
(1, '1', 'AG. Muhammad Hakim', 'Muhammad', 'Hakim', '7612948373', '2020-07-11', '93873737373', '637363636', 1, 1, 573663, 'Male', '1234', 'mhd@g.co.my', 'Address one ', 'Address two', '1', '1', 1, 1, 0, 1, NULL, '2020-07-10 23:42:07', NULL, '2020-07-10 23:42:07'),
(2, '1', 'AG. Asadullah Bag', 'Asadullah', 'Bag', 'IC88909', '1980-08-01', '89786756', '123', 1, 1, 23432, 'Male', 'F22312', 'asad@cms.com', 'KL', 'KL', '1', '1', 1, 1, 0, 1, NULL, '2020-08-06 09:26:31', NULL, '2020-08-06 09:26:31'),
(3, '16', 'DR. Shinchan Noahara', 'Shinchan', 'Noahara', 'MF01', '1989-01-01', '12345', '12345', 110, 9, 75000, 'Male', '005', '11@mail.com', 'Malacca', 'Malacca', '1', '1', 2, 1, 0, 7, NULL, '2020-11-14 11:56:38', 1, '2020-11-14 11:56:38'),
(4, '16', 'DR. ABDULSALAM KAED', 'ABDULSALAM', 'KAED', 'NA', '2020-12-01', '912', '0123995943', 110, 5, 68000, 'Male', '1', 'hazzna@gmail.com', '57 JALAN SWEI INTAN 3', 'TAMAN SERI INTAN', '1', '1', 1, 7, 0, 1, NULL, '2020-12-22 22:54:38', NULL, '2020-12-22 22:54:38');

-- --------------------------------------------------------

--
-- Table structure for table `staff_bank_details`
--

CREATE TABLE `staff_bank_details` (
  `id` int(20) NOT NULL,
  `id_staff` int(20) DEFAULT 0,
  `id_bank` int(20) DEFAULT 0,
  `bank_account_name` varchar(500) DEFAULT '',
  `bank_code` varchar(500) DEFAULT '',
  `bank_account_number` varchar(500) DEFAULT '',
  `bank_address` varchar(2048) DEFAULT '',
  `status` int(2) DEFAULT 1,
  `created_by` int(20) DEFAULT NULL,
  `created_dt_tm` datetime DEFAULT current_timestamp(),
  `updated_by` int(20) DEFAULT NULL,
  `updated_dt_tm` datetime DEFAULT current_timestamp()
) ENGINE=InnoDB DEFAULT CHARSET=latin1;

--
-- Dumping data for table `staff_bank_details`
--

INSERT INTO `staff_bank_details` (`id`, `id_staff`, `id_bank`, `bank_account_name`, `bank_code`, `bank_account_number`, `bank_address`, `status`, `created_by`, `created_dt_tm`, `updated_by`, `updated_dt_tm`) VALUES
(1, 2, 1, 'Saving', 'CIM-KL', '1009284371783', 'Jalan no 9', 1, 1, '2020-12-09 17:50:17', NULL, '2020-12-09 17:50:17');

-- --------------------------------------------------------

--
-- Table structure for table `staff_change_status_details`
--

CREATE TABLE `staff_change_status_details` (
  `id` int(20) NOT NULL,
  `id_staff` int(20) DEFAULT 0,
  `id_change_status` int(20) DEFAULT 0,
  `from_dt` varchar(200) DEFAULT '0',
  `to_dt` varchar(200) DEFAULT '0',
  `reason` varchar(2048) DEFAULT '',
  `status` int(2) DEFAULT 1,
  `created_by` int(20) DEFAULT NULL,
  `created_dt_tm` datetime DEFAULT current_timestamp(),
  `updated_by` int(20) DEFAULT NULL,
  `updated_dt_tm` datetime DEFAULT current_timestamp()
) ENGINE=InnoDB DEFAULT CHARSET=latin1;

--
-- Dumping data for table `staff_change_status_details`
--

INSERT INTO `staff_change_status_details` (`id`, `id_staff`, `id_change_status`, `from_dt`, `to_dt`, `reason`, `status`, `created_by`, `created_dt_tm`, `updated_by`, `updated_dt_tm`) VALUES
(1, 2, 1, '0', '0', '', 1, 1, '2020-12-08 08:30:47', NULL, '2020-12-08 08:30:47'),
(2, 2, 5, '0', '0', '', 1, 1, '2020-12-08 08:30:58', NULL, '2020-12-08 08:30:58'),
(3, 3, 7, '2020-12-11', '2020-12-11', 'wertyuytrew', 1, 1, '2020-12-10 20:06:12', NULL, '2020-12-10 20:06:12');

-- --------------------------------------------------------

--
-- Table structure for table `staff_has_course`
--

CREATE TABLE `staff_has_course` (
  `id` int(20) NOT NULL,
  `id_staff` int(10) DEFAULT NULL,
  `id_course` int(10) DEFAULT NULL,
  `status` int(2) DEFAULT NULL,
  `created_by` int(20) DEFAULT NULL,
  `created_dt_tm` datetime DEFAULT current_timestamp(),
  `updated_by` int(20) DEFAULT NULL,
  `updated_dt_tm` datetime DEFAULT current_timestamp()
) ENGINE=InnoDB DEFAULT CHARSET=latin1;

--
-- Dumping data for table `staff_has_course`
--

INSERT INTO `staff_has_course` (`id`, `id_staff`, `id_course`, `status`, `created_by`, `created_dt_tm`, `updated_by`, `updated_dt_tm`) VALUES
(1, 1, 1, NULL, NULL, '2020-07-10 23:42:07', NULL, '2020-07-10 23:42:07'),
(2, 1, 3, NULL, NULL, '2020-07-10 23:42:07', NULL, '2020-07-10 23:42:07'),
(3, 1, 0, NULL, NULL, '2020-07-13 09:04:43', NULL, '2020-07-13 09:04:43'),
(4, 1, 0, NULL, NULL, '2020-07-13 09:06:03', NULL, '2020-07-13 09:06:03'),
(5, 1, 0, NULL, NULL, '2020-07-13 09:06:51', NULL, '2020-07-13 09:06:51'),
(6, 1, 0, NULL, NULL, '2020-07-13 09:07:01', NULL, '2020-07-13 09:07:01'),
(7, 1, 0, NULL, NULL, '2020-07-13 10:02:31', NULL, '2020-07-13 10:02:31'),
(8, 1, 0, NULL, NULL, '2020-07-14 22:37:29', NULL, '2020-07-14 22:37:29'),
(9, 2, 0, NULL, NULL, '2020-08-09 19:43:19', NULL, '2020-08-09 19:43:19'),
(10, 2, 0, NULL, NULL, '2020-08-09 23:46:46', NULL, '2020-08-09 23:46:46'),
(11, 2, 0, NULL, NULL, '2020-08-10 00:25:09', NULL, '2020-08-10 00:25:09'),
(12, 1, 0, NULL, NULL, '2020-08-10 00:25:51', NULL, '2020-08-10 00:25:51'),
(13, 2, 0, NULL, NULL, '2020-08-10 01:42:09', NULL, '2020-08-10 01:42:09'),
(14, 2, 0, NULL, NULL, '2020-08-10 06:08:49', NULL, '2020-08-10 06:08:49'),
(15, 2, 0, NULL, NULL, '2020-08-10 06:09:25', NULL, '2020-08-10 06:09:25'),
(17, 3, 10, NULL, NULL, '2020-11-16 04:21:51', NULL, '2020-11-16 04:21:51'),
(18, 2, 2, NULL, NULL, '2020-12-08 06:13:04', NULL, '2020-12-08 06:13:04'),
(19, 4, 6, NULL, NULL, '2020-12-22 22:54:38', NULL, '2020-12-22 22:54:38');

-- --------------------------------------------------------

--
-- Table structure for table `staff_leave_records`
--

CREATE TABLE `staff_leave_records` (
  `id` int(20) NOT NULL,
  `id_staff` int(20) DEFAULT 0,
  `name` varchar(2048) DEFAULT '',
  `from_dt` varchar(200) DEFAULT '',
  `to_dt` varchar(200) DEFAULT '',
  `status` int(2) DEFAULT 1,
  `created_by` int(20) DEFAULT NULL,
  `created_dt_tm` datetime DEFAULT current_timestamp(),
  `updated_by` int(20) DEFAULT NULL,
  `updated_dt_tm` datetime DEFAULT current_timestamp()
) ENGINE=InnoDB DEFAULT CHARSET=latin1;

--
-- Dumping data for table `staff_leave_records`
--

INSERT INTO `staff_leave_records` (`id`, `id_staff`, `name`, `from_dt`, `to_dt`, `status`, `created_by`, `created_dt_tm`, `updated_by`, `updated_dt_tm`) VALUES
(1, 2, 'Sabbatical', '2020-12-01', '2020-12-16', 1, 1, '2020-12-08 08:06:50', NULL, '2020-12-08 08:06:50');

-- --------------------------------------------------------

--
-- Table structure for table `staff_status`
--

CREATE TABLE `staff_status` (
  `id` int(20) NOT NULL,
  `code` varchar(2048) DEFAULT '',
  `name` varchar(2048) DEFAULT '',
  `name_optional_language` varchar(2048) DEFAULT '',
  `status` int(2) DEFAULT 1,
  `created_by` int(20) DEFAULT NULL,
  `created_dt_tm` datetime DEFAULT current_timestamp(),
  `updated_by` int(20) DEFAULT NULL,
  `updated_dt_tm` datetime DEFAULT current_timestamp()
) ENGINE=InnoDB DEFAULT CHARSET=latin1;

--
-- Dumping data for table `staff_status`
--

INSERT INTO `staff_status` (`id`, `code`, `name`, `name_optional_language`, `status`, `created_by`, `created_dt_tm`, `updated_by`, `updated_dt_tm`) VALUES
(1, '', 'Active', '', 1, 1, '2020-12-08 06:10:37', NULL, '2020-12-08 06:10:37'),
(2, '', 'Inactive', '', 1, 1, '2020-12-08 06:10:37', NULL, '2020-12-08 06:10:37'),
(3, '', 'Terminated', '', 1, 1, '2020-12-08 06:10:37', NULL, '2020-12-08 06:10:37'),
(4, '', 'Suspended', '', 1, 1, '2020-12-08 06:10:37', NULL, '2020-12-08 06:10:37'),
(5, '', 'Deceased', '', 1, 1, '2020-12-08 06:10:37', NULL, '2020-12-08 06:10:37'),
(6, '', 'Quit', '', 1, 1, '2020-12-08 06:10:37', NULL, '2020-12-08 06:10:37'),
(7, '', 'Sabbatical Leave', '', 1, 1, '2020-12-08 06:10:37', NULL, '2020-12-08 06:10:37'),
(8, '', 'Long MC', '', 1, 1, '2020-12-08 06:10:37', NULL, '2020-12-08 06:10:37'),
(9, '', 'Maternity', '', 1, 1, '2020-12-08 06:10:37', NULL, '2020-12-08 06:10:37');

-- --------------------------------------------------------

--
-- Table structure for table `staff_teaching_details`
--

CREATE TABLE `staff_teaching_details` (
  `id` int(20) NOT NULL,
  `id_staff` int(20) DEFAULT 0,
  `id_semester` int(20) DEFAULT 0,
  `id_programme` int(20) DEFAULT 0,
  `id_course` int(20) DEFAULT 0,
  `id_mode_of_study` int(20) DEFAULT 0,
  `id_learning_center` int(20) DEFAULT 0,
  `status` int(2) DEFAULT 1,
  `created_by` int(20) DEFAULT NULL,
  `created_dt_tm` datetime DEFAULT current_timestamp(),
  `updated_by` int(20) DEFAULT NULL,
  `updated_dt_tm` datetime DEFAULT current_timestamp()
) ENGINE=InnoDB DEFAULT CHARSET=latin1;

--
-- Dumping data for table `staff_teaching_details`
--

INSERT INTO `staff_teaching_details` (`id`, `id_staff`, `id_semester`, `id_programme`, `id_course`, `id_mode_of_study`, `id_learning_center`, `status`, `created_by`, `created_dt_tm`, `updated_by`, `updated_dt_tm`) VALUES
(1, 2, 4, 4, 6, 15, 4, 1, 1, '2020-12-08 08:06:37', NULL, '2020-12-08 08:06:37');

-- --------------------------------------------------------

--
-- Table structure for table `stage_semester`
--

CREATE TABLE `stage_semester` (
  `id` int(20) NOT NULL,
  `id_stage` int(20) DEFAULT 0,
  `name` varchar(2048) DEFAULT '',
  `type` varchar(2048) DEFAULT '',
  `from` int(20) DEFAULT 0,
  `to` int(20) DEFAULT 0,
  `status` int(2) DEFAULT 1,
  `created_by` int(20) DEFAULT NULL,
  `created_dt_tm` datetime DEFAULT current_timestamp(),
  `updated_by` int(20) DEFAULT NULL,
  `updated_dt_tm` datetime DEFAULT current_timestamp()
) ENGINE=InnoDB DEFAULT CHARSET=latin1;

--
-- Dumping data for table `stage_semester`
--

INSERT INTO `stage_semester` (`id`, `id_stage`, `name`, `type`, `from`, `to`, `status`, `created_by`, `created_dt_tm`, `updated_by`, `updated_dt_tm`) VALUES
(1, 1, 'Semester 1 - 3', 'Range', 1, 3, 1, 1, '2020-10-12 21:38:04', NULL, '2020-10-12 21:38:04'),
(6, 2, 'Semester 4 - 7', 'Range', 4, 7, 1, 1, '2020-10-13 23:10:32', NULL, '2020-10-13 23:10:32'),
(7, 3, 'Semester 8 - 11', 'Range', 8, 11, 1, 1, '2020-10-13 23:10:55', NULL, '2020-10-13 23:10:55'),
(8, 4, 'Semester 11 - 12', 'Range', 11, 12, 1, 1, '2020-10-13 23:11:12', NULL, '2020-10-13 23:11:12'),
(9, 5, 'Semester 1 - 2', 'Range', 1, 2, 1, 1, '2020-10-13 23:15:48', NULL, '2020-10-13 23:15:48'),
(10, 6, 'Semester 3 - 5', 'Range', 3, 5, 1, 1, '2020-10-13 23:16:05', NULL, '2020-10-13 23:16:05'),
(11, 7, 'Semester 6 - 7', 'Range', 6, 7, 1, 1, '2020-10-13 23:16:22', NULL, '2020-10-13 23:16:22'),
(12, 8, 'Semester 8 - 9', 'Range', 8, 9, 1, 1, '2020-10-13 23:16:46', NULL, '2020-10-13 23:16:46');

-- --------------------------------------------------------

--
-- Table structure for table `state`
--

CREATE TABLE `state` (
  `id` int(20) NOT NULL,
  `name` varchar(120) DEFAULT '',
  `id_country` int(10) DEFAULT NULL,
  `status` int(20) DEFAULT NULL,
  `created_by` int(20) DEFAULT NULL,
  `created_dt_tm` datetime DEFAULT NULL,
  `updated_by` int(20) DEFAULT NULL,
  `updated_dt_tm` datetime DEFAULT current_timestamp()
) ENGINE=InnoDB DEFAULT CHARSET=latin1;

--
-- Dumping data for table `state`
--

INSERT INTO `state` (`id`, `name`, `id_country`, `status`, `created_by`, `created_dt_tm`, `updated_by`, `updated_dt_tm`) VALUES
(1, 'Kedah', 1, 1, NULL, NULL, NULL, '2020-07-10 23:22:53'),
(2, 'Perlis', 1, 1, NULL, NULL, NULL, '2020-07-10 23:23:18'),
(3, 'Penang', 1, 1, NULL, NULL, NULL, '2020-07-10 23:23:41'),
(4, 'Perak', 1, 1, NULL, NULL, NULL, '2020-08-27 13:05:28'),
(5, 'Selangor', 1, 1, NULL, NULL, NULL, '2020-08-27 13:05:39'),
(6, 'Wilayah Persekutuan', 1, 1, NULL, NULL, NULL, '2020-08-27 13:05:58'),
(7, 'Melaka', 1, 1, NULL, NULL, NULL, '2020-08-27 13:06:12'),
(8, 'Negeri Sembilan', 1, 1, NULL, NULL, NULL, '2020-08-27 13:06:30'),
(9, 'Johor', 1, 1, NULL, NULL, NULL, '2020-08-27 13:06:43'),
(10, 'Pahang', 1, 1, NULL, NULL, NULL, '2020-08-27 13:06:53'),
(11, 'Terengganu', 1, 1, NULL, NULL, NULL, '2020-08-27 13:07:08'),
(12, 'Kelantan', 1, 1, NULL, NULL, NULL, '2020-08-27 13:07:20'),
(13, 'Terengganu', 1, 1, NULL, NULL, NULL, '2020-08-27 13:07:32'),
(14, 'Labuan', 1, 1, NULL, NULL, NULL, '2020-08-27 13:07:53'),
(15, 'Province 1', 1, 1, NULL, NULL, NULL, '2020-09-01 19:07:09'),
(16, 'Sri Lanka', 1, 1, NULL, NULL, NULL, '2020-09-01 19:33:57'),
(17, 'Others', 1, 1, NULL, NULL, NULL, '2020-12-08 00:38:42'),
(18, 'Others', 1, 1, NULL, NULL, NULL, '2020-12-08 00:38:42'),
(19, 'Others', 1, 1, NULL, NULL, NULL, '2020-12-08 00:38:42'),
(20, 'Others', 1, 1, NULL, NULL, NULL, '2020-12-08 00:38:42'),
(21, 'Others', 1, 1, NULL, NULL, NULL, '2020-12-08 00:38:42'),
(22, 'Others', 1, 1, NULL, NULL, NULL, '2020-12-08 00:38:42'),
(23, 'Others', 1, 1, NULL, NULL, NULL, '2020-12-08 00:38:42'),
(24, 'Others', 1, 1, NULL, NULL, NULL, '2020-12-08 00:38:42'),
(25, 'Others', 1, 1, NULL, NULL, NULL, '2020-12-08 00:38:42'),
(26, 'Others', 1, 1, NULL, NULL, NULL, '2020-12-08 00:38:42'),
(27, 'Others', 1, 1, NULL, NULL, NULL, '2020-12-08 00:38:42'),
(28, 'Others', 1, 1, NULL, NULL, NULL, '2020-12-08 00:38:42'),
(29, 'Others', 1, 1, NULL, NULL, NULL, '2020-12-08 00:38:42'),
(30, 'Others', 1, 1, NULL, NULL, NULL, '2020-12-08 00:38:42'),
(31, 'Others', 1, 1, NULL, NULL, NULL, '2020-12-08 00:38:42'),
(32, 'Others', 1, 1, NULL, NULL, NULL, '2020-12-08 00:38:42'),
(33, 'Others', 1, 1, NULL, NULL, NULL, '2020-12-08 00:38:42'),
(34, 'Others', 1, 1, NULL, NULL, NULL, '2020-12-08 00:38:42'),
(35, 'Others', 1, 1, NULL, NULL, NULL, '2020-12-08 00:38:42'),
(36, 'Others', 1, 1, NULL, NULL, NULL, '2020-12-08 00:38:42'),
(37, 'Others', 1, 1, NULL, NULL, NULL, '2020-12-08 00:38:42'),
(38, 'Others', 1, 1, NULL, NULL, NULL, '2020-12-08 00:38:42'),
(39, 'Others', 1, 1, NULL, NULL, NULL, '2020-12-08 00:38:42'),
(40, 'Others', 1, 1, NULL, NULL, NULL, '2020-12-08 00:38:42'),
(41, 'Others', 1, 1, NULL, NULL, NULL, '2020-12-08 00:38:42'),
(42, 'Others', 1, 1, NULL, NULL, NULL, '2020-12-08 00:38:42'),
(43, 'Others', 1, 1, NULL, NULL, NULL, '2020-12-08 00:38:42'),
(44, 'Others', 1, 1, NULL, NULL, NULL, '2020-12-08 00:38:42'),
(45, 'Others', 1, 1, NULL, NULL, NULL, '2020-12-08 00:38:42'),
(46, 'Others', 1, 1, NULL, NULL, NULL, '2020-12-08 00:38:42'),
(47, 'Others', 1, 1, NULL, NULL, NULL, '2020-12-08 00:38:42'),
(48, 'Others', 1, 1, NULL, NULL, NULL, '2020-12-08 00:38:42'),
(49, 'Others', 1, 1, NULL, NULL, NULL, '2020-12-08 00:38:42'),
(50, 'Others', 1, 1, NULL, NULL, NULL, '2020-12-08 00:38:42'),
(51, 'Others', 1, 1, NULL, NULL, NULL, '2020-12-08 00:38:42'),
(52, 'Others', 1, 1, NULL, NULL, NULL, '2020-12-08 00:38:42'),
(53, 'Others', 1, 1, NULL, NULL, NULL, '2020-12-08 00:38:42'),
(54, 'Others', 1, 1, NULL, NULL, NULL, '2020-12-08 00:38:42'),
(55, 'Others', 1, 1, NULL, NULL, NULL, '2020-12-08 00:38:42'),
(56, 'Others', 1, 1, NULL, NULL, NULL, '2020-12-08 00:38:42'),
(57, 'Others', 1, 1, NULL, NULL, NULL, '2020-12-08 00:38:42'),
(58, 'Others', 1, 1, NULL, NULL, NULL, '2020-12-08 00:38:42'),
(59, 'Others', 1, 1, NULL, NULL, NULL, '2020-12-08 00:38:42'),
(60, 'Others', 1, 1, NULL, NULL, NULL, '2020-12-08 00:38:42'),
(61, 'Others', 1, 1, NULL, NULL, NULL, '2020-12-08 00:38:42'),
(62, 'Others', 1, 1, NULL, NULL, NULL, '2020-12-08 00:38:42'),
(63, 'Others', 1, 1, NULL, NULL, NULL, '2020-12-08 00:38:42'),
(64, 'Others', 1, 1, NULL, NULL, NULL, '2020-12-08 00:38:42'),
(65, 'Others', 1, 1, NULL, NULL, NULL, '2020-12-08 00:38:42'),
(66, 'Others', 1, 1, NULL, NULL, NULL, '2020-12-08 00:38:42'),
(67, 'Others', 1, 1, NULL, NULL, NULL, '2020-12-08 00:38:42'),
(68, 'Others', 1, 1, NULL, NULL, NULL, '2020-12-08 00:38:42'),
(69, 'Others', 1, 1, NULL, NULL, NULL, '2020-12-08 00:38:42'),
(70, 'Others', 1, 1, NULL, NULL, NULL, '2020-12-08 00:38:42'),
(71, 'Others', 1, 1, NULL, NULL, NULL, '2020-12-08 00:38:42'),
(72, 'Others', 1, 1, NULL, NULL, NULL, '2020-12-08 00:38:42'),
(73, 'Others', 1, 1, NULL, NULL, NULL, '2020-12-08 00:38:42'),
(74, 'Others', 1, 1, NULL, NULL, NULL, '2020-12-08 00:38:42'),
(75, 'Others', 1, 1, NULL, NULL, NULL, '2020-12-08 00:38:42'),
(76, 'Others', 1, 1, NULL, NULL, NULL, '2020-12-08 00:38:42'),
(77, 'Others', 1, 1, NULL, NULL, NULL, '2020-12-08 00:38:42'),
(78, 'Others', 1, 1, NULL, NULL, NULL, '2020-12-08 00:38:42'),
(79, 'Others', 1, 1, NULL, NULL, NULL, '2020-12-08 00:38:42'),
(80, 'Others', 1, 1, NULL, NULL, NULL, '2020-12-08 00:38:42'),
(81, 'Others', 1, 1, NULL, NULL, NULL, '2020-12-08 00:38:42'),
(82, 'Others', 1, 1, NULL, NULL, NULL, '2020-12-08 00:38:42'),
(83, 'Others', 1, 1, NULL, NULL, NULL, '2020-12-08 00:38:42'),
(84, 'Others', 1, 1, NULL, NULL, NULL, '2020-12-08 00:38:42'),
(85, 'Others', 1, 1, NULL, NULL, NULL, '2020-12-08 00:38:42'),
(86, 'Others', 1, 1, NULL, NULL, NULL, '2020-12-08 00:38:42'),
(87, 'Others', 1, 1, NULL, NULL, NULL, '2020-12-08 00:38:42'),
(88, 'Others', 1, 1, NULL, NULL, NULL, '2020-12-08 00:38:42'),
(89, 'Others', 1, 1, NULL, NULL, NULL, '2020-12-08 00:38:42'),
(90, 'Others', 1, 1, NULL, NULL, NULL, '2020-12-08 00:38:42'),
(91, 'Others', 1, 1, NULL, NULL, NULL, '2020-12-08 00:38:42'),
(92, 'Others', 1, 1, NULL, NULL, NULL, '2020-12-08 00:38:42'),
(93, 'Others', 1, 1, NULL, NULL, NULL, '2020-12-08 00:38:42'),
(94, 'Others', 1, 1, NULL, NULL, NULL, '2020-12-08 00:38:42'),
(95, 'Others', 1, 1, NULL, NULL, NULL, '2020-12-08 00:38:42'),
(96, 'Others', 1, 1, NULL, NULL, NULL, '2020-12-08 00:38:42'),
(97, 'Others', 1, 1, NULL, NULL, NULL, '2020-12-08 00:38:42'),
(98, 'Others', 1, 1, NULL, NULL, NULL, '2020-12-08 00:38:42'),
(99, 'Others', 1, 1, NULL, NULL, NULL, '2020-12-08 00:38:42'),
(100, 'Others', 1, 1, NULL, NULL, NULL, '2020-12-08 00:38:42'),
(101, 'Others', 1, 1, NULL, NULL, NULL, '2020-12-08 00:38:42'),
(102, 'Others', 1, 1, NULL, NULL, NULL, '2020-12-08 00:38:42'),
(103, 'Others', 1, 1, NULL, NULL, NULL, '2020-12-08 00:38:42'),
(104, 'Others', 1, 1, NULL, NULL, NULL, '2020-12-08 00:38:42'),
(105, 'Others', 1, 1, NULL, NULL, NULL, '2020-12-08 00:38:42'),
(106, 'Others', 1, 1, NULL, NULL, NULL, '2020-12-08 00:38:42'),
(107, 'Others', 1, 1, NULL, NULL, NULL, '2020-12-08 00:38:42'),
(108, 'Others', 1, 1, NULL, NULL, NULL, '2020-12-08 00:38:42'),
(109, 'Others', 1, 1, NULL, NULL, NULL, '2020-12-08 00:38:42'),
(110, 'Others', 1, 1, NULL, NULL, NULL, '2020-12-08 00:38:42'),
(111, 'Others', 1, 1, NULL, NULL, NULL, '2020-12-08 00:38:42'),
(112, 'Others', 1, 1, NULL, NULL, NULL, '2020-12-08 00:38:42'),
(113, 'Others', 1, 1, NULL, NULL, NULL, '2020-12-08 00:38:42'),
(114, 'Others', 1, 1, NULL, NULL, NULL, '2020-12-08 00:38:42'),
(115, 'Others', 1, 1, NULL, NULL, NULL, '2020-12-08 00:38:42'),
(116, 'Others', 1, 1, NULL, NULL, NULL, '2020-12-08 00:38:42'),
(117, 'Others', 1, 1, NULL, NULL, NULL, '2020-12-08 00:38:42'),
(118, 'Others', 1, 1, NULL, NULL, NULL, '2020-12-08 00:38:42'),
(119, 'Others', 1, 1, NULL, NULL, NULL, '2020-12-08 00:38:42'),
(120, 'Others', 1, 1, NULL, NULL, NULL, '2020-12-08 00:38:42'),
(121, 'Others', 1, 1, NULL, NULL, NULL, '2020-12-08 00:38:42'),
(122, 'Others', 1, 1, NULL, NULL, NULL, '2020-12-08 00:38:42'),
(123, 'Others', 1, 1, NULL, NULL, NULL, '2020-12-08 00:38:42'),
(124, 'Others', 1, 1, NULL, NULL, NULL, '2020-12-08 00:38:42'),
(125, 'Others', 1, 1, NULL, NULL, NULL, '2020-12-08 00:38:42'),
(126, 'Others', 1, 1, NULL, NULL, NULL, '2020-12-08 00:38:42'),
(127, 'Others', 1, 1, NULL, NULL, NULL, '2020-12-08 00:38:42'),
(128, 'Others', 1, 1, NULL, NULL, NULL, '2020-12-08 00:38:42'),
(129, 'Others', 1, 1, NULL, NULL, NULL, '2020-12-08 00:38:42'),
(130, 'Others', 1, 1, NULL, NULL, NULL, '2020-12-08 00:38:42'),
(131, 'Others', 1, 1, NULL, NULL, NULL, '2020-12-08 00:38:42'),
(132, 'Others', 1, 1, NULL, NULL, NULL, '2020-12-08 00:38:42'),
(133, 'Others', 1, 1, NULL, NULL, NULL, '2020-12-08 00:38:42'),
(134, 'Others', 1, 1, NULL, NULL, NULL, '2020-12-08 00:38:42'),
(135, 'Others', 1, 1, NULL, NULL, NULL, '2020-12-08 00:38:42'),
(136, 'Others', 1, 1, NULL, NULL, NULL, '2020-12-08 00:38:42'),
(137, 'Others', 1, 1, NULL, NULL, NULL, '2020-12-08 00:38:42'),
(138, 'Others', 1, 1, NULL, NULL, NULL, '2020-12-08 00:38:42'),
(139, 'Others', 1, 1, NULL, NULL, NULL, '2020-12-08 00:38:42'),
(140, 'Others', 1, 1, NULL, NULL, NULL, '2020-12-08 00:38:42'),
(141, 'Others', 1, 1, NULL, NULL, NULL, '2020-12-08 00:38:42'),
(142, 'Others', 1, 1, NULL, NULL, NULL, '2020-12-08 00:38:42'),
(143, 'Others', 1, 1, NULL, NULL, NULL, '2020-12-08 00:38:42'),
(144, 'Others', 1, 1, NULL, NULL, NULL, '2020-12-08 00:38:42'),
(145, 'Others', 1, 1, NULL, NULL, NULL, '2020-12-08 00:38:42'),
(146, 'Others', 1, 1, NULL, NULL, NULL, '2020-12-08 00:38:42'),
(147, 'Others', 1, 1, NULL, NULL, NULL, '2020-12-08 00:38:42'),
(148, 'Others', 1, 1, NULL, NULL, NULL, '2020-12-08 00:38:42'),
(149, 'Others', 1, 1, NULL, NULL, NULL, '2020-12-08 00:38:42'),
(150, 'Others', 1, 1, NULL, NULL, NULL, '2020-12-08 00:38:42'),
(151, 'Others', 1, 1, NULL, NULL, NULL, '2020-12-08 00:38:42'),
(152, 'Others', 1, 1, NULL, NULL, NULL, '2020-12-08 00:38:42'),
(153, 'Others', 1, 1, NULL, NULL, NULL, '2020-12-08 00:38:42'),
(154, 'Others', 1, 1, NULL, NULL, NULL, '2020-12-08 00:38:42'),
(155, 'Others', 1, 1, NULL, NULL, NULL, '2020-12-08 00:38:42'),
(156, 'Others', 1, 1, NULL, NULL, NULL, '2020-12-08 00:38:42'),
(157, 'Others', 1, 1, NULL, NULL, NULL, '2020-12-08 00:38:42'),
(158, 'Others', 1, 1, NULL, NULL, NULL, '2020-12-08 00:38:42'),
(159, 'Others', 1, 1, NULL, NULL, NULL, '2020-12-08 00:38:42'),
(160, 'Others', 1, 1, NULL, NULL, NULL, '2020-12-08 00:38:42'),
(161, 'Others', 1, 1, NULL, NULL, NULL, '2020-12-08 00:38:42'),
(162, 'Others', 1, 1, NULL, NULL, NULL, '2020-12-08 00:38:42'),
(163, 'Others', 1, 1, NULL, NULL, NULL, '2020-12-08 00:38:42'),
(164, 'Others', 1, 1, NULL, NULL, NULL, '2020-12-08 00:38:42'),
(165, 'Others', 1, 1, NULL, NULL, NULL, '2020-12-08 00:38:42'),
(166, 'Others', 1, 1, NULL, NULL, NULL, '2020-12-08 00:38:42'),
(167, 'Others', 1, 1, NULL, NULL, NULL, '2020-12-08 00:38:42'),
(168, 'Others', 1, 1, NULL, NULL, NULL, '2020-12-08 00:38:42'),
(169, 'Others', 1, 1, NULL, NULL, NULL, '2020-12-08 00:38:42'),
(170, 'Others', 1, 1, NULL, NULL, NULL, '2020-12-08 00:38:42'),
(171, 'Others', 1, 1, NULL, NULL, NULL, '2020-12-08 00:38:42'),
(172, 'Others', 1, 1, NULL, NULL, NULL, '2020-12-08 00:38:42'),
(173, 'Others', 1, 1, NULL, NULL, NULL, '2020-12-08 00:38:42'),
(174, 'Others', 1, 1, NULL, NULL, NULL, '2020-12-08 00:38:42'),
(175, 'Others', 1, 1, NULL, NULL, NULL, '2020-12-08 00:38:42'),
(176, 'Others', 1, 1, NULL, NULL, NULL, '2020-12-08 00:38:42'),
(177, 'Others', 1, 1, NULL, NULL, NULL, '2020-12-08 00:38:42'),
(178, 'Others', 1, 1, NULL, NULL, NULL, '2020-12-08 00:38:42'),
(179, 'Others', 1, 1, NULL, NULL, NULL, '2020-12-08 00:38:42'),
(180, 'Others', 1, 1, NULL, NULL, NULL, '2020-12-08 00:38:42'),
(181, 'Others', 1, 1, NULL, NULL, NULL, '2020-12-08 00:38:42'),
(182, 'Others', 1, 1, NULL, NULL, NULL, '2020-12-08 00:38:42'),
(183, 'Others', 1, 1, NULL, NULL, NULL, '2020-12-08 00:38:42'),
(184, 'Others', 1, 1, NULL, NULL, NULL, '2020-12-08 00:38:42'),
(185, 'Others', 1, 1, NULL, NULL, NULL, '2020-12-08 00:38:42'),
(186, 'Others', 1, 1, NULL, NULL, NULL, '2020-12-08 00:38:42'),
(187, 'Others', 1, 1, NULL, NULL, NULL, '2020-12-08 00:38:42'),
(188, 'Others', 1, 1, NULL, NULL, NULL, '2020-12-08 00:38:42'),
(189, 'Others', 1, 1, NULL, NULL, NULL, '2020-12-08 00:38:42'),
(190, 'Others', 1, 1, NULL, NULL, NULL, '2020-12-08 00:38:42'),
(191, 'Others', 1, 1, NULL, NULL, NULL, '2020-12-08 00:38:42'),
(192, 'Others', 1, 1, NULL, NULL, NULL, '2020-12-08 00:38:42'),
(193, 'Others', 1, 1, NULL, NULL, NULL, '2020-12-08 00:38:42'),
(194, 'Others', 1, 1, NULL, NULL, NULL, '2020-12-08 00:38:42'),
(195, 'Others', 1, 1, NULL, NULL, NULL, '2020-12-08 00:38:42'),
(196, 'Others', 1, 1, NULL, NULL, NULL, '2020-12-08 00:38:42'),
(197, 'Others', 1, 1, NULL, NULL, NULL, '2020-12-08 00:38:42'),
(198, 'Others', 1, 1, NULL, NULL, NULL, '2020-12-08 00:38:42'),
(199, 'Others', 1, 1, NULL, NULL, NULL, '2020-12-08 00:38:42'),
(200, 'Others', 1, 1, NULL, NULL, NULL, '2020-12-08 00:38:42'),
(201, 'Others', 1, 1, NULL, NULL, NULL, '2020-12-08 00:38:42'),
(202, 'Others', 1, 1, NULL, NULL, NULL, '2020-12-08 00:38:42'),
(203, 'Others', 1, 1, NULL, NULL, NULL, '2020-12-08 00:38:42'),
(204, 'Others', 1, 1, NULL, NULL, NULL, '2020-12-08 00:38:42'),
(205, 'Others', 1, 1, NULL, NULL, NULL, '2020-12-08 00:38:42'),
(206, 'Others', 1, 1, NULL, NULL, NULL, '2020-12-08 00:38:42'),
(207, 'Others', 1, 1, NULL, NULL, NULL, '2020-12-08 00:38:42'),
(208, 'Others', 1, 1, NULL, NULL, NULL, '2020-12-08 00:38:42'),
(209, 'Others', 1, 1, NULL, NULL, NULL, '2020-12-08 00:38:42'),
(210, 'Others', 1, 1, NULL, NULL, NULL, '2020-12-08 00:38:42'),
(211, 'Others', 1, 1, NULL, NULL, NULL, '2020-12-08 00:38:42'),
(212, 'Others', 1, 1, NULL, NULL, NULL, '2020-12-08 00:38:42'),
(213, 'Others', 1, 1, NULL, NULL, NULL, '2020-12-08 00:38:42'),
(214, 'Others', 1, 1, NULL, NULL, NULL, '2020-12-08 00:38:42'),
(215, 'Others', 1, 1, NULL, NULL, NULL, '2020-12-08 00:38:42'),
(216, 'Others', 1, 1, NULL, NULL, NULL, '2020-12-08 00:38:42'),
(217, 'Others', 1, 1, NULL, NULL, NULL, '2020-12-08 00:38:42'),
(218, 'Others', 1, 1, NULL, NULL, NULL, '2020-12-08 00:38:42'),
(219, 'Others', 1, 1, NULL, NULL, NULL, '2020-12-08 00:38:42'),
(220, 'Others', 1, 1, NULL, NULL, NULL, '2020-12-08 00:38:42'),
(221, 'Others', 1, 1, NULL, NULL, NULL, '2020-12-08 00:38:42'),
(222, 'Others', 1, 1, NULL, NULL, NULL, '2020-12-08 00:38:42');

-- --------------------------------------------------------

--
-- Table structure for table `student`
--

CREATE TABLE `student` (
  `id` int(20) NOT NULL,
  `whatsapp_number` varchar(50) DEFAULT NULL,
  `linked_in` varchar(50) DEFAULT NULL,
  `facebook_id` varchar(50) DEFAULT NULL,
  `twitter_id` varchar(50) DEFAULT NULL,
  `ig_id` varchar(50) DEFAULT NULL,
  `profile_pic` varchar(1024) DEFAULT 'default_profile.jpg',
  `step6_status` int(10) DEFAULT NULL,
  `step5_status` int(10) DEFAULT NULL,
  `step4_status` int(10) DEFAULT NULL,
  `step3_status` int(10) DEFAULT NULL,
  `step2_status` int(10) DEFAULT NULL,
  `step1_status` int(10) DEFAULT NULL,
  `step6_comments` text DEFAULT NULL,
  `step5_comments` text DEFAULT NULL,
  `step4_comments` text DEFAULT NULL,
  `step3_comments` text DEFAULT NULL,
  `step2_comments` text DEFAULT NULL,
  `step1_comments` text DEFAULT NULL,
  `id_intake` int(11) DEFAULT NULL,
  `id_program` int(11) DEFAULT NULL,
  `full_name` varchar(580) DEFAULT '',
  `salutation` varchar(120) DEFAULT '',
  `first_name` varchar(120) DEFAULT '',
  `last_name` varchar(120) DEFAULT '',
  `matrix_number` varchar(200) DEFAULT '',
  `nric` varchar(120) DEFAULT '',
  `passport` varchar(120) DEFAULT '',
  `phone` varchar(120) DEFAULT '',
  `email_id` varchar(120) DEFAULT '',
  `contact_email` varchar(500) DEFAULT '',
  `password` varchar(120) DEFAULT '',
  `id_type` varchar(50) DEFAULT '',
  `country_code` varchar(50) DEFAULT NULL,
  `passport_expiry_date` varchar(120) DEFAULT '',
  `gender` varchar(120) DEFAULT '',
  `date_of_birth` varchar(120) DEFAULT '',
  `martial_status` varchar(120) DEFAULT '',
  `religion` varchar(120) DEFAULT '',
  `nationality` varchar(120) DEFAULT '',
  `is_hostel` int(20) DEFAULT 0,
  `id_degree_type` int(20) DEFAULT 0,
  `id_race` varchar(120) DEFAULT '',
  `id_advisor` int(20) DEFAULT 0,
  `id_phd_advisor` int(20) DEFAULT 0,
  `id_supervisor` int(20) DEFAULT 0,
  `mail_address1` varchar(120) DEFAULT '',
  `mail_address2` varchar(120) DEFAULT '',
  `mailing_country` int(120) DEFAULT NULL,
  `mailing_state` int(120) DEFAULT NULL,
  `mailing_city` varchar(120) DEFAULT '',
  `program_scheme` varchar(200) DEFAULT '',
  `id_program_scheme` int(20) DEFAULT 0 COMMENT 'it''s id_learning_mode after flow change',
  `id_program_structure_type` int(20) DEFAULT 0,
  `id_program_has_scheme` int(20) DEFAULT 0 COMMENT 'it''s the actual id_scheme for the program',
  `id_fee_structure` int(20) DEFAULT 0,
  `portfolio_result` int(10) DEFAULT NULL,
  `portfolio_grade` varchar(100) DEFAULT NULL,
  `challenged_test_status` int(10) DEFAULT NULL,
  `challenged_test_grade` varchar(200) DEFAULT NULL,
  `interview_result` int(10) DEFAULT NULL,
  `interview_grade` varchar(200) DEFAULT NULL,
  `id_program_landscape` int(20) DEFAULT 0,
  `id_program_requirement` int(20) DEFAULT 0,
  `id_university` int(20) DEFAULT 0,
  `id_branch` int(20) DEFAULT 0,
  `phd_duration` int(20) DEFAULT 0,
  `current_semester` int(20) DEFAULT 0,
  `current_deliverable` varchar(200) DEFAULT '',
  `mailing_zipcode` varchar(120) DEFAULT '',
  `present_address_same_as_mailing_address` int(20) DEFAULT 0,
  `permanent_address1` varchar(120) DEFAULT '',
  `permanent_address2` varchar(120) DEFAULT '',
  `permanent_country` int(120) DEFAULT NULL,
  `permanent_state` int(120) DEFAULT NULL,
  `permanent_city` varchar(120) DEFAULT '',
  `permanent_zipcode` varchar(120) DEFAULT '',
  `sibbling_discount` varchar(50) DEFAULT '',
  `employee_discount` varchar(50) DEFAULT '',
  `alumni_discount` varchar(50) DEFAULT '',
  `applicant_status` varchar(50) DEFAULT 'Draft',
  `passport_number` varchar(50) DEFAULT '',
  `id_applicant` int(20) DEFAULT 0,
  `pathway` varchar(200) DEFAULT '',
  `added_by_partner_university` int(2) DEFAULT 0,
  `status` int(20) DEFAULT NULL,
  `accept_date` date DEFAULT NULL,
  `reason` varchar(2048) DEFAULT '',
  `approved_by` int(20) DEFAULT 0,
  `approved_dt_tm` datetime DEFAULT NULL,
  `created_by` int(20) DEFAULT NULL,
  `created_dt_tm` datetime DEFAULT current_timestamp(),
  `updated_by` int(20) DEFAULT NULL,
  `updated_dt_tm` datetime DEFAULT current_timestamp(),
  `applicant_comments` varchar(200) DEFAULT NULL
) ENGINE=InnoDB DEFAULT CHARSET=latin1;

--
-- Dumping data for table `student`
--

INSERT INTO `student` (`id`, `whatsapp_number`, `linked_in`, `facebook_id`, `twitter_id`, `ig_id`, `profile_pic`, `step6_status`, `step5_status`, `step4_status`, `step3_status`, `step2_status`, `step1_status`, `step6_comments`, `step5_comments`, `step4_comments`, `step3_comments`, `step2_comments`, `step1_comments`, `id_intake`, `id_program`, `full_name`, `salutation`, `first_name`, `last_name`, `matrix_number`, `nric`, `passport`, `phone`, `email_id`, `contact_email`, `password`, `id_type`, `country_code`, `passport_expiry_date`, `gender`, `date_of_birth`, `martial_status`, `religion`, `nationality`, `is_hostel`, `id_degree_type`, `id_race`, `id_advisor`, `id_phd_advisor`, `id_supervisor`, `mail_address1`, `mail_address2`, `mailing_country`, `mailing_state`, `mailing_city`, `program_scheme`, `id_program_scheme`, `id_program_structure_type`, `id_program_has_scheme`, `id_fee_structure`, `portfolio_result`, `portfolio_grade`, `challenged_test_status`, `challenged_test_grade`, `interview_result`, `interview_grade`, `id_program_landscape`, `id_program_requirement`, `id_university`, `id_branch`, `phd_duration`, `current_semester`, `current_deliverable`, `mailing_zipcode`, `present_address_same_as_mailing_address`, `permanent_address1`, `permanent_address2`, `permanent_country`, `permanent_state`, `permanent_city`, `permanent_zipcode`, `sibbling_discount`, `employee_discount`, `alumni_discount`, `applicant_status`, `passport_number`, `id_applicant`, `pathway`, `added_by_partner_university`, `status`, `accept_date`, `reason`, `approved_by`, `approved_dt_tm`, `created_by`, `created_dt_tm`, `updated_by`, `updated_dt_tm`, `applicant_comments`) VALUES
(74, NULL, NULL, NULL, NULL, NULL, 'default_profile.jpg', NULL, NULL, NULL, NULL, NULL, NULL, NULL, NULL, NULL, NULL, NULL, NULL, 3, 10, 'Mr. Developper Testing One', '1', 'Developper', 'Testing One', '', '80001', '', '80001', 'dt1@eag.com', '', '202cb962ac59075b964b07152d234b70', '', NULL, '', 'Male', '2021-01-16', 'Single', '2', 'Malaysian', 1, 2, '5', 0, 0, 5, 'No 1 , KL ', 'KL', 110, 1, 'KL', 'Online - Part Time', 29, 1, 1, 23, NULL, NULL, NULL, NULL, NULL, NULL, 34, 1, 9, 9, 1, 1, 'Jan-2021', '12341231', 1, ' No 1, KL', 'KL', 110, 1, 'KL', '12312', '', 'Yes', '', 'Approved', '', 116, 'APEL', 0, 1, NULL, '', 0, '2021-01-13 00:00:00', NULL, '2021-01-13 03:24:52', 1, '2021-01-12 21:42:23', NULL),
(75, NULL, NULL, NULL, NULL, NULL, 'default_profile.jpg', NULL, NULL, NULL, NULL, NULL, NULL, NULL, NULL, NULL, NULL, NULL, NULL, 3, 10, 'Mr. Ezz Ali', '1', 'Ezz', 'Ali', '', '123123', '', '1139646066', 'ezzittech@gmail.com', '', 'e10adc3949ba59abbe56e057f20f883e', 'PASSPORT', NULL, '', 'Male', '1991-01-01', 'Single', '1', '4', 1, 2, '', 0, 0, 0, 'Jalan Ampang', '', 110, 6, 'Ampang', 'Online - Part Time', 29, 1, 3, 25, NULL, NULL, NULL, NULL, NULL, NULL, 34, 0, 9, 9, 1, 1, 'Jan-2021', '50450', 1, 'Jalan Ampang', '', 110, 6, 'Ampang', '50450', '', '', '', 'Approved', '', 127, 'DIRECT ENTRY', 0, 1, NULL, '', 0, '2021-01-15 00:00:00', NULL, '2021-01-15 01:37:55', NULL, '2021-01-15 00:03:46', NULL),
(76, NULL, NULL, NULL, NULL, NULL, 'default_profile.jpg', NULL, NULL, NULL, NULL, NULL, NULL, NULL, NULL, NULL, NULL, NULL, NULL, 3, 10, 'Mr. Salam K.', '1', 'Salam', 'K.', '', '09778866', '', '0182343385', 'eng.abdulsalam@yahoo.com', '', 'e10adc3949ba59abbe56e057f20f883e', 'PASSPORT', NULL, '', 'Male', '2000-01-01', 'Married', '1', '1', 1, 2, '1', 0, 0, 0, 'C-7-7, Megan Phileo Promenade Block C, Hampshire Park', '', 110, 6, 'Kuala Lumpur', 'Online - Full Time', 31, 1, 1, 23, NULL, NULL, NULL, NULL, NULL, NULL, 34, 0, 9, 9, 1, 1, 'Jan-2021', '50450', 1, 'C-7-7, Megan Phileo Promenade Block C, Hampshire Park', '', 110, 6, 'Kuala Lumpur', '50450', '', '', '', 'Approved', '', 128, 'DIRECT ENTRY', 0, 1, NULL, '', 0, '2021-01-15 00:00:00', NULL, '2021-01-15 01:39:47', NULL, '2021-01-15 00:29:11', NULL),
(78, '999999999', 'www.vk88888.com', 'www.vk88888.com', 'www.vk88888.com', 'www.vk88888.com', 'default_profile.jpg', NULL, NULL, NULL, NULL, NULL, NULL, NULL, NULL, NULL, NULL, NULL, NULL, 3, 10, 'Mr. Developper Testing Five', '1', 'Developper', 'Testing Five', '', '80005', '', '8000000005', 'dt5@eag.com', '', '202cb962ac59075b964b07152d234b70', 'NRIC', NULL, '', 'Male', '2021-01-13', 'Single', '4', '1', 1, 2, '3', 0, 0, 0, 'KL', 'KL', 110, 1, 'KL', 'Online - Part Time', 29, 1, 1, 25, NULL, NULL, NULL, NULL, NULL, NULL, 34, 0, 9, 9, 1, 1, 'Jan-2021', '12345', 1, 'KL', 'KL', 110, 1, 'KL', '12345', '', '', '', 'Approved', '', 130, 'DIRECT ENTRY', 0, 1, NULL, '', 0, '2021-01-16 00:00:00', NULL, '2021-01-15 10:58:57', NULL, '2021-01-15 10:38:12', NULL),
(79, '', '', '', '', '', '93f27d23afd21ee4f7a5d6a8b8794984.jpg', 1, 1, 1, 1, 1, 0, '', '', '', 'verified', '', '', 3, 10, 'Mr. MM 01', '1', 'MM', '01', '', 'LM05789', '', '0101010101', 'mm01@g.com', '', '9eb5a09ebc3e0b9cff10e49b7fdbd399', 'PASSPORT', NULL, '', 'Male', '1942-01-01', '', '7', '9', 1, 2, '', 0, 0, 0, 'No. 007', 'Building - Saturn', 1, 9, 'Johor', 'Online - Part Time', 29, 1, 3, 25, 0, '', 0, '', 0, '', 34, 0, 9, 9, 1, 1, 'Jan-2021', '75000', 1, 'No. 007', 'Building - Saturn', 1, 9, 'Johor', '75000', '', '', '', 'Approved', '', 137, 'DIRECT ENTRY', 0, 1, NULL, '', 0, NULL, NULL, '2021-01-17 23:23:23', NULL, '2021-01-17 20:06:26', 'Approved');

-- --------------------------------------------------------

--
-- Table structure for table `student_deliverable_history`
--

CREATE TABLE `student_deliverable_history` (
  `id` int(20) NOT NULL,
  `id_student` int(10) DEFAULT NULL,
  `old_deliverable_term` varchar(200) DEFAULT '',
  `new_deliverable_term` varchar(200) DEFAULT '',
  `status` int(2) DEFAULT 1,
  `created_by` int(20) DEFAULT 0,
  `created_dt_tm` datetime DEFAULT current_timestamp(),
  `updated_by` int(20) DEFAULT 0,
  `updated_dt_tm` datetime DEFAULT current_timestamp()
) ENGINE=InnoDB DEFAULT CHARSET=latin1;

--
-- Dumping data for table `student_deliverable_history`
--

INSERT INTO `student_deliverable_history` (`id`, `id_student`, `old_deliverable_term`, `new_deliverable_term`, `status`, `created_by`, `created_dt_tm`, `updated_by`, `updated_dt_tm`) VALUES
(1, 28, '', 'Dec-2020', 1, 1, '2020-10-27 06:48:59', 0, '2020-10-27 06:48:59'),
(2, 30, '', 'Dec-2020', 1, 1, '2020-10-27 07:28:41', 0, '2020-10-27 07:28:41'),
(3, 31, '', 'Nov-2020', 1, 1, '2020-11-08 11:41:01', 0, '2020-11-08 11:41:01'),
(4, 32, '', 'Nov-2020', 1, 1, '2020-11-09 12:13:40', 0, '2020-11-09 12:13:40'),
(5, 33, '', 'Nov-2020', 1, 1, '2020-11-09 12:13:56', 0, '2020-11-09 12:13:56'),
(6, 34, '', 'Nov-2020', 1, 1, '2020-11-09 20:50:13', 0, '2020-11-09 20:50:13'),
(7, 35, '', 'Nov-2020', 1, 1, '2020-11-10 19:57:42', 0, '2020-11-10 19:57:42'),
(8, 36, '', 'Nov-2020', 1, 1, '2020-11-15 10:28:35', 0, '2020-11-15 10:28:35'),
(9, 37, '', 'Dec-2020', 1, 1, '2020-12-07 11:29:27', 0, '2020-12-07 11:29:27'),
(10, 38, '', 'Dec-2020', 1, 1, '2020-12-07 11:39:47', 0, '2020-12-07 11:39:47'),
(11, 39, '', 'Dec-2020', 1, 1, '2020-12-08 08:25:25', 0, '2020-12-08 08:25:25'),
(12, 40, '', 'Dec-2020', 1, 1, '2020-12-08 09:05:04', 0, '2020-12-08 09:05:04'),
(13, 41, '', 'Dec-2020', 1, 1, '2020-12-08 09:07:53', 0, '2020-12-08 09:07:53'),
(14, 42, '', 'Dec-2020', 1, 1, '2020-12-09 01:49:19', 0, '2020-12-09 01:49:19'),
(15, 43, '', 'Dec-2020', 1, 1, '2020-12-09 01:49:25', 0, '2020-12-09 01:49:25'),
(16, 44, '', 'Dec-2020', 1, 1, '2020-12-09 21:02:20', 0, '2020-12-09 21:02:20'),
(17, 45, '', 'Dec-2020', 1, 1, '2020-12-10 01:13:23', 0, '2020-12-10 01:13:23'),
(18, 46, '', 'Dec-2020', 1, 1, '2020-12-12 10:51:30', 0, '2020-12-12 10:51:30'),
(19, 47, '', 'Dec-2020', 1, NULL, '2020-12-12 11:07:42', 0, '2020-12-12 11:07:42'),
(20, 48, '', 'Dec-2020', 1, 1, '2020-12-12 11:43:36', 0, '2020-12-12 11:43:36'),
(21, 49, '', 'Dec-2020', 1, 1, '2020-12-12 12:00:50', 0, '2020-12-12 12:00:50'),
(22, 50, '', 'Dec-2020', 1, 1, '2020-12-15 10:20:43', 0, '2020-12-15 10:20:43'),
(23, 51, '', 'Dec-2020', 1, 1, '2020-12-15 10:42:27', 0, '2020-12-15 10:42:27'),
(24, 52, '', 'Dec-2020', 1, NULL, '2020-12-17 02:29:22', 0, '2020-12-17 02:29:22'),
(25, 53, '', 'Dec-2020', 1, NULL, '2020-12-17 02:40:26', 0, '2020-12-17 02:40:26'),
(26, 54, '', 'Dec-2020', 1, 1, '2020-12-18 13:10:29', 0, '2020-12-18 13:10:29'),
(27, 55, '', 'Dec-2020', 1, 1, '2020-12-18 13:20:31', 0, '2020-12-18 13:20:31'),
(28, 56, '', 'Dec-2020', 1, NULL, '2020-12-19 14:36:11', 0, '2020-12-19 14:36:11'),
(29, 57, '', 'Dec-2020', 1, 1, '2020-12-19 14:36:31', 0, '2020-12-19 14:36:31'),
(30, 58, '', 'Dec-2020', 1, 1, '2020-12-20 14:10:33', 0, '2020-12-20 14:10:33'),
(31, 59, '', 'Dec-2020', 1, NULL, '2020-12-20 14:10:54', 0, '2020-12-20 14:10:54'),
(32, 60, '', 'Dec-2020', 1, 1, '2020-12-20 14:54:18', 0, '2020-12-20 14:54:18'),
(33, 61, '', 'Dec-2020', 1, 1, '2020-12-23 00:12:43', 0, '2020-12-23 00:12:43'),
(34, 62, '', 'Dec-2020', 1, 1, '2020-12-23 08:59:02', 0, '2020-12-23 08:59:02'),
(35, 63, '', 'Dec-2020', 1, 1, '2020-12-23 08:59:15', 0, '2020-12-23 08:59:15'),
(36, 64, '', 'Dec-2020', 1, NULL, '2020-12-23 11:59:14', 0, '2020-12-23 11:59:14'),
(37, 65, '', 'Dec-2020', 1, 1, '2020-12-23 11:59:30', 0, '2020-12-23 11:59:30'),
(38, 66, '', 'Dec-2020', 1, 1, '2020-12-23 12:11:51', 0, '2020-12-23 12:11:51'),
(39, 67, '', 'Dec-2020', 1, NULL, '2020-12-23 12:31:11', 0, '2020-12-23 12:31:11'),
(40, 68, '', 'Dec-2020', 1, 1, '2020-12-24 05:07:22', 0, '2020-12-24 05:07:22'),
(41, 69, '', 'Dec-2020', 1, 1, '2020-12-24 08:20:13', 0, '2020-12-24 08:20:13'),
(42, 70, '', 'Dec-2020', 1, 1, '2020-12-24 08:27:51', 0, '2020-12-24 08:27:51'),
(43, 71, '', 'Dec-2020', 1, 1, '2020-12-25 12:04:52', 0, '2020-12-25 12:04:52'),
(44, 72, '', 'Dec-2020', 1, NULL, '2020-12-25 12:07:39', 0, '2020-12-25 12:07:39'),
(45, 73, '', 'Dec-2020', 1, NULL, '2020-12-25 12:10:18', 0, '2020-12-25 12:10:18'),
(46, 74, '', 'Jan-2021', 1, NULL, '2021-01-13 03:24:52', 0, '2021-01-13 03:24:52'),
(47, 75, '', 'Jan-2021', 1, 1, '2021-01-15 01:37:55', 0, '2021-01-15 01:37:55'),
(48, 76, '', 'Jan-2021', 1, 1, '2021-01-15 01:39:47', 0, '2021-01-15 01:39:47'),
(49, 77, '', 'Jan-2021', 1, NULL, '2021-01-15 10:55:56', 0, '2021-01-15 10:55:56'),
(50, 78, '', 'Jan-2021', 1, NULL, '2021-01-15 10:58:57', 0, '2021-01-15 10:58:57'),
(51, 79, '', 'Jan-2021', 1, NULL, '2021-01-17 23:23:23', 0, '2021-01-17 23:23:23');

-- --------------------------------------------------------

--
-- Table structure for table `student_duration_history`
--

CREATE TABLE `student_duration_history` (
  `id` int(20) NOT NULL,
  `id_student` int(10) DEFAULT NULL,
  `old_deliverable` varchar(200) DEFAULT '',
  `new_deliverable` varchar(200) DEFAULT '',
  `old_phd_duration` int(20) DEFAULT 0,
  `new_phd_duration` int(20) DEFAULT NULL,
  `status` int(2) DEFAULT NULL,
  `created_by` int(20) DEFAULT NULL,
  `created_dt_tm` datetime DEFAULT current_timestamp(),
  `updated_by` int(20) DEFAULT NULL,
  `updated_dt_tm` datetime DEFAULT current_timestamp()
) ENGINE=InnoDB DEFAULT CHARSET=latin1;

-- --------------------------------------------------------

--
-- Table structure for table `student_emergency_contact_details`
--

CREATE TABLE `student_emergency_contact_details` (
  `id` int(20) NOT NULL,
  `id_student` int(20) DEFAULT 0,
  `relationship` varchar(10240) DEFAULT '',
  `relative_name` varchar(10240) DEFAULT '',
  `relative_address` varchar(10240) DEFAULT '',
  `relative_mobile` varchar(20) DEFAULT '',
  `relative_home_phone` varchar(20) DEFAULT '',
  `relative_office_phone` varchar(20) DEFAULT '',
  `status` int(2) DEFAULT NULL,
  `created_by` int(20) DEFAULT NULL,
  `created_dt_tm` datetime DEFAULT current_timestamp(),
  `updated_by` int(20) DEFAULT NULL,
  `updated_dt_tm` datetime DEFAULT current_timestamp()
) ENGINE=InnoDB DEFAULT CHARSET=latin1;

--
-- Dumping data for table `student_emergency_contact_details`
--

INSERT INTO `student_emergency_contact_details` (`id`, `id_student`, `relationship`, `relative_name`, `relative_address`, `relative_mobile`, `relative_home_phone`, `relative_office_phone`, `status`, `created_by`, `created_dt_tm`, `updated_by`, `updated_dt_tm`) VALUES
(1, 28, 'Sister', 'Nmann', 'KL', '3231', '321313', '232131313', NULL, NULL, '2020-10-10 02:28:15', NULL, '2020-10-10 02:28:15'),
(2, 31, 'Father', 'Khaleel Ahmed', 'KL', '28893211', '2321313131', '123212121', NULL, NULL, '2020-11-08 11:46:50', NULL, '2020-11-08 11:46:50');

-- --------------------------------------------------------

--
-- Table structure for table `student_has_document`
--

CREATE TABLE `student_has_document` (
  `id` int(20) NOT NULL,
  `id_student` int(20) DEFAULT NULL,
  `id_document` varchar(520) DEFAULT '',
  `file_name` varchar(520) DEFAULT '',
  `file` varchar(500) DEFAULT '',
  `reason` varchar(500) DEFAULT '',
  `status` int(2) DEFAULT NULL,
  `created_by` int(20) DEFAULT NULL,
  `created_dt_tm` datetime DEFAULT current_timestamp(),
  `updated_by` int(20) DEFAULT NULL,
  `updated_dt_tm` datetime DEFAULT current_timestamp()
) ENGINE=InnoDB DEFAULT CHARSET=latin1;

--
-- Dumping data for table `student_has_document`
--

INSERT INTO `student_has_document` (`id`, `id_student`, `id_document`, `file_name`, `file`, `reason`, `status`, `created_by`, `created_dt_tm`, `updated_by`, `updated_dt_tm`) VALUES
(4, 22, '2', 'road construction.png', '0d07bd613d0a4d15528bd12cdb51279c.png', '', NULL, NULL, '2020-09-12 11:34:49', NULL, '2020-09-12 11:34:49'),
(5, 22, '2', 'Temp Comforts.png', 'eca24c5667c93c292ad462ab9e0ddef8.png', '', NULL, NULL, '2020-09-12 11:35:30', NULL, '2020-09-12 11:35:30'),
(6, 25, '2', 'Screenshot from 2020-03-17 23-54-22.png', 'd1fe6c5e19f9df1d8b769f8a528c6020.png', '', NULL, NULL, '2020-09-15 04:33:19', NULL, '2020-09-15 04:33:19'),
(7, 25, '1', 'Screenshot from 2020-03-17 23-45-27.png', '5968fe81a285d01340f6db22f4c3afae.png', '', NULL, NULL, '2020-09-15 04:33:19', NULL, '2020-09-15 04:33:19');

-- --------------------------------------------------------

--
-- Table structure for table `student_insurance_details`
--

CREATE TABLE `student_insurance_details` (
  `id` int(20) NOT NULL,
  `id_student` int(20) DEFAULT 0,
  `insurance_id_visa` int(20) DEFAULT 0,
  `insurance_insurance_type` varchar(200) DEFAULT '',
  `insurance_reference_no` varchar(200) DEFAULT '',
  `insurance_date_issue` datetime DEFAULT NULL,
  `insurance_expiry_date` datetime DEFAULT NULL,
  `insurance_reminder_type` varchar(200) DEFAULT '',
  `insurance_reminder_months_expiry` int(20) DEFAULT 0,
  `insurance_reminder_template` varchar(200) DEFAULT '0',
  `insurance_reminder_remarks` varchar(2048) DEFAULT '0',
  `insurance_cover_letter` varchar(200) DEFAULT '0',
  `status` int(2) DEFAULT NULL,
  `created_by` int(20) DEFAULT NULL,
  `created_dt_tm` datetime DEFAULT current_timestamp(),
  `updated_by` int(20) DEFAULT NULL,
  `updated_dt_tm` datetime DEFAULT current_timestamp()
) ENGINE=InnoDB DEFAULT CHARSET=latin1;

-- --------------------------------------------------------

--
-- Table structure for table `student_last_login`
--

CREATE TABLE `student_last_login` (
  `id` bigint(20) NOT NULL,
  `id_student` bigint(20) NOT NULL,
  `session_data` varchar(2048) NOT NULL,
  `machine_ip` varchar(1024) NOT NULL,
  `user_agent` varchar(128) NOT NULL,
  `agent_string` varchar(1024) NOT NULL,
  `platform` varchar(128) NOT NULL,
  `created_dt_tm` datetime DEFAULT current_timestamp()
) ENGINE=InnoDB DEFAULT CHARSET=utf8;

--
-- Dumping data for table `student_last_login`
--

INSERT INTO `student_last_login` (`id`, `id_student`, `session_data`, `machine_ip`, `user_agent`, `agent_string`, `platform`, `created_dt_tm`) VALUES
(1, 3, '{\"student_name\":\"Mr. Mohd Khairul\",\"email_id\":\"askiran123+3@gmail.com\",\"nric\":\"23424242324\",\"id_intake\":\"1\",\"id_program\":\"1\",\"id_qualification\":\"1\"}', '49.206.7.23', 'Chrome 78.0.3904.97', 'Mozilla/5.0 (X11; Linux x86_64) AppleWebKit/537.36 (KHTML, like Gecko) Chrome/78.0.3904.97 Safari/537.36', 'Linux', '2020-07-11 12:56:50'),
(2, 4, '{\"student_name\":\"Mr. Bhasha Zahir\",\"email_id\":\"bz@cms.com\",\"nric\":\"NR33445\",\"id_intake\":\"1\",\"id_program\":\"1\",\"id_qualification\":\"1\"}', '49.206.7.23', 'Chrome 78.0.3904.97', 'Mozilla/5.0 (X11; Linux x86_64) AppleWebKit/537.36 (KHTML, like Gecko) Chrome/78.0.3904.97 Safari/537.36', 'Linux', '2020-07-11 13:15:46'),
(3, 4, '{\"student_name\":\"Mr. Bhasha Zahir\",\"email_id\":\"bz@cms.com\",\"nric\":\"NR33445\",\"id_intake\":\"1\",\"id_program\":\"1\",\"id_qualification\":\"1\"}', '49.206.7.23', 'Chrome 78.0.3904.97', 'Mozilla/5.0 (X11; Linux x86_64) AppleWebKit/537.36 (KHTML, like Gecko) Chrome/78.0.3904.97 Safari/537.36', 'Linux', '2020-07-19 17:29:29'),
(4, 6, '{\"student_name\":\"Mr. Nabasha Ali\",\"email_id\":\"nab@cms.com\",\"nric\":\"5612345\",\"id_intake\":\"1\",\"id_program\":\"1\",\"id_qualification\":\"1\"}', '49.206.7.23', 'Chrome 78.0.3904.97', 'Mozilla/5.0 (X11; Linux x86_64) AppleWebKit/537.36 (KHTML, like Gecko) Chrome/78.0.3904.97 Safari/537.36', 'Linux', '2020-08-10 17:49:31'),
(5, 6, '{\"student_name\":\"Mr. Nabasha Ali\",\"email_id\":\"nab@cms.com\",\"nric\":\"5612345\",\"id_intake\":\"1\",\"id_program\":\"1\",\"id_qualification\":\"1\"}', '211.25.82.226', 'Chrome 84.0.4147.105', 'Mozilla/5.0 (Windows NT 10.0; Win64; x64) AppleWebKit/537.36 (KHTML, like Gecko) Chrome/84.0.4147.105 Safari/537.36 Edg/84.0.522.52', 'Windows 10', '2020-08-10 20:03:00'),
(6, 17, '{\"student_name\":\"AG. Vasanthi Krishnan\",\"email_id\":\"vask@cms.com\",\"nric\":\"78031098778\",\"id_intake\":\"1\",\"id_program\":\"4\",\"id_qualification\":\"1\"}', '49.206.4.152', 'Chrome 78.0.3904.97', 'Mozilla/5.0 (X11; Linux x86_64) AppleWebKit/537.36 (KHTML, like Gecko) Chrome/78.0.3904.97 Safari/537.36', 'Linux', '2020-08-27 19:25:21'),
(7, 17, '{\"student_name\":\"AG. Vasanthi Krishnan\",\"email_id\":\"vask@cms.com\",\"nric\":\"78031098778\",\"id_intake\":\"1\",\"id_program\":\"4\",\"id_qualification\":\"1\"}', '42.190.31.233', 'Chrome 84.0.4147.135', 'Mozilla/5.0 (Windows NT 10.0; Win64; x64) AppleWebKit/537.36 (KHTML, like Gecko) Chrome/84.0.4147.135 Safari/537.36', 'Windows 10', '2020-08-27 20:10:26'),
(8, 13, '{\"student_name\":\"DATIN. Testing Two\",\"email_id\":\"t2@cms.com\",\"nric\":\"t2\",\"id_intake\":\"1\",\"id_program\":\"3\",\"id_qualification\":\"1\",\"id_program_scheme\":\"8\"}', '112.79.85.46', 'Chrome 83.0.4103.116', 'Mozilla/5.0 (X11; Linux x86_64) AppleWebKit/537.36 (KHTML, like Gecko) Chrome/83.0.4103.116 Safari/537.36', 'Linux', '2020-08-30 14:02:58'),
(9, 16, '{\"student_name\":\"AG. Jury Tise\",\"email_id\":\"jt@cms.com\",\"nric\":\"NTJT88990\",\"id_intake\":\"1\",\"id_program\":\"3\",\"id_qualification\":\"1\",\"id_program_scheme\":\"11\"}', '157.45.63.59', 'Chrome 81.0.4044.111', 'Mozilla/5.0 (X11; Linux x86_64) AppleWebKit/537.36 (KHTML, like Gecko) Chrome/81.0.4044.111 Safari/537.36', 'Linux', '2020-09-02 19:20:32'),
(10, 14, '{\"student_name\":\"DATIN. Testing Four\",\"email_id\":\"t4@cms.com\",\"nric\":\"t4\",\"id_intake\":\"1\",\"id_program\":\"3\",\"id_qualification\":\"1\",\"id_program_scheme\":\"8\",\"isStudentAdminLoggedIn\":true}', '157.45.44.99', 'Chrome 83.0.4103.116', 'Mozilla/5.0 (X11; Linux x86_64) AppleWebKit/537.36 (KHTML, like Gecko) Chrome/83.0.4103.116 Safari/537.36', 'Linux', '2020-09-08 06:34:32'),
(11, 18, '{\"student_name\":\"DATIN. Osomania Azarul\",\"email_id\":\"oa@cms.com\",\"nric\":\"NR213312\",\"id_intake\":\"1\",\"id_program\":\"3\",\"id_program_landscape\":null,\"id_qualification\":\"1\",\"id_program_scheme\":\"14\",\"isStudentAdminLoggedIn\":true}', '157.49.189.60', 'Chrome 83.0.4103.116', 'Mozilla/5.0 (X11; Linux x86_64) AppleWebKit/537.36 (KHTML, like Gecko) Chrome/83.0.4103.116 Safari/537.36', 'Linux', '2020-09-10 14:36:57'),
(12, 18, '{\"student_name\":\"DATIN. Osomania Azarul\",\"email_id\":\"oa@cms.com\",\"nric\":\"NR213312\",\"id_intake\":\"1\",\"id_program\":\"3\",\"id_program_landscape\":\"10\",\"id_qualification\":\"1\",\"id_program_scheme\":\"14\",\"isStudentAdminLoggedIn\":true}', '157.49.189.60', 'Chrome 83.0.4103.116', 'Mozilla/5.0 (X11; Linux x86_64) AppleWebKit/537.36 (KHTML, like Gecko) Chrome/83.0.4103.116 Safari/537.36', 'Linux', '2020-09-10 14:40:04'),
(13, 23, '{\"student_name\":\"DATIN. Student Eight\",\"email_id\":\"s8@cms.com\",\"nric\":\"TIQWE123\",\"id_intake\":\"1\",\"id_program\":\"3\",\"id_program_landscape\":\"10\",\"id_qualification\":\"1\",\"id_program_scheme\":\"14\",\"student_education_level\":\"POSTGRADUATE\"}', '157.49.161.86', 'Chrome 83.0.4103.116', 'Mozilla/5.0 (X11; Linux x86_64) AppleWebKit/537.36 (KHTML, like Gecko) Chrome/83.0.4103.116 Safari/537.36', 'Linux', '2020-09-12 13:14:25'),
(14, 24, '{\"student_name\":\"DATIN. Sadhullah Beeg\",\"email_id\":\"sb@cms.com\",\"nric\":\"9074567090\",\"id_intake\":\"1\",\"id_program\":\"4\",\"id_program_landscape\":\"18\",\"id_qualification\":\"7\",\"id_program_scheme\":\"15\",\"student_education_level\":\"Master\",\"isStudentAdminLoggedIn\":true}', '42.190.19.126', 'Chrome 85.0.4183.121', 'Mozilla/5.0 (Windows NT 10.0; Win64; x64) AppleWebKit/537.36 (KHTML, like Gecko) Chrome/85.0.4183.121 Safari/537.36', 'Windows 10', '2020-10-07 21:46:14'),
(15, 27, '{\"student_name\":\"DATIN. Ragina Federar\",\"email_id\":\"rf@cms.com\",\"nric\":\"119088\",\"id_intake\":\"1\",\"id_program\":\"3\",\"id_program_landscape\":null,\"id_qualification\":\"7\",\"id_program_scheme\":\"14\",\"student_education_level\":\"Master\"}', '157.49.126.255', 'Chrome 85.0.4183.121', 'Mozilla/5.0 (X11; Linux x86_64) AppleWebKit/537.36 (KHTML, like Gecko) Chrome/85.0.4183.121 Safari/537.36', 'Linux', '2020-10-08 22:15:21'),
(16, 27, '{\"student_name\":\"DATIN. Ragina Federar\",\"email_id\":\"rf@cms.com\",\"nric\":\"119088\",\"id_intake\":\"1\",\"id_program\":\"3\",\"id_program_landscape\":null,\"id_qualification\":\"7\",\"id_program_scheme\":\"14\",\"student_education_level\":\"Master\"}', '49.206.4.152', 'Chrome 78.0.3904.97', 'Mozilla/5.0 (X11; Linux x86_64) AppleWebKit/537.36 (KHTML, like Gecko) Chrome/78.0.3904.97 Safari/537.36', 'Linux', '2020-10-08 22:32:33'),
(17, 28, '{\"student_name\":\"AG. Ragina Federer\",\"email_id\":\"rf@cms.com\",\"nric\":\"NF888\",\"id_intake\":\"4\",\"id_program\":\"3\",\"id_program_landscape\":\"11\",\"id_qualification\":\"1\",\"id_program_scheme\":\"14\",\"student_education_level\":\"POSTGRADUATE\"}', '157.49.64.231', 'Chrome 85.0.4183.121', 'Mozilla/5.0 (X11; Linux x86_64) AppleWebKit/537.36 (KHTML, like Gecko) Chrome/85.0.4183.121 Safari/537.36', 'Linux', '2020-10-17 21:30:38'),
(18, 29, '{\"student_name\":\"DATINDR. Naani Haris\",\"email_id\":\"nh@cms.com\",\"nric\":\"SADJAKKA7878\",\"id_intake\":\"4\",\"id_program\":\"4\",\"id_program_landscape\":\"17\",\"id_qualification\":\"7\",\"id_program_scheme\":\"16\",\"student_education_level\":\"Master\"}', '157.49.75.119', 'Chrome 85.0.4183.121', 'Mozilla/5.0 (X11; Linux x86_64) AppleWebKit/537.36 (KHTML, like Gecko) Chrome/85.0.4183.121 Safari/537.36', 'Linux', '2020-10-18 13:07:46'),
(19, 30, '{\"student_name\":\"DATINDR. Khaleel Ahmed\",\"email_id\":\"ah@cms.com\",\"nric\":\"SA6863821\",\"id_intake\":\"4\",\"id_program\":\"3\",\"id_program_landscape\":\"0\",\"id_qualification\":\"1\",\"id_program_scheme\":\"17\",\"student_education_level\":\"POSTGRADUATE\"}', '157.49.185.42', 'Chrome 85.0.4183.121', 'Mozilla/5.0 (X11; Linux x86_64) AppleWebKit/537.36 (KHTML, like Gecko) Chrome/85.0.4183.121 Safari/537.36', 'Linux', '2020-10-27 07:32:16'),
(20, 30, '{\"student_name\":\"DATINDR. Khaleel Ahmed\",\"email_id\":\"ah@cms.com\",\"nric\":\"SA6863821\",\"id_intake\":\"4\",\"id_program\":\"3\",\"id_program_landscape\":\"0\",\"id_qualification\":\"1\",\"id_program_scheme\":\"17\",\"student_education_level\":\"POSTGRADUATE\"}', '157.49.94.176', 'Chrome 85.0.4183.121', 'Mozilla/5.0 (X11; Linux x86_64) AppleWebKit/537.36 (KHTML, like Gecko) Chrome/85.0.4183.121 Safari/537.36', 'Linux', '2020-11-07 12:41:43'),
(21, 31, '{\"student_name\":\"MR. Student One\",\"email_id\":\"s1@cms.com\",\"nric\":\"NR000001\",\"id_intake\":\"1\",\"id_program\":\"6\",\"id_program_landscape\":\"21\",\"id_qualification\":\"1\",\"id_program_scheme\":\"21\",\"student_education_level\":\"POSTGRADUATE\"}', '117.230.141.80', 'Chrome 85.0.4183.121', 'Mozilla/5.0 (X11; Linux x86_64) AppleWebKit/537.36 (KHTML, like Gecko) Chrome/85.0.4183.121 Safari/537.36', 'Linux', '2020-11-08 11:50:46'),
(22, 32, '{\"student_name\":\"MDM. Student  Five\",\"email_id\":\"s5@cms.com\",\"nric\":\"NR05\",\"id_intake\":\"1\",\"id_program\":\"6\",\"id_program_landscape\":\"22\",\"id_qualification\":\"1\",\"id_program_scheme\":\"22\",\"student_education_level\":\"POSTGRADUATE\"}', '117.230.12.209', 'Chrome 85.0.4183.121', 'Mozilla/5.0 (X11; Linux x86_64) AppleWebKit/537.36 (KHTML, like Gecko) Chrome/85.0.4183.121 Safari/537.36', 'Linux', '2020-11-09 12:14:33'),
(23, 35, '{\"student_name\":\"AG. aeutesting2 2\",\"email_id\":\"aeutesting2@gmail.com\",\"nric\":\"7373737337377\",\"id_intake\":\"1\",\"id_program\":\"6\",\"id_program_landscape\":\"21\",\"id_qualification\":\"1\",\"id_program_scheme\":\"21\",\"student_education_level\":\"POSTGRADUATE\",\"isStudentAdminLoggedIn\":true}', '49.206.4.152', 'Chrome 78.0.3904.97', 'Mozilla/5.0 (X11; Linux x86_64) AppleWebKit/537.36 (KHTML, like Gecko) Chrome/78.0.3904.97 Safari/537.36', 'Linux', '2020-11-10 19:58:50'),
(24, 35, '{\"student_name\":\"AG. aeutesting2 2\",\"email_id\":\"aeutesting2@gmail.com\",\"nric\":\"7373737337377\",\"id_intake\":\"1\",\"id_program\":\"6\",\"id_program_landscape\":\"21\",\"id_qualification\":\"1\",\"id_program_scheme\":\"21\",\"student_education_level\":\"POSTGRADUATE\"}', '49.206.4.152', 'Chrome 78.0.3904.97', 'Mozilla/5.0 (X11; Linux x86_64) AppleWebKit/537.36 (KHTML, like Gecko) Chrome/78.0.3904.97 Safari/537.36', 'Linux', '2020-11-30 00:13:03'),
(25, 35, '{\"student_name\":\"AG. aeutesting2 2\",\"email_id\":\"aeutesting2@gmail.com\",\"nric\":\"7373737337377\",\"id_intake\":\"1\",\"id_program\":\"6\",\"id_program_landscape\":\"21\",\"id_qualification\":\"1\",\"id_program_scheme\":\"21\",\"student_education_level\":\"POSTGRADUATE\"}', '49.206.4.152', 'Chrome 87.0.4280.66', 'Mozilla/5.0 (X11; Linux x86_64) AppleWebKit/537.36 (KHTML, like Gecko) Chrome/87.0.4280.66 Safari/537.36', 'Linux', '2020-11-30 03:09:26'),
(26, 35, '{\"student_name\":\"AG. aeutesting2 2\",\"email_id\":\"aeutesting2@gmail.com\",\"nric\":\"7373737337377\",\"id_intake\":\"1\",\"id_program\":\"6\",\"id_program_landscape\":\"21\",\"id_qualification\":\"1\",\"id_program_scheme\":\"21\",\"student_education_level\":\"POSTGRADUATE\"}', '49.206.4.152', 'Chrome 87.0.4280.66', 'Mozilla/5.0 (X11; Linux x86_64) AppleWebKit/537.36 (KHTML, like Gecko) Chrome/87.0.4280.66 Safari/537.36', 'Linux', '2020-11-30 07:21:03'),
(27, 35, '{\"student_name\":\"AG. aeutesting2 2\",\"email_id\":\"aeutesting2@gmail.com\",\"nric\":\"7373737337377\",\"id_intake\":\"1\",\"id_program\":\"6\",\"id_program_landscape\":\"21\",\"id_qualification\":\"1\",\"id_program_scheme\":\"21\",\"student_education_level\":\"POSTGRADUATE\"}', '42.190.11.118', 'Chrome 87.0.4280.66', 'Mozilla/5.0 (Windows NT 10.0; Win64; x64) AppleWebKit/537.36 (KHTML, like Gecko) Chrome/87.0.4280.66 Safari/537.36', 'Windows 10', '2020-11-30 18:30:22'),
(28, 35, '{\"student_name\":\"AG. aeutesting2 2\",\"email_id\":\"aeutesting2@gmail.com\",\"nric\":\"7373737337377\",\"id_intake\":\"1\",\"id_program\":\"6\",\"id_program_landscape\":\"21\",\"id_qualification\":\"1\",\"id_program_scheme\":\"21\",\"student_education_level\":\"POSTGRADUATE\"}', '42.190.11.118', 'Chrome 87.0.4280.66', 'Mozilla/5.0 (Windows NT 10.0; Win64; x64) AppleWebKit/537.36 (KHTML, like Gecko) Chrome/87.0.4280.66 Safari/537.36', 'Windows 10', '2020-12-02 23:20:23'),
(29, 35, '{\"student_name\":\"AG. aeutesting2 2\",\"email_id\":\"aeutesting2@gmail.com\",\"nric\":\"7373737337377\",\"id_intake\":\"1\",\"id_program\":\"6\",\"id_program_landscape\":\"21\",\"id_qualification\":\"1\",\"id_program_scheme\":\"21\",\"student_education_level\":\"POSTGRADUATE\"}', '49.206.4.152', 'Chrome 78.0.3904.97', 'Mozilla/5.0 (X11; Linux x86_64) AppleWebKit/537.36 (KHTML, like Gecko) Chrome/78.0.3904.97 Safari/537.36', 'Linux', '2020-12-07 22:14:14'),
(30, 35, '{\"student_name\":\"AG. aeutesting2 2\",\"email_id\":\"aeutesting2@gmail.com\",\"nric\":\"7373737337377\",\"id_intake\":\"1\",\"id_program\":\"6\",\"id_program_landscape\":\"21\",\"id_qualification\":\"1\",\"id_program_scheme\":\"21\",\"student_education_level\":\"POSTGRADUATE\"}', '42.190.11.118', 'Chrome 87.0.4280.88', 'Mozilla/5.0 (Windows NT 10.0; Win64; x64) AppleWebKit/537.36 (KHTML, like Gecko) Chrome/87.0.4280.88 Safari/537.36', 'Windows 10', '2020-12-07 22:16:51'),
(31, 40, '{\"student_name\":\"HAJI. CC C\",\"email_id\":\"aeudemo0803@gmail.com\",\"nric\":\"0987\",\"id_intake\":\"1\",\"id_program\":\"7\",\"id_program_landscape\":\"24\",\"id_qualification\":\"7\",\"id_program_scheme\":\"24\",\"student_education_level\":\"Master\"}', '49.206.4.152', 'Chrome 87.0.4280.88', 'Mozilla/5.0 (Windows NT 10.0; Win64; x64) AppleWebKit/537.36 (KHTML, like Gecko) Chrome/87.0.4280.88 Safari/537.36', 'Windows 10', '2020-12-08 09:10:10'),
(32, 42, '{\"student_name\":\"MR. Kiran  testing\",\"email_id\":\"11@gmail.com\",\"nric\":\"1111122332111\",\"id_intake\":\"1\",\"id_program\":\"8\",\"id_program_landscape\":\"0\",\"id_qualification\":\"1\",\"id_program_scheme\":\"26\",\"student_education_level\":\"POSTGRADUATE\"}', '49.206.4.152', 'Chrome 78.0.3904.97', 'Mozilla/5.0 (X11; Linux x86_64) AppleWebKit/537.36 (KHTML, like Gecko) Chrome/78.0.3904.97 Safari/537.36', 'Linux', '2020-12-09 02:30:10'),
(33, 44, '{\"student_name\":\"DRHAJI. DD D\",\"email_id\":\"aeudemo1001@gmail.com\",\"nric\":\"3456\",\"id_intake\":\"1\",\"id_program\":\"8\",\"id_program_landscape\":\"0\",\"id_qualification\":\"1\",\"id_program_scheme\":\"26\",\"student_education_level\":\"POSTGRADUATE\"}', '49.206.4.152', 'Chrome 87.0.4280.88', 'Mozilla/5.0 (Windows NT 10.0; Win64; x64) AppleWebKit/537.36 (KHTML, like Gecko) Chrome/87.0.4280.88 Safari/537.36', 'Windows 10', '2020-12-09 21:02:42'),
(34, 31, '{\"student_name\":\"MR. Student One\",\"email_id\":\"s1@cms.com\",\"nric\":\"NR000001\",\"id_intake\":\"1\",\"id_program\":\"6\",\"id_program_landscape\":\"21\",\"id_qualification\":\"1\",\"id_program_scheme\":\"21\",\"student_education_level\":\"POSTGRADUATE\"}', '42.105.116.181', 'Chrome 87.0.4280.88', 'Mozilla/5.0 (Windows NT 10.0; Win64; x64) AppleWebKit/537.36 (KHTML, like Gecko) Chrome/87.0.4280.88 Safari/537.36', 'Windows 10', '2020-12-10 22:26:18'),
(35, 45, '{\"student_name\":\"MR. Developper Testing5\",\"email_id\":\"dt5@cms.com\",\"nric\":\"DTNRIC05\",\"id_intake\":\"1\",\"id_program\":\"8\",\"id_program_landscape\":\"0\",\"id_qualification\":\"1\",\"id_program_scheme\":\"26\",\"student_education_level\":\"POSTGRADUATE\"}', '157.45.71.122', 'Chrome 87.0.4280.66', 'Mozilla/5.0 (X11; Linux x86_64) AppleWebKit/537.36 (KHTML, like Gecko) Chrome/87.0.4280.66 Safari/537.36', 'Linux', '2020-12-11 02:51:46'),
(36, 33, '{\"student_name\":\"AG. Student Four\",\"email_id\":\"s4@cms.com\",\"nric\":\"NR04\",\"id_intake\":\"1\",\"id_program\":\"6\",\"id_program_landscape\":\"21\",\"id_qualification\":\"1\",\"id_program_scheme\":\"21\",\"student_education_level\":\"POSTGRADUATE\"}', '157.45.71.122', 'Chrome 87.0.4280.66', 'Mozilla/5.0 (X11; Linux x86_64) AppleWebKit/537.36 (KHTML, like Gecko) Chrome/87.0.4280.66 Safari/537.36', 'Linux', '2020-12-11 13:04:55'),
(37, 33, '{\"student_name\":\"AG. Student Four\",\"email_id\":\"s4@cms.com\",\"nric\":\"NR04\",\"id_intake\":\"1\",\"id_program\":\"6\",\"id_program_landscape\":\"21\",\"id_qualification\":\"1\",\"id_program_scheme\":\"21\",\"student_education_level\":\"POSTGRADUATE\"}', '157.45.71.122', 'Chrome 87.0.4280.66', 'Mozilla/5.0 (X11; Linux x86_64) AppleWebKit/537.36 (KHTML, like Gecko) Chrome/87.0.4280.66 Safari/537.36', 'Linux', '2020-12-11 20:37:07'),
(38, 46, '{\"student_name\":\"MR. Student 6\",\"email_id\":\"s6@cms.com\",\"nric\":\"NRICS8006\",\"id_intake\":\"1\",\"id_program\":\"8\",\"id_program_landscape\":\"0\",\"id_qualification\":\"1\",\"id_program_scheme\":\"26\",\"student_education_level\":\"POSTGRADUATE\"}', '42.105.117.54', 'Chrome 87.0.4280.66', 'Mozilla/5.0 (X11; Linux x86_64) AppleWebKit/537.36 (KHTML, like Gecko) Chrome/87.0.4280.66 Safari/537.36', 'Linux', '2020-12-12 10:51:51'),
(39, 49, '{\"student_name\":\"DR. Student 8\",\"email_id\":\"s8@cms.com\",\"nric\":\"NRICS8008\",\"id_intake\":\"1\",\"id_program\":\"8\",\"id_program_landscape\":\"0\",\"id_qualification\":\"1\",\"id_program_scheme\":\"26\",\"student_education_level\":\"POSTGRADUATE\"}', '42.105.117.179', 'Chrome 87.0.4280.66', 'Mozilla/5.0 (X11; Linux x86_64) AppleWebKit/537.36 (KHTML, like Gecko) Chrome/87.0.4280.66 Safari/537.36', 'Linux', '2020-12-12 12:01:27'),
(40, 51, '{\"student_name\":\"MR. Developper Testing 6\",\"email_id\":\"dt6@cms.com\",\"nric\":\"NRICS8006\",\"id_intake\":\"1\",\"id_program\":\"8\",\"id_program_landscape\":\"28\",\"id_qualification\":\"1\",\"id_program_scheme\":\"26\",\"student_education_level\":\"POSTGRADUATE\"}', '157.45.79.144', 'Chrome 87.0.4280.66', 'Mozilla/5.0 (X11; Linux x86_64) AppleWebKit/537.36 (KHTML, like Gecko) Chrome/87.0.4280.66 Safari/537.36', 'Linux', '2020-12-15 10:43:17'),
(41, 51, '{\"student_name\":\"MR. Developper Testing 6\",\"email_id\":\"dt6@cms.com\",\"nric\":\"NRICS8006\",\"id_intake\":\"1\",\"id_program\":\"8\",\"id_program_landscape\":\"28\",\"id_qualification\":\"1\",\"id_program_scheme\":\"1\",\"student_education_level\":\"POSTGRADUATE\",\"student_semester\":\"1\"}', '157.45.167.117', 'Chrome 87.0.4280.66', 'Mozilla/5.0 (X11; Linux x86_64) AppleWebKit/537.36 (KHTML, like Gecko) Chrome/87.0.4280.66 Safari/537.36', 'Linux', '2020-12-16 12:03:38'),
(42, 54, '{\"student_name\":\"DR. Developper Testing 7\",\"email_id\":\"dt7@cms.com\",\"nric\":\"NRICS8007\",\"id_intake\":\"1\",\"id_program\":\"8\",\"id_program_landscape\":\"28\",\"id_qualification\":\"1\",\"id_program_scheme\":\"1\",\"student_education_level\":\"POSTGRADUATE\",\"student_semester\":\"1\"}', '42.105.116.144', 'Chrome 87.0.4280.66', 'Mozilla/5.0 (X11; Linux x86_64) AppleWebKit/537.36 (KHTML, like Gecko) Chrome/87.0.4280.66 Safari/537.36', 'Linux', '2020-12-18 13:12:59'),
(43, 55, '{\"student_name\":\"HAJI. Developper Testing 8\",\"email_id\":\"dt8@cms.com\",\"nric\":\"NRICS8008\",\"id_intake\":\"1\",\"id_program\":\"8\",\"id_program_landscape\":\"28\",\"id_qualification\":\"1\",\"id_program_scheme\":\"1\",\"student_education_level\":\"POSTGRADUATE\",\"student_semester\":\"1\"}', '42.105.116.144', 'Chrome 87.0.4280.66', 'Mozilla/5.0 (X11; Linux x86_64) AppleWebKit/537.36 (KHTML, like Gecko) Chrome/87.0.4280.66 Safari/537.36', 'Linux', '2020-12-18 13:21:07'),
(44, 62, '{\"student_name\":\"MRS. AA 02\",\"email_id\":\"aa02@gmail.com\",\"nric\":\"2\",\"id_intake\":\"1\",\"id_program\":\"9\",\"id_program_landscape\":\"33\",\"id_qualification\":\"2\",\"id_program_scheme\":\"1\",\"student_education_level\":\"UNDERGRADUATE\",\"student_semester\":\"1\"}', '49.206.4.152', 'Chrome 87.0.4280.88', 'Mozilla/5.0 (Windows NT 10.0; Win64; x64) AppleWebKit/537.36 (KHTML, like Gecko) Chrome/87.0.4280.88 Safari/537.36', 'Windows 10', '2020-12-23 08:59:53'),
(45, 63, '{\"student_name\":\"MRS. AA 02\",\"email_id\":\"aa02@gmail.com\",\"nric\":\"2\",\"id_intake\":\"1\",\"id_program\":\"9\",\"id_program_landscape\":\"33\",\"id_qualification\":\"2\",\"id_program_scheme\":\"1\",\"student_education_level\":\"UNDERGRADUATE\",\"student_semester\":\"1\"}', '157.45.71.122', 'Chrome 87.0.4280.66', 'Mozilla/5.0 (X11; Linux x86_64) AppleWebKit/537.36 (KHTML, like Gecko) Chrome/87.0.4280.66 Safari/537.36', 'Linux', '2020-12-23 09:15:28'),
(46, 63, '{\"student_name\":\"MRS. AA 02\",\"email_id\":\"aa02@gmail.com\",\"nric\":\"2\",\"id_intake\":\"1\",\"id_program\":\"9\",\"id_program_landscape\":\"33\",\"id_qualification\":\"2\",\"id_program_scheme\":\"1\",\"student_education_level\":\"UNDERGRADUATE\",\"student_semester\":\"1\"}', '117.230.51.163', 'Chrome 87.0.4280.66', 'Mozilla/5.0 (X11; Linux x86_64) AppleWebKit/537.36 (KHTML, like Gecko) Chrome/87.0.4280.66 Safari/537.36', 'Linux', '2020-12-24 03:13:06'),
(47, 61, '{\"student_name\":\"MR. AA 01\",\"email_id\":\"aa01@gmail.com\",\"nric\":\"01\",\"id_intake\":\"1\",\"id_program\":\"9\",\"id_program_landscape\":\"33\",\"id_qualification\":\"2\",\"id_program_scheme\":\"1\",\"student_education_level\":\"UNDERGRADUATE\",\"student_semester\":\"1\"}', '117.230.154.46', 'Chrome 87.0.4280.66', 'Mozilla/5.0 (X11; Linux x86_64) AppleWebKit/537.36 (KHTML, like Gecko) Chrome/87.0.4280.66 Safari/537.36', 'Linux', '2020-12-24 03:20:24'),
(48, 63, '{\"student_name\":\"MRS. AA 02\",\"email_id\":\"aa02@gmail.com\",\"nric\":\"2\",\"id_intake\":\"1\",\"id_program\":\"9\",\"id_program_landscape\":\"33\",\"id_qualification\":\"2\",\"id_program_scheme\":\"1\",\"student_education_level\":\"UNDERGRADUATE\",\"student_semester\":\"1\"}', '42.105.125.15', 'Chrome 87.0.4280.66', 'Mozilla/5.0 (X11; Linux x86_64) AppleWebKit/537.36 (KHTML, like Gecko) Chrome/87.0.4280.66 Safari/537.36', 'Linux', '2020-12-24 08:16:14'),
(49, 64, '{\"student_name\":\"EN. Developper Testing 17\",\"email_id\":\"dt17@cms.com\",\"nric\":\"NRIC8017\",\"id_intake\":\"1\",\"id_program\":\"6\",\"id_program_landscape\":\"29\",\"id_qualification\":\"1\",\"id_program_scheme\":\"2\",\"student_education_level\":\"POSTGRADUATE\",\"student_semester\":\"1\"}', '42.105.125.15', 'Chrome 87.0.4280.66', 'Mozilla/5.0 (X11; Linux x86_64) AppleWebKit/537.36 (KHTML, like Gecko) Chrome/87.0.4280.66 Safari/537.36', 'Linux', '2020-12-24 08:32:19'),
(50, 71, '{\"student_name\":\"DR. PHD Testing 1\",\"email_id\":\"phdt1@cms.com\",\"nric\":\"NRICS88001\",\"id_intake\":\"1\",\"id_program\":\"6\",\"id_program_landscape\":\"29\",\"id_qualification\":\"1\",\"id_program_scheme\":\"2\",\"student_education_level\":\"POSTGRADUATE\",\"student_semester\":\"1\"}', '157.45.8.126', 'Chrome 87.0.4280.66', 'Mozilla/5.0 (X11; Linux x86_64) AppleWebKit/537.36 (KHTML, like Gecko) Chrome/87.0.4280.66 Safari/537.36', 'Linux', '2020-12-25 12:06:48'),
(51, 72, '{\"student_name\":\"HE. PHD Testing 2\",\"email_id\":\"phdt2@cms.com\",\"nric\":\"NRICSPHDT8002\",\"id_intake\":\"1\",\"id_program\":\"6\",\"id_program_landscape\":\"29\",\"id_qualification\":\"1\",\"id_program_scheme\":\"2\",\"student_education_level\":\"POSTGRADUATE\",\"student_semester\":\"1\"}', '157.45.8.126', 'Chrome 87.0.4280.66', 'Mozilla/5.0 (X11; Linux x86_64) AppleWebKit/537.36 (KHTML, like Gecko) Chrome/87.0.4280.66 Safari/537.36', 'Linux', '2020-12-25 12:07:55'),
(52, 73, '{\"student_name\":\"MS. pHD Testing 3\",\"email_id\":\"phdt3@cms.com\",\"nric\":\"NRICSPHD8003\",\"id_intake\":\"1\",\"id_program\":\"6\",\"id_program_landscape\":\"29\",\"id_qualification\":\"1\",\"id_program_scheme\":\"2\",\"student_education_level\":\"POSTGRADUATE\",\"student_semester\":\"1\"}', '157.45.8.126', 'Firefox 84.0', 'Mozilla/5.0 (X11; Ubuntu; Linux x86_64; rv:84.0) Gecko/20100101 Firefox/84.0', 'Linux', '2020-12-25 12:14:44'),
(53, 40, '{\"student_name\":\"HAJI. CC C\",\"email_id\":\"aeudemo0803@gmail.com\",\"nric\":\"0987\",\"id_intake\":\"1\",\"id_program\":\"7\",\"id_program_landscape\":\"24\",\"id_qualification\":\"7\",\"id_program_scheme\":\"1\",\"student_education_level\":\"MASTER\",\"student_semester\":\"1\"}', '49.206.15.129', 'Chrome 78.0.3904.97', 'Mozilla/5.0 (X11; Linux x86_64) AppleWebKit/537.36 (KHTML, like Gecko) Chrome/78.0.3904.97 Safari/537.36', 'Linux', '2021-01-10 22:54:14'),
(54, 74, '{\"student_name\":\"Mr. Developper Testing One\",\"email_id\":\"dt1@eag.com\",\"nric\":\"80001\",\"id_intake\":\"3\",\"id_program\":\"10\",\"id_program_landscape\":\"34\",\"id_qualification\":\"2\",\"id_program_scheme\":\"1\",\"student_education_level\":\"POSTGRADUATE\",\"student_semester\":\"1\"}', '157.45.180.227', 'Chrome 87.0.4280.66', 'Mozilla/5.0 (X11; Linux x86_64) AppleWebKit/537.36 (KHTML, like Gecko) Chrome/87.0.4280.66 Safari/537.36', 'Linux', '2021-01-13 03:25:53'),
(55, 74, '{\"student_name\":\"Mr. Developper Testing One\",\"email_id\":\"dt1@eag.com\",\"nric\":\"80001\",\"id_intake\":\"3\",\"id_program\":\"10\",\"id_program_landscape\":\"34\",\"id_qualification\":\"2\",\"id_program_scheme\":\"29\",\"student_education_level\":\"PHD\",\"isStudentAdminLoggedIn\":true}', '42.190.11.118', 'Chrome 87.0.4280.141', 'Mozilla/5.0 (Windows NT 10.0; Win64; x64) AppleWebKit/537.36 (KHTML, like Gecko) Chrome/87.0.4280.141 Safari/537.36', 'Windows 10', '2021-01-13 23:26:54'),
(56, 74, '{\"student_name\":\"Mr. Developper Testing One\",\"email_id\":\"dt1@eag.com\",\"nric\":\"80001\",\"id_intake\":\"3\",\"id_program\":\"10\",\"id_program_landscape\":\"34\",\"id_qualification\":\"2\",\"id_program_scheme\":\"29\",\"student_education_level\":\"POSTGRADUATE\",\"isStudentAdminLoggedIn\":true}', '42.190.11.118', 'Chrome 87.0.4280.141', 'Mozilla/5.0 (Windows NT 10.0; Win64; x64) AppleWebKit/537.36 (KHTML, like Gecko) Chrome/87.0.4280.141 Safari/537.36', 'Windows 10', '2021-01-14 19:32:48'),
(57, 78, '{\"student_name\":\"Mr. Developper Testing Five\",\"email_id\":\"dt5@eag.com\",\"nric\":\"80005\",\"id_intake\":\"3\",\"id_program\":\"10\",\"id_program_landscape\":\"34\",\"id_qualification\":\"2\",\"id_program_scheme\":\"1\",\"student_education_level\":\"POSTGRADUATE\",\"student_semester\":\"1\"}', '117.230.21.197', 'Chrome 89.0.4381.0', 'Mozilla/5.0 (X11; Linux x86_64) AppleWebKit/537.36 (KHTML, like Gecko) Chrome/89.0.4381.0 Safari/537.36 Edg/89.0.760.0', 'Linux', '2021-01-15 11:06:43'),
(58, 74, '{\"student_name\":\"Mr. Developper Testing One\",\"email_id\":\"dt1@eag.com\",\"nric\":\"80001\",\"id_intake\":\"3\",\"id_program\":\"10\",\"id_program_landscape\":\"34\",\"id_qualification\":\"2\",\"id_program_scheme\":\"29\",\"student_education_level\":\"POSTGRADUATE\",\"student_profile_pic\":\"default_profile.jpg\",\"isStudentAdminLoggedIn\":true}', '42.190.11.118', 'Chrome 87.0.4280.141', 'Mozilla/5.0 (Windows NT 10.0; Win64; x64) AppleWebKit/537.36 (KHTML, like Gecko) Chrome/87.0.4280.141 Safari/537.36', 'Windows 10', '2021-01-17 01:08:33'),
(59, 74, '{\"student_name\":\"Mr. Developper Testing One\",\"email_id\":\"dt1@eag.com\",\"nric\":\"80001\",\"id_intake\":\"3\",\"id_program\":\"10\",\"id_program_landscape\":\"34\",\"id_qualification\":\"2\",\"id_program_scheme\":\"29\",\"student_education_level\":\"POSTGRADUATE\",\"student_profile_pic\":\"default_profile.jpg\",\"isStudentAdminLoggedIn\":true}', '42.190.11.118', 'Chrome 87.0.4280.141', 'Mozilla/5.0 (Windows NT 10.0; Win64; x64) AppleWebKit/537.36 (KHTML, like Gecko) Chrome/87.0.4280.141 Safari/537.36', 'Windows 10', '2021-01-17 19:41:14');

-- --------------------------------------------------------

--
-- Table structure for table `student_marks_entry`
--

CREATE TABLE `student_marks_entry` (
  `id` int(20) NOT NULL,
  `id_student` int(20) DEFAULT 0,
  `id_program` int(20) DEFAULT 0,
  `id_intake` int(20) DEFAULT 0,
  `id_course_registered_landscape` int(20) DEFAULT 0,
  `id_course_registration` int(20) DEFAULT 0,
  `id_mark_distribution` int(20) DEFAULT 0,
  `total_course_marks` int(20) DEFAULT 0,
  `total_obtained_marks` int(20) DEFAULT 0,
  `total_min_pass_marks` int(20) DEFAULT 0,
  `result` varchar(500) DEFAULT '',
  `grade` varchar(512) DEFAULT '',
  `is_remarking` int(20) DEFAULT 0,
  `status` int(2) DEFAULT 0,
  `reason` varchar(2048) DEFAULT '',
  `created_by` int(20) DEFAULT NULL,
  `created_dt_tm` datetime DEFAULT current_timestamp(),
  `updated_by` int(20) DEFAULT NULL,
  `updated_dt_tm` datetime DEFAULT current_timestamp()
) ENGINE=InnoDB DEFAULT CHARSET=latin1;

--
-- Dumping data for table `student_marks_entry`
--

INSERT INTO `student_marks_entry` (`id`, `id_student`, `id_program`, `id_intake`, `id_course_registered_landscape`, `id_course_registration`, `id_mark_distribution`, `total_course_marks`, `total_obtained_marks`, `total_min_pass_marks`, `result`, `grade`, `is_remarking`, `status`, `reason`, `created_by`, `created_dt_tm`, `updated_by`, `updated_dt_tm`) VALUES
(3, 5, 1, 1, 6, 11, 3, 200, 148, 80, 'Pass', '', 3, 0, '', 1, '2020-08-09 05:31:10', NULL, '2020-08-09 05:31:10'),
(4, 3, 1, 1, 10, 19, 4, 100, 98, 40, 'Pass', 'A+', 0, 0, '', 1, '2020-08-13 10:25:59', NULL, '2020-08-13 10:25:59'),
(5, 6, 1, 1, 10, 20, 4, 100, 90, 40, 'Pass', 'A', 0, 0, '', 1, '2020-08-13 10:40:39', NULL, '2020-08-13 10:40:39'),
(6, 6, 1, 1, 11, 21, 6, 300, 220, 120, 'Pass', 'B', 2, 1, '', 1, '2020-08-13 10:44:12', 1, '2020-08-13 10:44:12'),
(7, 12, 3, 1, 16, 30, 7, 250, 211, 110, 'Pass', 'A', 1, 1, '', 1, '2020-08-21 13:51:45', 1, '2020-08-21 13:51:45'),
(8, 35, 6, 1, 90, 71, 10, 14, 2, 24, 'Fail', 'A', 1, 1, '', 1, '2020-11-11 09:19:36', 1, '2020-11-11 09:19:36'),
(9, 31, 6, 1, 89, 74, 12, 250, 176, 105, 'Pass', 'A', 1, 1, '', 1, '2020-11-12 11:43:19', 1, '2020-11-12 11:43:19'),
(10, 35, 6, 1, 88, 78, 13, 260, 246, 110, 'Pass', 'A+', 0, 0, '', 1, '2020-11-30 02:56:06', NULL, '2020-11-30 02:56:06'),
(11, 51, 8, 1, 113, 85, 14, 250, 154, 100, 'Pass', 'A+', 0, 1, '', 1, '2020-12-15 11:19:22', 1, '2020-12-15 11:19:22'),
(12, 71, 6, 1, 115, 102, 15, 300, 267, 120, 'Pass', 'A', 0, 1, '', 1, '2020-12-25 12:48:30', 1, '2020-12-25 12:48:30');

-- --------------------------------------------------------

--
-- Table structure for table `student_marks_entry_details`
--

CREATE TABLE `student_marks_entry_details` (
  `id` int(20) NOT NULL,
  `id_student_marks_entry` int(20) DEFAULT 0,
  `id_component` int(20) DEFAULT 0,
  `id_marks_distribution_details` int(20) DEFAULT 0,
  `max_marks` int(20) DEFAULT 0,
  `obtained_marks` int(20) DEFAULT 0,
  `pass_marks` int(20) DEFAULT 0,
  `result` varchar(500) DEFAULT '',
  `status` int(2) DEFAULT 0,
  `created_by` int(20) DEFAULT NULL,
  `created_dt_tm` datetime DEFAULT current_timestamp(),
  `updated_by` int(20) DEFAULT NULL,
  `updated_dt_tm` datetime DEFAULT current_timestamp()
) ENGINE=InnoDB DEFAULT CHARSET=latin1;

--
-- Dumping data for table `student_marks_entry_details`
--

INSERT INTO `student_marks_entry_details` (`id`, `id_student_marks_entry`, `id_component`, `id_marks_distribution_details`, `max_marks`, `obtained_marks`, `pass_marks`, `result`, `status`, `created_by`, `created_dt_tm`, `updated_by`, `updated_dt_tm`) VALUES
(15, 7, 1, 15, 50, 45, 30, 'Pass', 1, 1, '2020-08-21 13:51:45', NULL, '2020-08-21 13:51:45'),
(16, 7, 2, 16, 100, 78, 40, 'Pass', 1, 1, '2020-08-21 13:51:45', NULL, '2020-08-21 13:51:45'),
(17, 7, 3, 17, 100, 88, 40, 'Pass', 1, 1, '2020-08-21 13:51:45', NULL, '2020-08-21 13:51:45'),
(18, 8, 1, 23, 2, 1, 12, 'Fail', 1, 1, '2020-11-11 09:19:36', NULL, '2020-11-11 09:19:36'),
(19, 8, 2, 24, 12, 1, 12, 'Fail', 1, 1, '2020-11-11 09:19:36', NULL, '2020-11-11 09:19:36'),
(20, 9, 1, 25, 50, 30, 25, 'Pass', 1, 1, '2020-11-12 11:43:19', NULL, '2020-11-12 11:43:19'),
(21, 9, 2, 27, 100, 68, 40, 'Pass', 1, 1, '2020-11-12 11:43:19', NULL, '2020-11-12 11:43:19'),
(22, 9, 3, 26, 100, 78, 40, 'Pass', 1, 1, '2020-11-12 11:43:19', NULL, '2020-11-12 11:43:19'),
(23, 10, 1, 28, 100, 90, 40, 'Pass', 1, 1, '2020-11-30 02:56:06', NULL, '2020-11-30 02:56:06'),
(24, 10, 3, 29, 80, 78, 35, 'Pass', 1, 1, '2020-11-30 02:56:06', NULL, '2020-11-30 02:56:06'),
(25, 10, 2, 30, 80, 78, 35, 'Pass', 1, 1, '2020-11-30 02:56:06', NULL, '2020-11-30 02:56:06'),
(26, 11, 1, 31, 50, 32, 30, 'Pass', 1, 1, '2020-12-15 11:19:22', NULL, '2020-12-15 11:19:22'),
(27, 11, 3, 32, 100, 42, 35, 'Pass', 1, 1, '2020-12-15 11:19:22', NULL, '2020-12-15 11:19:22'),
(28, 11, 2, 33, 100, 80, 35, 'Pass', 1, 1, '2020-12-15 11:19:22', NULL, '2020-12-15 11:19:22'),
(29, 12, 1, 34, 100, 90, 40, 'Pass', 1, 1, '2020-12-25 12:48:30', NULL, '2020-12-25 12:48:30'),
(30, 12, 3, 35, 100, 89, 40, 'Pass', 1, 1, '2020-12-25 12:48:30', NULL, '2020-12-25 12:48:30'),
(31, 12, 2, 36, 100, 88, 40, 'Pass', 1, 1, '2020-12-25 12:48:30', NULL, '2020-12-25 12:48:30');

-- --------------------------------------------------------

--
-- Table structure for table `student_marks_entry_history`
--

CREATE TABLE `student_marks_entry_history` (
  `id` int(20) NOT NULL,
  `total_course_marks` int(20) DEFAULT 0,
  `total_obtained_marks` int(20) DEFAULT 0,
  `total_min_pass_marks` int(20) DEFAULT 0,
  `id_course_registration` int(20) DEFAULT 0,
  `id_student` int(20) DEFAULT 0,
  `id_student_marks_entry` int(20) DEFAULT 0,
  `id_student_remarks_entry` int(20) DEFAULT 0,
  `total_result` varchar(500) DEFAULT '',
  `grade` varchar(512) DEFAULT '',
  `status` int(2) DEFAULT 0,
  `created_by` int(20) DEFAULT NULL,
  `created_dt_tm` datetime DEFAULT current_timestamp(),
  `updated_by` int(20) DEFAULT NULL,
  `updated_dt_tm` datetime DEFAULT current_timestamp()
) ENGINE=InnoDB DEFAULT CHARSET=latin1;

--
-- Dumping data for table `student_marks_entry_history`
--

INSERT INTO `student_marks_entry_history` (`id`, `total_course_marks`, `total_obtained_marks`, `total_min_pass_marks`, `id_course_registration`, `id_student`, `id_student_marks_entry`, `id_student_remarks_entry`, `total_result`, `grade`, `status`, `created_by`, `created_dt_tm`, `updated_by`, `updated_dt_tm`) VALUES
(9, 250, 211, 110, 30, 12, 7, 0, 'Pass', 'A', 0, 1, '2020-08-21 13:51:45', 1, '2020-08-21 13:51:45'),
(10, 14, 2, 24, 71, 35, 8, 0, 'Fail', 'A', 0, 1, '2020-11-11 09:19:36', 1, '2020-11-11 09:19:36'),
(11, 0, 4, 0, 71, 35, 0, 9, 'Pass', 'A', 0, 1, '2020-11-11 09:21:36', 1, '2020-11-11 09:21:36'),
(12, 250, 176, 105, 74, 31, 9, 0, 'Pass', 'A', 0, 1, '2020-11-12 11:43:19', 1, '2020-11-12 11:43:19'),
(13, 250, 184, 105, 74, 31, 0, 10, 'Pass', 'A', 0, 1, '2020-11-12 12:18:32', 1, '2020-11-12 12:18:32'),
(14, 260, 246, 110, 78, 35, 10, 0, 'Pass', 'A+', 0, 1, '2020-11-30 02:56:06', 1, '2020-11-30 02:56:06'),
(15, 250, 154, 100, 85, 51, 11, 0, 'Pass', 'A+', 0, 1, '2020-12-15 11:19:22', 1, '2020-12-15 11:19:22'),
(16, 300, 267, 120, 102, 71, 12, 0, 'Pass', 'A', 0, 1, '2020-12-25 12:48:30', 1, '2020-12-25 12:48:30');

-- --------------------------------------------------------

--
-- Table structure for table `student_note`
--

CREATE TABLE `student_note` (
  `id` int(20) NOT NULL,
  `id_student` int(20) DEFAULT 0,
  `note` varchar(10240) DEFAULT '',
  `status` int(2) DEFAULT NULL,
  `created_by` int(20) DEFAULT NULL,
  `created_dt_tm` datetime DEFAULT current_timestamp(),
  `updated_by` int(20) DEFAULT NULL,
  `updated_dt_tm` datetime DEFAULT current_timestamp()
) ENGINE=InnoDB DEFAULT CHARSET=latin1;

--
-- Dumping data for table `student_note`
--

INSERT INTO `student_note` (`id`, `id_student`, `note`, `status`, `created_by`, `created_dt_tm`, `updated_by`, `updated_dt_tm`) VALUES
(2, 6, 'Fee Paymet Alert Need To Add', NULL, 1, '2020-08-10 13:49:18', NULL, '2020-08-10 13:49:18'),
(3, 4, 'Fee Paymet Alert Need To Add', NULL, 1, '2020-08-10 13:49:18', NULL, '2020-08-10 13:49:18'),
(4, 7, 'Payment Added & Migration As Student Done', NULL, 1, '2020-08-10 14:28:03', NULL, '2020-08-10 14:28:03');

-- --------------------------------------------------------

--
-- Table structure for table `student_passport_details`
--

CREATE TABLE `student_passport_details` (
  `id` int(20) NOT NULL,
  `id_student` int(20) DEFAULT 0,
  `passport_number` varchar(200) DEFAULT '',
  `passport_name` varchar(2048) DEFAULT '',
  `passport_country_of_issue` int(20) DEFAULT 0,
  `passport_date_issue` datetime DEFAULT NULL,
  `passport_expiry_date` datetime DEFAULT NULL,
  `passport_reminder_type` varchar(200) DEFAULT '',
  `passport_reminder_months_expiry` int(20) DEFAULT 0,
  `passport_reminder_template` varchar(200) DEFAULT '0',
  `passport_cover_letter` varchar(200) DEFAULT '',
  `passport_reminder_remarks` varchar(2048) DEFAULT '0',
  `status` int(2) DEFAULT NULL,
  `created_by` int(20) DEFAULT NULL,
  `created_dt_tm` datetime DEFAULT current_timestamp(),
  `updated_by` int(20) DEFAULT NULL,
  `updated_dt_tm` datetime DEFAULT current_timestamp()
) ENGINE=InnoDB DEFAULT CHARSET=latin1;

-- --------------------------------------------------------

--
-- Table structure for table `student_placement`
--

CREATE TABLE `student_placement` (
  `id` int(20) NOT NULL,
  `id_student` bigint(20) DEFAULT 0,
  `id_intake` int(20) DEFAULT 0,
  `id_program` int(20) DEFAULT 0,
  `id_qualification` int(20) DEFAULT 0,
  `company_name` varchar(1024) DEFAULT '',
  `company_address` varchar(1024) DEFAULT '',
  `phone` bigint(20) DEFAULT 0,
  `email` varchar(1024) DEFAULT '',
  `id_country` bigint(20) DEFAULT 0,
  `id_state` bigint(20) DEFAULT 0,
  `city` varchar(1024) DEFAULT '',
  `zipcode` int(20) DEFAULT NULL,
  `designation` varchar(500) DEFAULT '',
  `joining_dt` datetime DEFAULT current_timestamp(),
  `reason` varchar(50) DEFAULT '',
  `status` int(2) DEFAULT 0,
  `created_by` int(20) DEFAULT NULL,
  `created_dt_tm` datetime DEFAULT current_timestamp(),
  `updated_by` int(20) DEFAULT NULL,
  `updated_dt_tm` datetime DEFAULT current_timestamp()
) ENGINE=InnoDB DEFAULT CHARSET=latin1;

-- --------------------------------------------------------

--
-- Table structure for table `student_progress`
--

CREATE TABLE `student_progress` (
  `id` int(20) NOT NULL,
  `id_student` int(20) DEFAULT 0,
  `phd_duration` varchar(200) DEFAULT '',
  `current_deliverable` varchar(200) DEFAULT '',
  `education_level` varchar(200) DEFAULT '',
  `status` varchar(200) DEFAULT '0',
  `created_by` int(20) DEFAULT NULL,
  `created_dt_tm` datetime DEFAULT current_timestamp(),
  `updated_by` int(20) DEFAULT NULL,
  `updated_dt_tm` datetime DEFAULT current_timestamp()
) ENGINE=InnoDB DEFAULT CHARSET=latin1;

-- --------------------------------------------------------

--
-- Table structure for table `student_remarks_entry`
--

CREATE TABLE `student_remarks_entry` (
  `id` int(20) NOT NULL,
  `id_student_marks_entry` int(20) DEFAULT 0,
  `id_student` int(20) DEFAULT 0,
  `id_program` int(20) DEFAULT 0,
  `id_intake` int(20) DEFAULT 0,
  `id_course_registered_landscape` int(20) DEFAULT 0,
  `id_course_registration` int(20) DEFAULT 0,
  `id_mark_distribution` int(20) DEFAULT 0,
  `total_course_marks` int(20) DEFAULT 0,
  `total_obtained_marks` int(20) DEFAULT 0,
  `total_min_pass_marks` int(20) DEFAULT 0,
  `result` varchar(500) DEFAULT '',
  `grade` varchar(500) DEFAULT '',
  `announced` int(2) DEFAULT 0,
  `updated` int(2) DEFAULT 0,
  `status` int(2) DEFAULT 0,
  `reason` varchar(2048) DEFAULT '',
  `created_by` int(20) DEFAULT NULL,
  `created_dt_tm` datetime DEFAULT current_timestamp(),
  `updated_by` int(20) DEFAULT NULL,
  `updated_dt_tm` datetime DEFAULT current_timestamp()
) ENGINE=InnoDB DEFAULT CHARSET=latin1;

--
-- Dumping data for table `student_remarks_entry`
--

INSERT INTO `student_remarks_entry` (`id`, `id_student_marks_entry`, `id_student`, `id_program`, `id_intake`, `id_course_registered_landscape`, `id_course_registration`, `id_mark_distribution`, `total_course_marks`, `total_obtained_marks`, `total_min_pass_marks`, `result`, `grade`, `announced`, `updated`, `status`, `reason`, `created_by`, `created_dt_tm`, `updated_by`, `updated_dt_tm`) VALUES
(8, 7, 12, 3, 1, 16, 30, 7, 250, 211, 110, 'Pass', 'A', 0, 0, 0, '', 1, '2020-08-21 13:51:45', 1, '2020-08-21 13:51:45'),
(9, 8, 35, 6, 1, 90, 71, 10, 0, 4, 0, 'Pass', 'A', 0, 1, 1, '', 1, '2020-11-11 09:19:36', 1, '2020-11-11 09:19:36'),
(10, 9, 31, 6, 1, 89, 74, 12, 250, 184, 105, 'Pass', 'A', 0, 1, 1, '', 1, '2020-11-12 11:43:19', 1, '2020-11-12 11:43:19');

-- --------------------------------------------------------

--
-- Table structure for table `student_remarks_entry_details`
--

CREATE TABLE `student_remarks_entry_details` (
  `id` int(20) NOT NULL,
  `id_student_remarks_entry` int(20) DEFAULT 0,
  `id_component` int(20) DEFAULT 0,
  `id_marks_distribution_details` int(20) DEFAULT 0,
  `max_marks` int(20) DEFAULT 0,
  `obtained_marks` int(20) DEFAULT 0,
  `pass_marks` int(20) DEFAULT 0,
  `result` varchar(500) DEFAULT '',
  `status` int(2) DEFAULT 0,
  `created_by` int(20) DEFAULT NULL,
  `created_dt_tm` datetime DEFAULT current_timestamp(),
  `updated_by` int(20) DEFAULT NULL,
  `updated_dt_tm` datetime DEFAULT current_timestamp()
) ENGINE=InnoDB DEFAULT CHARSET=latin1;

--
-- Dumping data for table `student_remarks_entry_details`
--

INSERT INTO `student_remarks_entry_details` (`id`, `id_student_remarks_entry`, `id_component`, `id_marks_distribution_details`, `max_marks`, `obtained_marks`, `pass_marks`, `result`, `status`, `created_by`, `created_dt_tm`, `updated_by`, `updated_dt_tm`) VALUES
(1, 2, 1, 12, 100, 80, 40, 'Pass', 1, 1, '2020-08-14 14:59:41', NULL, '2020-08-14 14:59:41'),
(2, 2, 2, 13, 100, 80, 40, 'Pass', 1, 1, '2020-08-14 14:59:41', NULL, '2020-08-14 14:59:41'),
(3, 2, 3, 14, 100, 88, 40, 'Pass', 1, 1, '2020-08-14 14:59:41', NULL, '2020-08-14 14:59:41'),
(4, 3, 1, 12, 100, 120, 40, 'Pass', 1, 1, '2020-08-16 23:33:21', NULL, '2020-08-16 23:33:21'),
(5, 3, 2, 13, 100, 2, 40, 'Fail', 1, 1, '2020-08-16 23:33:21', NULL, '2020-08-16 23:33:21'),
(6, 3, 3, 14, 100, 33, 40, 'Fail', 1, 1, '2020-08-16 23:33:21', NULL, '2020-08-16 23:33:21'),
(7, 9, NULL, NULL, NULL, 2, NULL, 'Pass', 1, 1, '2020-11-11 09:21:36', NULL, '2020-11-11 09:21:36'),
(8, 9, NULL, NULL, NULL, 2, NULL, 'Pass', 1, 1, '2020-11-11 09:21:36', NULL, '2020-11-11 09:21:36'),
(9, 10, 1, 25, 50, 34, 25, 'Pass', 1, 1, '2020-11-12 12:18:32', NULL, '2020-11-12 12:18:32'),
(10, 10, 2, 27, 100, 70, 40, 'Pass', 1, 1, '2020-11-12 12:18:32', NULL, '2020-11-12 12:18:32'),
(11, 10, 3, 26, 100, 80, 40, 'Pass', 1, 1, '2020-11-12 12:18:32', NULL, '2020-11-12 12:18:32');

-- --------------------------------------------------------

--
-- Table structure for table `student_semester_course_details`
--

CREATE TABLE `student_semester_course_details` (
  `id` int(20) NOT NULL,
  `id_student_result` int(20) DEFAULT NULL,
  `id_student_semester_result` int(20) DEFAULT 0,
  `id_exam_registration` int(20) DEFAULT NULL,
  `id_course` int(20) DEFAULT NULL,
  `grade` varchar(100) DEFAULT '',
  `marks` int(20) DEFAULT NULL,
  `result` varchar(100) DEFAULT '',
  `status` int(2) DEFAULT 1,
  `created_by` int(20) DEFAULT NULL,
  `created_dt_tm` datetime DEFAULT current_timestamp(),
  `updated_by` int(20) DEFAULT NULL,
  `updated_dt_tm` datetime DEFAULT current_timestamp()
) ENGINE=InnoDB DEFAULT CHARSET=latin1;

--
-- Dumping data for table `student_semester_course_details`
--

INSERT INTO `student_semester_course_details` (`id`, `id_student_result`, `id_student_semester_result`, `id_exam_registration`, `id_course`, `grade`, `marks`, `result`, `status`, `created_by`, `created_dt_tm`, `updated_by`, `updated_dt_tm`) VALUES
(1, NULL, 1, 1, 3, '1', 82, 'Pass', 1, 1, '2020-07-11 11:27:03', NULL, '2020-07-11 11:27:03'),
(2, NULL, 1, 2, 1, '2', 91, '', 1, 1, '2020-07-11 11:27:03', NULL, '2020-07-11 11:27:03');

-- --------------------------------------------------------

--
-- Table structure for table `student_semester_history`
--

CREATE TABLE `student_semester_history` (
  `id` bigint(20) NOT NULL,
  `old_semester` int(20) NOT NULL,
  `new_semester` int(20) NOT NULL,
  `id_student` bigint(20) NOT NULL,
  `status` int(20) DEFAULT 1,
  `created_by` int(20) DEFAULT NULL,
  `created_dt_tm` datetime DEFAULT current_timestamp(),
  `updated_by` int(20) DEFAULT NULL,
  `updated_dt_tm` datetime DEFAULT current_timestamp()
) ENGINE=InnoDB DEFAULT CHARSET=utf8;

--
-- Dumping data for table `student_semester_history`
--

INSERT INTO `student_semester_history` (`id`, `old_semester`, `new_semester`, `id_student`, `status`, `created_by`, `created_dt_tm`, `updated_by`, `updated_dt_tm`) VALUES
(1, 1, 2, 51, 1, 1, '2020-12-16 12:10:20', NULL, '2020-12-16 12:10:20'),
(3, 1, 2, 58, 1, 1, '2020-12-20 14:21:42', NULL, '2020-12-20 14:21:42'),
(4, 1, 2, 60, 1, 1, '2020-12-20 15:14:51', NULL, '2020-12-20 15:14:51'),
(5, 1, 2, 64, 1, 1, '2020-12-23 12:18:39', NULL, '2020-12-23 12:18:39'),
(6, 1, 2, 66, 1, 1, '2020-12-23 12:23:14', NULL, '2020-12-23 12:23:14'),
(7, 2, 3, 66, 1, 1, '2020-12-23 12:24:22', NULL, '2020-12-23 12:24:22'),
(8, 3, 4, 66, 1, 1, '2020-12-23 12:25:27', NULL, '2020-12-23 12:25:27'),
(9, 1, 2, 66, 1, 1, '2020-12-23 12:28:32', NULL, '2020-12-23 12:28:32'),
(10, 1, 2, 67, 1, 1, '2020-12-23 12:32:56', NULL, '2020-12-23 12:32:56'),
(11, 1, 2, 67, 1, 1, '2020-12-23 12:41:56', NULL, '2020-12-23 12:41:56'),
(12, 1, 2, 67, 1, 1, '2020-12-23 12:43:58', NULL, '2020-12-23 12:43:58'),
(13, 2, 3, 67, 1, 1, '2020-12-23 12:44:44', NULL, '2020-12-23 12:44:44'),
(14, 1, 2, 71, 1, 1, '2020-12-25 12:57:50', NULL, '2020-12-25 12:57:50');

-- --------------------------------------------------------

--
-- Table structure for table `student_semester_result`
--

CREATE TABLE `student_semester_result` (
  `id` int(20) NOT NULL,
  `id_semester` int(20) DEFAULT NULL,
  `id_student` int(20) DEFAULT NULL,
  `id_program` int(20) DEFAULT NULL,
  `id_intake` int(20) DEFAULT NULL,
  `main_grade` varchar(100) DEFAULT '',
  `main_marks` int(20) DEFAULT NULL,
  `main_result` varchar(100) DEFAULT '',
  `result` varchar(50) DEFAULT '0',
  `marks` int(20) DEFAULT 0,
  `grade` varchar(50) DEFAULT '',
  `status` int(2) DEFAULT 1,
  `reason` varchar(500) DEFAULT '',
  `created_by` int(20) DEFAULT NULL,
  `created_dt_tm` datetime DEFAULT current_timestamp(),
  `updated_by` int(20) DEFAULT NULL,
  `updated_dt_tm` datetime DEFAULT current_timestamp()
) ENGINE=InnoDB DEFAULT CHARSET=latin1;

--
-- Dumping data for table `student_semester_result`
--

INSERT INTO `student_semester_result` (`id`, `id_semester`, `id_student`, `id_program`, `id_intake`, `main_grade`, `main_marks`, `main_result`, `result`, `marks`, `grade`, `status`, `reason`, `created_by`, `created_dt_tm`, `updated_by`, `updated_dt_tm`) VALUES
(1, 1, 1, 1, 1, '', NULL, '', 'Pass', 173, '1', 1, '', 1, '2020-07-11 11:27:03', NULL, '2020-07-11 11:27:03');

-- --------------------------------------------------------

--
-- Table structure for table `student_visa_details`
--

CREATE TABLE `student_visa_details` (
  `id` int(20) NOT NULL,
  `id_student` int(20) DEFAULT 0,
  `passport_no` varchar(200) DEFAULT '',
  `visa_type` varchar(200) DEFAULT '',
  `special_pass_type` varchar(200) DEFAULT '',
  `special_pass_remarks` varchar(2048) DEFAULT '',
  `visa_number` varchar(200) DEFAULT '',
  `date_issue` datetime DEFAULT NULL,
  `expiry_date` datetime DEFAULT NULL,
  `special_pass_date_issue` datetime DEFAULT NULL,
  `special_pass_expiry_date` datetime DEFAULT NULL,
  `id_program` int(20) DEFAULT 0,
  `insurance_coverage` varchar(200) DEFAULT '',
  `reminder_type` varchar(200) DEFAULT '',
  `reminder_months_expiry` int(20) DEFAULT 0,
  `reminder_template` varchar(200) DEFAULT '',
  `reminder_remarks` varchar(2048) DEFAULT '',
  `image_visa_1` varchar(200) DEFAULT '',
  `image_visa_2` varchar(200) DEFAULT '',
  `special_pass_number` varchar(200) DEFAULT '',
  `special_pass_image` varchar(200) DEFAULT '',
  `status` int(2) DEFAULT NULL,
  `created_by` int(20) DEFAULT NULL,
  `created_dt_tm` datetime DEFAULT current_timestamp(),
  `updated_by` int(20) DEFAULT NULL,
  `updated_dt_tm` datetime DEFAULT current_timestamp()
) ENGINE=InnoDB DEFAULT CHARSET=latin1;

-- --------------------------------------------------------

--
-- Table structure for table `subject_details`
--

CREATE TABLE `subject_details` (
  `id` int(20) NOT NULL,
  `name` varchar(120) DEFAULT '',
  `code` varchar(20) DEFAULT '',
  `status` int(1) DEFAULT 0,
  `created_by` int(20) DEFAULT NULL,
  `created_dt_tm` datetime DEFAULT NULL,
  `updated_by` int(20) DEFAULT NULL,
  `updated_dt_tm` datetime DEFAULT NULL
) ENGINE=InnoDB DEFAULT CHARSET=latin1;

-- --------------------------------------------------------

--
-- Table structure for table `supervisor_change_application`
--

CREATE TABLE `supervisor_change_application` (
  `id` int(20) NOT NULL,
  `id_student` int(20) DEFAULT 0,
  `id_supervisor_old` int(20) DEFAULT 0,
  `id_supervisor_new` int(20) DEFAULT 0,
  `reason` varchar(2048) DEFAULT '',
  `status` int(2) DEFAULT 0,
  `created_by` int(20) DEFAULT NULL,
  `created_dt_tm` datetime DEFAULT current_timestamp(),
  `updated_by` int(20) DEFAULT NULL,
  `updated_dt_tm` datetime DEFAULT current_timestamp()
) ENGINE=InnoDB DEFAULT CHARSET=latin1;

--
-- Dumping data for table `supervisor_change_application`
--

INSERT INTO `supervisor_change_application` (`id`, `id_student`, `id_supervisor_old`, `id_supervisor_new`, `reason`, `status`, `created_by`, `created_dt_tm`, `updated_by`, `updated_dt_tm`) VALUES
(1, 30, 5, 4, 'Not Able To Adjust With The Timings Given ', 1, NULL, '2020-11-07 12:42:24', 1, '2020-11-07 12:42:24'),
(2, 31, 4, 5, 'My And My Supervisor Thoughts Are Differ From One Another', 1, NULL, '2020-11-08 12:06:07', 1, '2020-11-08 12:06:07'),
(3, 32, 4, 5, 'AS i Wont Wish To Contineu With THis Supervisor', 1, NULL, '2020-11-09 12:19:07', 1, '2020-11-09 12:19:07');

-- --------------------------------------------------------

--
-- Table structure for table `supervisor_has_specialization`
--

CREATE TABLE `supervisor_has_specialization` (
  `id` int(20) NOT NULL,
  `id_supervisor` int(20) DEFAULT 0,
  `id_specialisation` int(20) DEFAULT 0,
  `status` int(2) DEFAULT 1,
  `created_by` int(20) DEFAULT NULL,
  `created_dt_tm` datetime DEFAULT current_timestamp(),
  `updated_by` int(20) DEFAULT NULL,
  `updated_dt_tm` datetime DEFAULT current_timestamp()
) ENGINE=InnoDB DEFAULT CHARSET=latin1;

--
-- Dumping data for table `supervisor_has_specialization`
--

INSERT INTO `supervisor_has_specialization` (`id`, `id_supervisor`, `id_specialisation`, `status`, `created_by`, `created_dt_tm`, `updated_by`, `updated_dt_tm`) VALUES
(1, 5, 2, 1, NULL, '2020-10-21 23:16:43', NULL, '2020-10-21 23:16:43'),
(2, 5, 3, 1, NULL, '2020-10-21 23:16:48', NULL, '2020-10-21 23:16:48');

-- --------------------------------------------------------

--
-- Table structure for table `supervisor_last_login`
--

CREATE TABLE `supervisor_last_login` (
  `id` bigint(20) NOT NULL,
  `id_supervisor` bigint(20) NOT NULL,
  `session_data` varchar(2048) NOT NULL,
  `machine_ip` varchar(1024) NOT NULL,
  `user_agent` varchar(128) NOT NULL,
  `agent_string` varchar(1024) NOT NULL,
  `platform` varchar(128) NOT NULL,
  `created_dt_tm` datetime DEFAULT current_timestamp()
) ENGINE=InnoDB DEFAULT CHARSET=utf8;

--
-- Dumping data for table `supervisor_last_login`
--

INSERT INTO `supervisor_last_login` (`id`, `id_supervisor`, `session_data`, `machine_ip`, `user_agent`, `agent_string`, `platform`, `created_dt_tm`) VALUES
(1, 5, '{\"supervisor_name\":\"DATINDR. Naman Ozah\",\"email_id\":\"no@cms.com\"}', '157.49.64.231', 'Chrome 85.0.4183.121', 'Mozilla/5.0 (X11; Linux x86_64) AppleWebKit/537.36 (KHTML, like Gecko) Chrome/85.0.4183.121 Safari/537.36', 'Linux', '2020-10-17 21:29:59'),
(2, 4, '{\"supervisor_name\":\"AG. Muhammad Hakim\",\"email_id\":\"mhd@g.co.my\"}', '157.49.64.231', 'Chrome 85.0.4183.121', 'Mozilla/5.0 (X11; Linux x86_64) AppleWebKit/537.36 (KHTML, like Gecko) Chrome/85.0.4183.121 Safari/537.36', 'Linux', '2020-10-17 21:32:24'),
(3, 5, '{\"supervisor_name\":\"DATINDR. Naman Ozah\",\"email_id\":\"no@cms.com\"}', '157.49.75.119', 'Chrome 85.0.4183.121', 'Mozilla/5.0 (X11; Linux x86_64) AppleWebKit/537.36 (KHTML, like Gecko) Chrome/85.0.4183.121 Safari/537.36', 'Linux', '2020-10-18 13:07:05'),
(4, 5, '{\"supervisor_name\":\"DATINDR. Naman Ozah\",\"email_id\":\"no@cms.com\"}', '157.49.185.42', 'Chrome 85.0.4183.121', 'Mozilla/5.0 (X11; Linux x86_64) AppleWebKit/537.36 (KHTML, like Gecko) Chrome/85.0.4183.121 Safari/537.36', 'Linux', '2020-10-27 07:35:35'),
(5, 4, '{\"supervisor_name\":\"AG. Muhammad Hakim\",\"email_id\":\"mhd@g.co.my\"}', '117.230.141.80', 'Chrome 85.0.4183.121', 'Mozilla/5.0 (X11; Linux x86_64) AppleWebKit/537.36 (KHTML, like Gecko) Chrome/85.0.4183.121 Safari/537.36', 'Linux', '2020-11-08 12:03:49'),
(6, 4, '{\"supervisor_name\":\"AG. Muhammad Hakim\",\"email_id\":\"mhd@g.co.my\"}', '117.230.12.209', 'Chrome 85.0.4183.121', 'Mozilla/5.0 (X11; Linux x86_64) AppleWebKit/537.36 (KHTML, like Gecko) Chrome/85.0.4183.121 Safari/537.36', 'Linux', '2020-11-09 12:17:38'),
(7, 5, '{\"supervisor_name\":\"DATINDR. Naman Ozah\",\"email_id\":\"no@cms.com\"}', '42.105.116.181', 'Chrome 87.0.4280.88', 'Mozilla/5.0 (Windows NT 10.0; Win64; x64) AppleWebKit/537.36 (KHTML, like Gecko) Chrome/87.0.4280.88 Safari/537.36', 'Windows 10', '2020-12-10 22:27:27'),
(8, 4, '{\"supervisor_name\":\"AG. Muhammad Hakim\",\"email_id\":\"mhd@g.co.my\"}', '157.45.71.122', 'Chrome 87.0.4280.66', 'Mozilla/5.0 (X11; Linux x86_64) AppleWebKit/537.36 (KHTML, like Gecko) Chrome/87.0.4280.66 Safari/537.36', 'Linux', '2020-12-11 02:52:51'),
(9, 4, '{\"supervisor_name\":\"AG. Muhammad Hakim\",\"email_id\":\"mhd@g.co.my\"}', '157.45.71.122', 'Chrome 87.0.4280.66', 'Mozilla/5.0 (X11; Linux x86_64) AppleWebKit/537.36 (KHTML, like Gecko) Chrome/87.0.4280.66 Safari/537.36', 'Linux', '2020-12-11 13:04:04'),
(10, 5, '{\"supervisor_name\":\"DATINDR. Naman Ozah\",\"email_id\":\"no@cms.com\"}', '42.105.117.179', 'Chrome 87.0.4280.66', 'Mozilla/5.0 (X11; Linux x86_64) AppleWebKit/537.36 (KHTML, like Gecko) Chrome/87.0.4280.66 Safari/537.36', 'Linux', '2020-12-12 12:04:20'),
(11, 4, '{\"supervisor_name\":\"AG. Muhammad Hakim\",\"email_id\":\"mhd@g.co.my\"}', '157.45.79.144', 'Chrome 87.0.4280.66', 'Mozilla/5.0 (X11; Linux x86_64) AppleWebKit/537.36 (KHTML, like Gecko) Chrome/87.0.4280.66 Safari/537.36', 'Linux', '2020-12-15 10:45:42'),
(12, 4, '{\"supervisor_name\":\"AG. Muhammad Hakim\",\"email_id\":\"mhd@g.co.my\"}', '157.45.8.126', 'Chrome 87.0.4280.66', 'Mozilla/5.0 (X11; Linux x86_64) AppleWebKit/537.36 (KHTML, like Gecko) Chrome/87.0.4280.66 Safari/537.36', 'Linux', '2020-12-25 12:51:14');

-- --------------------------------------------------------

--
-- Table structure for table `supervisor_role`
--

CREATE TABLE `supervisor_role` (
  `id` int(20) NOT NULL,
  `code` varchar(512) DEFAULT '',
  `description` varchar(10240) DEFAULT '',
  `max_candidates` int(20) DEFAULT 0,
  `status` int(2) DEFAULT NULL,
  `created_by` int(20) DEFAULT NULL,
  `created_dt_tm` datetime DEFAULT current_timestamp(),
  `updated_by` int(20) DEFAULT NULL,
  `updated_dt_tm` datetime DEFAULT current_timestamp()
) ENGINE=InnoDB DEFAULT CHARSET=latin1;

--
-- Dumping data for table `supervisor_role`
--

INSERT INTO `supervisor_role` (`id`, `code`, `description`, `max_candidates`, `status`, `created_by`, `created_dt_tm`, `updated_by`, `updated_dt_tm`) VALUES
(1, 'Approval', 'Approve The Entries', 10, 1, NULL, '2020-09-04 13:43:19', NULL, '2020-09-04 13:43:19'),
(2, 'Paper approval', '', 20, 1, NULL, '2020-09-12 04:06:58', NULL, '2020-09-12 04:06:58');

-- --------------------------------------------------------

--
-- Table structure for table `supervisor_tagging`
--

CREATE TABLE `supervisor_tagging` (
  `id` int(20) NOT NULL,
  `id_supervisor` int(20) DEFAULT 0,
  `id_student` int(20) DEFAULT 0,
  `is_change_application` int(20) DEFAULT 0 COMMENT 'its a id to get that this change is requested by student for supervisor change',
  `status` int(2) DEFAULT NULL,
  `created_by` int(20) DEFAULT NULL,
  `created_dt_tm` datetime DEFAULT current_timestamp(),
  `updated_by` int(20) DEFAULT NULL,
  `updated_dt_tm` datetime DEFAULT current_timestamp()
) ENGINE=InnoDB DEFAULT CHARSET=latin1;

--
-- Dumping data for table `supervisor_tagging`
--

INSERT INTO `supervisor_tagging` (`id`, `id_supervisor`, `id_student`, `is_change_application`, `status`, `created_by`, `created_dt_tm`, `updated_by`, `updated_dt_tm`) VALUES
(1, 1, 28, 0, 1, 1, '2020-10-14 23:23:31', NULL, '2020-10-14 23:23:31'),
(2, 2, 28, 0, 1, 1, '2020-10-14 23:24:47', NULL, '2020-10-14 23:24:47'),
(3, 4, 28, 0, 1, 1, '2020-10-16 04:58:52', NULL, '2020-10-16 04:58:52'),
(4, 5, 29, 0, 1, 1, '2020-10-17 00:29:36', NULL, '2020-10-17 00:29:36'),
(5, 5, 30, 0, 1, 1, '2020-10-27 07:33:03', NULL, '2020-10-27 07:33:03'),
(7, 4, 30, 1, 1, 1, '2020-11-07 12:50:32', NULL, '2020-11-07 12:50:32'),
(8, 4, 31, 0, 1, 1, '2020-11-08 12:02:03', NULL, '2020-11-08 12:02:03'),
(9, 5, 31, 2, 1, 1, '2020-11-08 12:06:46', NULL, '2020-11-08 12:06:46'),
(10, 4, 32, 0, 1, 1, '2020-11-09 12:15:29', NULL, '2020-11-09 12:15:29'),
(11, 5, 32, 3, 1, 1, '2020-11-09 12:19:36', NULL, '2020-11-09 12:19:36'),
(12, 4, 33, 0, 1, 1, '2020-11-09 12:21:27', NULL, '2020-11-09 12:21:27'),
(13, 4, 34, 0, 1, 1, '2020-11-09 20:54:31', NULL, '2020-11-09 20:54:31'),
(14, 5, 35, 0, 1, 1, '2020-11-30 03:57:15', NULL, '2020-11-30 03:57:15'),
(15, 4, 45, 0, 1, 1, '2020-12-11 02:51:50', NULL, '2020-12-11 02:51:50'),
(16, 5, 49, 0, 1, 1, '2020-12-12 12:02:05', NULL, '2020-12-12 12:02:05'),
(17, 4, 51, 0, 1, 1, '2020-12-15 10:44:02', NULL, '2020-12-15 10:44:02'),
(18, 4, 71, 0, 1, 1, '2020-12-25 12:28:27', NULL, '2020-12-25 12:28:27'),
(19, 4, 72, 0, 1, 1, '2020-12-25 12:28:27', NULL, '2020-12-25 12:28:27'),
(20, 5, 73, 0, 1, 1, '2020-12-25 12:28:45', NULL, '2020-12-25 12:28:45'),
(21, 5, 74, 0, 1, 1, '2021-01-13 03:31:27', NULL, '2021-01-13 03:31:27');

-- --------------------------------------------------------

--
-- Table structure for table `tax`
--

CREATE TABLE `tax` (
  `id` int(20) NOT NULL,
  `name` varchar(250) DEFAULT '',
  `code` varchar(50) DEFAULT '',
  `percentage` varchar(20) DEFAULT '',
  `status` int(2) DEFAULT NULL,
  `created_by` int(20) DEFAULT NULL,
  `created_dt_tm` datetime DEFAULT current_timestamp(),
  `updated_by` int(20) DEFAULT NULL,
  `updated_dt_tm` datetime DEFAULT current_timestamp()
) ENGINE=InnoDB DEFAULT CHARSET=latin1;

-- --------------------------------------------------------

--
-- Table structure for table `tbl_country`
--

CREATE TABLE `tbl_country` (
  `countryId` bigint(20) NOT NULL,
  `name` varchar(100) DEFAULT NULL
) ENGINE=InnoDB DEFAULT CHARSET=latin1;

-- --------------------------------------------------------

--
-- Table structure for table `tbl_last_login`
--

CREATE TABLE `tbl_last_login` (
  `id` bigint(20) NOT NULL,
  `userId` bigint(20) NOT NULL,
  `sessionData` varchar(2048) NOT NULL,
  `machineIp` varchar(1024) NOT NULL,
  `userAgent` varchar(128) NOT NULL,
  `agentString` varchar(1024) NOT NULL,
  `platform` varchar(128) NOT NULL,
  `createdDtm` datetime NOT NULL DEFAULT current_timestamp()
) ENGINE=InnoDB DEFAULT CHARSET=utf8;

--
-- Dumping data for table `tbl_last_login`
--

INSERT INTO `tbl_last_login` (`id`, `userId`, `sessionData`, `machineIp`, `userAgent`, `agentString`, `platform`, `createdDtm`) VALUES
(1, 1, '{\"role\":\"1\",\"roleText\":\"System Administrator\",\"name\":\"Administrator\"}', '49.206.7.23', 'Chrome 78.0.3904.97', 'Mozilla/5.0 (X11; Linux x86_64) AppleWebKit/537.36 (KHTML, like Gecko) Chrome/78.0.3904.97 Safari/537.36', 'Linux', '0000-00-00 00:00:00'),
(2, 1, '{\"role\":\"1\",\"roleText\":\"System Administrator\",\"name\":\"Administrator\"}', '49.206.7.23', 'Chrome 78.0.3904.97', 'Mozilla/5.0 (X11; Linux x86_64) AppleWebKit/537.36 (KHTML, like Gecko) Chrome/78.0.3904.97 Safari/537.36', 'Linux', '0000-00-00 00:00:00'),
(3, 1, '{\"role\":\"1\",\"roleText\":\"System Administrator\",\"name\":\"Administrator\"}', '49.206.7.23', 'Chrome 78.0.3904.97', 'Mozilla/5.0 (X11; Linux x86_64) AppleWebKit/537.36 (KHTML, like Gecko) Chrome/78.0.3904.97 Safari/537.36', 'Linux', '0000-00-00 00:00:00'),
(4, 1, '{\"role\":\"1\",\"roleText\":\"System Administrator\",\"name\":\"Administrator\"}', '117.230.180.74', 'Chrome 83.0.4103.116', 'Mozilla/5.0 (X11; Linux x86_64) AppleWebKit/537.36 (KHTML, like Gecko) Chrome/83.0.4103.116 Safari/537.36', 'Linux', '0000-00-00 00:00:00'),
(5, 1, '{\"role\":\"1\",\"roleText\":\"System Administrator\",\"name\":\"Administrator\"}', '49.206.7.23', 'Chrome 78.0.3904.97', 'Mozilla/5.0 (X11; Linux x86_64) AppleWebKit/537.36 (KHTML, like Gecko) Chrome/78.0.3904.97 Safari/537.36', 'Linux', '0000-00-00 00:00:00'),
(6, 1, '{\"role\":\"1\",\"roleText\":\"System Administrator\",\"name\":\"Administrator\"}', '49.206.7.23', 'Chrome 78.0.3904.97', 'Mozilla/5.0 (X11; Linux x86_64) AppleWebKit/537.36 (KHTML, like Gecko) Chrome/78.0.3904.97 Safari/537.36', 'Linux', '0000-00-00 00:00:00'),
(7, 1, '{\"role\":\"1\",\"roleText\":\"System Administrator\",\"name\":\"Administrator\"}', '112.79.53.220', 'Chrome 83.0.4103.116', 'Mozilla/5.0 (X11; Linux x86_64) AppleWebKit/537.36 (KHTML, like Gecko) Chrome/83.0.4103.116 Safari/537.36', 'Linux', '0000-00-00 00:00:00'),
(8, 1, '{\"role\":\"1\",\"roleText\":\"System Administrator\",\"name\":\"Administrator\"}', '49.206.7.23', 'Chrome 78.0.3904.97', 'Mozilla/5.0 (X11; Linux x86_64) AppleWebKit/537.36 (KHTML, like Gecko) Chrome/78.0.3904.97 Safari/537.36', 'Linux', '0000-00-00 00:00:00'),
(9, 1, '{\"role\":\"1\",\"roleText\":\"System Administrator\",\"name\":\"Administrator\"}', '49.206.7.23', 'Chrome 78.0.3904.97', 'Mozilla/5.0 (X11; Linux x86_64) AppleWebKit/537.36 (KHTML, like Gecko) Chrome/78.0.3904.97 Safari/537.36', 'Linux', '0000-00-00 00:00:00'),
(10, 1, '{\"role\":\"1\",\"roleText\":\"System Administrator\",\"name\":\"Administrator\"}', '112.79.50.106', 'Chrome 83.0.4103.116', 'Mozilla/5.0 (X11; Linux x86_64) AppleWebKit/537.36 (KHTML, like Gecko) Chrome/83.0.4103.116 Safari/537.36', 'Linux', '0000-00-00 00:00:00'),
(11, 1, '{\"role\":\"1\",\"roleText\":\"System Administrator\",\"name\":\"Administrator\"}', '49.206.7.23', 'Chrome 78.0.3904.97', 'Mozilla/5.0 (X11; Linux x86_64) AppleWebKit/537.36 (KHTML, like Gecko) Chrome/78.0.3904.97 Safari/537.36', 'Linux', '0000-00-00 00:00:00'),
(12, 1, '{\"role\":\"1\",\"roleText\":\"System Administrator\",\"name\":\"Administrator\"}', '112.79.51.107', 'Chrome 83.0.4103.116', 'Mozilla/5.0 (X11; Linux x86_64) AppleWebKit/537.36 (KHTML, like Gecko) Chrome/83.0.4103.116 Safari/537.36', 'Linux', '0000-00-00 00:00:00'),
(13, 1, '{\"role\":\"1\",\"roleText\":\"System Administrator\",\"name\":\"Administrator\"}', '49.206.7.23', 'Chrome 78.0.3904.97', 'Mozilla/5.0 (X11; Linux x86_64) AppleWebKit/537.36 (KHTML, like Gecko) Chrome/78.0.3904.97 Safari/537.36', 'Linux', '0000-00-00 00:00:00'),
(14, 1, '{\"role\":\"1\",\"roleText\":\"System Administrator\",\"name\":\"Administrator\"}', '112.79.51.38', 'Chrome 83.0.4103.116', 'Mozilla/5.0 (X11; Linux x86_64) AppleWebKit/537.36 (KHTML, like Gecko) Chrome/83.0.4103.116 Safari/537.36', 'Linux', '0000-00-00 00:00:00'),
(15, 1, '{\"role\":\"1\",\"roleText\":\"System Administrator\",\"name\":\"Administrator\"}', '112.79.51.38', 'Chrome 83.0.4103.116', 'Mozilla/5.0 (X11; Linux x86_64) AppleWebKit/537.36 (KHTML, like Gecko) Chrome/83.0.4103.116 Safari/537.36', 'Linux', '0000-00-00 00:00:00'),
(16, 1, '{\"role\":\"1\",\"roleText\":\"System Administrator\",\"name\":\"Administrator\"}', '112.79.50.252', 'Chrome 83.0.4103.116', 'Mozilla/5.0 (X11; Linux x86_64) AppleWebKit/537.36 (KHTML, like Gecko) Chrome/83.0.4103.116 Safari/537.36', 'Linux', '0000-00-00 00:00:00'),
(17, 1, '{\"role\":\"1\",\"roleText\":\"System Administrator\",\"name\":\"Administrator\"}', '49.206.7.23', 'Chrome 78.0.3904.97', 'Mozilla/5.0 (X11; Linux x86_64) AppleWebKit/537.36 (KHTML, like Gecko) Chrome/78.0.3904.97 Safari/537.36', 'Linux', '0000-00-00 00:00:00'),
(18, 1, '{\"role\":\"1\",\"roleText\":\"System Administrator\",\"name\":\"Administrator\"}', '112.79.50.14', 'Chrome 83.0.4103.116', 'Mozilla/5.0 (X11; Linux x86_64) AppleWebKit/537.36 (KHTML, like Gecko) Chrome/83.0.4103.116 Safari/537.36', 'Linux', '0000-00-00 00:00:00'),
(19, 1, '{\"role\":\"1\",\"roleText\":\"System Administrator\",\"name\":\"Administrator\"}', '112.79.51.142', 'Chrome 83.0.4103.116', 'Mozilla/5.0 (X11; Linux x86_64) AppleWebKit/537.36 (KHTML, like Gecko) Chrome/83.0.4103.116 Safari/537.36', 'Linux', '0000-00-00 00:00:00'),
(20, 1, '{\"role\":\"1\",\"roleText\":\"System Administrator\",\"name\":\"Administrator\"}', '49.206.7.23', 'Chrome 78.0.3904.97', 'Mozilla/5.0 (X11; Linux x86_64) AppleWebKit/537.36 (KHTML, like Gecko) Chrome/78.0.3904.97 Safari/537.36', 'Linux', '0000-00-00 00:00:00'),
(21, 1, '{\"role\":\"1\",\"roleText\":\"System Administrator\",\"name\":\"Administrator\"}', '112.79.50.225', 'Chrome 83.0.4103.116', 'Mozilla/5.0 (X11; Linux x86_64) AppleWebKit/537.36 (KHTML, like Gecko) Chrome/83.0.4103.116 Safari/537.36', 'Linux', '0000-00-00 00:00:00'),
(22, 1, '{\"role\":\"1\",\"roleText\":\"System Administrator\",\"name\":\"Administrator\"}', '49.206.7.23', 'Chrome 78.0.3904.97', 'Mozilla/5.0 (X11; Linux x86_64) AppleWebKit/537.36 (KHTML, like Gecko) Chrome/78.0.3904.97 Safari/537.36', 'Linux', '0000-00-00 00:00:00'),
(23, 1, '{\"role\":\"1\",\"roleText\":\"System Administrator\",\"name\":\"Administrator\"}', '112.79.53.171', 'Chrome 83.0.4103.116', 'Mozilla/5.0 (X11; Linux x86_64) AppleWebKit/537.36 (KHTML, like Gecko) Chrome/83.0.4103.116 Safari/537.36', 'Linux', '0000-00-00 00:00:00'),
(24, 1, '{\"role\":\"1\",\"roleText\":\"System Administrator\",\"name\":\"Administrator\"}', '49.206.7.23', 'Chrome 78.0.3904.97', 'Mozilla/5.0 (X11; Linux x86_64) AppleWebKit/537.36 (KHTML, like Gecko) Chrome/78.0.3904.97 Safari/537.36', 'Linux', '0000-00-00 00:00:00'),
(25, 1, '{\"role\":\"1\",\"roleText\":\"System Administrator\",\"name\":\"Administrator\"}', '42.190.31.148', 'Chrome 84.0.4147.89', 'Mozilla/5.0 (Windows NT 10.0; Win64; x64) AppleWebKit/537.36 (KHTML, like Gecko) Chrome/84.0.4147.89 Safari/537.36 Edg/84.0.522.40', 'Windows 10', '0000-00-00 00:00:00'),
(26, 1, '{\"role\":\"1\",\"roleText\":\"System Administrator\",\"name\":\"Administrator\"}', '112.79.52.12', 'Chrome 83.0.4103.116', 'Mozilla/5.0 (X11; Linux x86_64) AppleWebKit/537.36 (KHTML, like Gecko) Chrome/83.0.4103.116 Safari/537.36', 'Linux', '0000-00-00 00:00:00'),
(27, 1, '{\"role\":\"1\",\"roleText\":\"System Administrator\",\"name\":\"Administrator\"}', '112.79.50.244', 'Chrome 83.0.4103.116', 'Mozilla/5.0 (X11; Linux x86_64) AppleWebKit/537.36 (KHTML, like Gecko) Chrome/83.0.4103.116 Safari/537.36', 'Linux', '0000-00-00 00:00:00'),
(28, 1, '{\"role\":\"1\",\"roleText\":\"System Administrator\",\"name\":\"Administrator\"}', '49.206.7.23', 'Chrome 78.0.3904.97', 'Mozilla/5.0 (X11; Linux x86_64) AppleWebKit/537.36 (KHTML, like Gecko) Chrome/78.0.3904.97 Safari/537.36', 'Linux', '0000-00-00 00:00:00'),
(29, 1, '{\"role\":\"1\",\"roleText\":\"System Administrator\",\"name\":\"Administrator\"}', '49.206.7.23', 'Chrome 78.0.3904.97', 'Mozilla/5.0 (X11; Linux x86_64) AppleWebKit/537.36 (KHTML, like Gecko) Chrome/78.0.3904.97 Safari/537.36', 'Linux', '0000-00-00 00:00:00'),
(30, 1, '{\"role\":\"1\",\"roleText\":\"System Administrator\",\"name\":\"Administrator\"}', '112.79.51.16', 'Chrome 83.0.4103.116', 'Mozilla/5.0 (X11; Linux x86_64) AppleWebKit/537.36 (KHTML, like Gecko) Chrome/83.0.4103.116 Safari/537.36', 'Linux', '0000-00-00 00:00:00'),
(31, 1, '{\"role\":\"1\",\"roleText\":\"System Administrator\",\"name\":\"Administrator\"}', '49.206.7.23', 'Chrome 78.0.3904.97', 'Mozilla/5.0 (X11; Linux x86_64) AppleWebKit/537.36 (KHTML, like Gecko) Chrome/78.0.3904.97 Safari/537.36', 'Linux', '0000-00-00 00:00:00'),
(32, 1, '{\"role\":\"1\",\"roleText\":\"System Administrator\",\"name\":\"Administrator\"}', '42.190.15.202', 'Chrome 84.0.4147.89', 'Mozilla/5.0 (Windows NT 10.0; Win64; x64) AppleWebKit/537.36 (KHTML, like Gecko) Chrome/84.0.4147.89 Safari/537.36 Edg/84.0.522.40', 'Windows 10', '0000-00-00 00:00:00'),
(33, 1, '{\"role\":\"1\",\"roleText\":\"System Administrator\",\"name\":\"Administrator\"}', '112.79.53.197', 'Chrome 83.0.4103.116', 'Mozilla/5.0 (X11; Linux x86_64) AppleWebKit/537.36 (KHTML, like Gecko) Chrome/83.0.4103.116 Safari/537.36', 'Linux', '0000-00-00 00:00:00'),
(34, 1, '{\"role\":\"1\",\"roleText\":\"System Administrator\",\"name\":\"Administrator\"}', '112.79.55.57', 'Chrome 83.0.4103.116', 'Mozilla/5.0 (X11; Linux x86_64) AppleWebKit/537.36 (KHTML, like Gecko) Chrome/83.0.4103.116 Safari/537.36', 'Linux', '0000-00-00 00:00:00'),
(35, 1, '{\"role\":\"1\",\"roleText\":\"System Administrator\",\"name\":\"Administrator\"}', '112.79.48.70', 'Chrome 83.0.4103.116', 'Mozilla/5.0 (X11; Linux x86_64) AppleWebKit/537.36 (KHTML, like Gecko) Chrome/83.0.4103.116 Safari/537.36', 'Linux', '0000-00-00 00:00:00'),
(36, 1, '{\"role\":\"1\",\"roleText\":\"System Administrator\",\"name\":\"Administrator\"}', '42.190.15.202', 'Chrome 84.0.4147.89', 'Mozilla/5.0 (Windows NT 10.0; Win64; x64) AppleWebKit/537.36 (KHTML, like Gecko) Chrome/84.0.4147.89 Safari/537.36 Edg/84.0.522.44', 'Windows 10', '0000-00-00 00:00:00'),
(37, 1, '{\"role\":\"1\",\"roleText\":\"System Administrator\",\"name\":\"Administrator\"}', '14.98.22.14', 'Chrome 78.0.3904.97', 'Mozilla/5.0 (X11; Linux x86_64) AppleWebKit/537.36 (KHTML, like Gecko) Chrome/78.0.3904.97 Safari/537.36', 'Linux', '0000-00-00 00:00:00'),
(38, 1, '{\"role\":\"1\",\"roleText\":\"System Administrator\",\"name\":\"Administrator\"}', '42.190.15.202', 'Chrome 84.0.4147.89', 'Mozilla/5.0 (Windows NT 10.0; Win64; x64) AppleWebKit/537.36 (KHTML, like Gecko) Chrome/84.0.4147.89 Safari/537.36', 'Windows 10', '0000-00-00 00:00:00'),
(39, 1, '{\"role\":\"1\",\"roleText\":\"System Administrator\",\"name\":\"Administrator\"}', '49.206.7.23', 'Chrome 78.0.3904.97', 'Mozilla/5.0 (X11; Linux x86_64) AppleWebKit/537.36 (KHTML, like Gecko) Chrome/78.0.3904.97 Safari/537.36', 'Linux', '0000-00-00 00:00:00'),
(40, 1, '{\"role\":\"1\",\"roleText\":\"System Administrator\",\"name\":\"Administrator\"}', '49.206.7.23', 'Chrome 78.0.3904.97', 'Mozilla/5.0 (X11; Linux x86_64) AppleWebKit/537.36 (KHTML, like Gecko) Chrome/78.0.3904.97 Safari/537.36', 'Linux', '0000-00-00 00:00:00'),
(41, 1, '{\"role\":\"1\",\"roleText\":\"System Administrator\",\"name\":\"Administrator\"}', '49.206.7.23', 'Chrome 78.0.3904.97', 'Mozilla/5.0 (X11; Linux x86_64) AppleWebKit/537.36 (KHTML, like Gecko) Chrome/78.0.3904.97 Safari/537.36', 'Linux', '0000-00-00 00:00:00'),
(42, 1, '{\"role\":\"1\",\"roleText\":\"System Administrator\",\"name\":\"Administrator\"}', '49.206.7.23', 'Chrome 78.0.3904.97', 'Mozilla/5.0 (X11; Linux x86_64) AppleWebKit/537.36 (KHTML, like Gecko) Chrome/78.0.3904.97 Safari/537.36', 'Linux', '0000-00-00 00:00:00'),
(43, 1, '{\"role\":\"1\",\"roleText\":\"System Administrator\",\"name\":\"Administrator\"}', '157.45.15.79', 'Chrome 83.0.4103.116', 'Mozilla/5.0 (X11; Linux x86_64) AppleWebKit/537.36 (KHTML, like Gecko) Chrome/83.0.4103.116 Safari/537.36', 'Linux', '0000-00-00 00:00:00'),
(44, 1, '{\"role\":\"1\",\"roleText\":\"System Administrator\",\"name\":\"Administrator\"}', '117.230.160.152', 'Chrome 83.0.4103.116', 'Mozilla/5.0 (X11; Linux x86_64) AppleWebKit/537.36 (KHTML, like Gecko) Chrome/83.0.4103.116 Safari/537.36', 'Linux', '0000-00-00 00:00:00'),
(45, 1, '{\"role\":\"1\",\"roleText\":\"System Administrator\",\"name\":\"Administrator\"}', '157.45.15.79', 'Chrome 83.0.4103.116', 'Mozilla/5.0 (X11; Linux x86_64) AppleWebKit/537.36 (KHTML, like Gecko) Chrome/83.0.4103.116 Safari/537.36', 'Linux', '0000-00-00 00:00:00'),
(46, 1, '{\"role\":\"1\",\"roleText\":\"System Administrator\",\"name\":\"Administrator\"}', '42.190.15.202', 'Chrome 84.0.4147.105', 'Mozilla/5.0 (Windows NT 10.0; Win64; x64) AppleWebKit/537.36 (KHTML, like Gecko) Chrome/84.0.4147.105 Safari/537.36 Edg/84.0.522.52', 'Windows 10', '0000-00-00 00:00:00'),
(47, 1, '{\"role\":\"1\",\"roleText\":\"System Administrator\",\"name\":\"Administrator\"}', '124.123.104.139', 'Chrome 78.0.3904.97', 'Mozilla/5.0 (X11; Linux x86_64) AppleWebKit/537.36 (KHTML, like Gecko) Chrome/78.0.3904.97 Safari/537.36', 'Linux', '0000-00-00 00:00:00'),
(48, 1, '{\"role\":\"1\",\"roleText\":\"System Administrator\",\"name\":\"Administrator\"}', '49.206.7.23', 'Chrome 78.0.3904.97', 'Mozilla/5.0 (X11; Linux x86_64) AppleWebKit/537.36 (KHTML, like Gecko) Chrome/78.0.3904.97 Safari/537.36', 'Linux', '0000-00-00 00:00:00'),
(49, 1, '{\"role\":\"1\",\"roleText\":\"System Administrator\",\"name\":\"Administrator\"}', '112.79.80.205', 'Chrome 83.0.4103.116', 'Mozilla/5.0 (X11; Linux x86_64) AppleWebKit/537.36 (KHTML, like Gecko) Chrome/83.0.4103.116 Safari/537.36', 'Linux', '0000-00-00 00:00:00'),
(50, 1, '{\"role\":\"1\",\"roleText\":\"System Administrator\",\"name\":\"Administrator\"}', '112.79.90.175', 'Chrome 83.0.4103.116', 'Mozilla/5.0 (X11; Linux x86_64) AppleWebKit/537.36 (KHTML, like Gecko) Chrome/83.0.4103.116 Safari/537.36', 'Linux', '0000-00-00 00:00:00'),
(51, 1, '{\"role\":\"1\",\"roleText\":\"System Administrator\",\"name\":\"Administrator\"}', '49.206.7.23', 'Chrome 78.0.3904.97', 'Mozilla/5.0 (X11; Linux x86_64) AppleWebKit/537.36 (KHTML, like Gecko) Chrome/78.0.3904.97 Safari/537.36', 'Linux', '0000-00-00 00:00:00'),
(52, 1, '{\"role\":\"1\",\"roleText\":\"System Administrator\",\"name\":\"Administrator\"}', '42.190.15.202', 'Chrome 84.0.4147.105', 'Mozilla/5.0 (Windows NT 10.0; Win64; x64) AppleWebKit/537.36 (KHTML, like Gecko) Chrome/84.0.4147.105 Safari/537.36 Edg/84.0.522.52', 'Windows 10', '0000-00-00 00:00:00'),
(53, 1, '{\"role\":\"1\",\"roleText\":\"System Administrator\",\"name\":\"Administrator\"}', '112.79.88.194', 'Chrome 83.0.4103.116', 'Mozilla/5.0 (X11; Linux x86_64) AppleWebKit/537.36 (KHTML, like Gecko) Chrome/83.0.4103.116 Safari/537.36', 'Linux', '0000-00-00 00:00:00'),
(54, 1, '{\"role\":\"1\",\"roleText\":\"System Administrator\",\"name\":\"Administrator\"}', '112.79.52.202', 'Chrome 83.0.4103.116', 'Mozilla/5.0 (X11; Linux x86_64) AppleWebKit/537.36 (KHTML, like Gecko) Chrome/83.0.4103.116 Safari/537.36', 'Linux', '0000-00-00 00:00:00'),
(55, 1, '{\"role\":\"1\",\"roleText\":\"System Administrator\",\"name\":\"Administrator\"}', '49.206.7.23', 'Chrome 78.0.3904.97', 'Mozilla/5.0 (X11; Linux x86_64) AppleWebKit/537.36 (KHTML, like Gecko) Chrome/78.0.3904.97 Safari/537.36', 'Linux', '0000-00-00 00:00:00'),
(56, 1, '{\"role\":\"1\",\"roleText\":\"System Administrator\",\"name\":\"Administrator\"}', '157.49.169.254', 'Chrome 83.0.4103.116', 'Mozilla/5.0 (X11; Linux x86_64) AppleWebKit/537.36 (KHTML, like Gecko) Chrome/83.0.4103.116 Safari/537.36', 'Linux', '0000-00-00 00:00:00'),
(57, 1, '{\"role\":\"1\",\"roleText\":\"System Administrator\",\"name\":\"Administrator\"}', '112.79.51.4', 'Chrome 83.0.4103.116', 'Mozilla/5.0 (X11; Linux x86_64) AppleWebKit/537.36 (KHTML, like Gecko) Chrome/83.0.4103.116 Safari/537.36', 'Linux', '0000-00-00 00:00:00'),
(58, 1, '{\"role\":\"1\",\"roleText\":\"System Administrator\",\"name\":\"Administrator\"}', '124.123.104.139', 'Chrome 84.0.4147.105', 'Mozilla/5.0 (Windows NT 10.0; Win64; x64) AppleWebKit/537.36 (KHTML, like Gecko) Chrome/84.0.4147.105 Safari/537.36', 'Windows 10', '0000-00-00 00:00:00'),
(59, 1, '{\"role\":\"1\",\"roleText\":\"System Administrator\",\"name\":\"Administrator\"}', '157.49.170.225', 'Chrome 83.0.4103.116', 'Mozilla/5.0 (X11; Linux x86_64) AppleWebKit/537.36 (KHTML, like Gecko) Chrome/83.0.4103.116 Safari/537.36', 'Linux', '0000-00-00 00:00:00'),
(60, 1, '{\"role\":\"1\",\"roleText\":\"System Administrator\",\"name\":\"Administrator\"}', '42.190.15.202', 'Chrome 84.0.4147.105', 'Mozilla/5.0 (Windows NT 10.0; Win64; x64) AppleWebKit/537.36 (KHTML, like Gecko) Chrome/84.0.4147.105 Safari/537.36 Edg/84.0.522.52', 'Windows 10', '0000-00-00 00:00:00'),
(61, 1, '{\"role\":\"1\",\"roleText\":\"System Administrator\",\"name\":\"Administrator\"}', '157.49.191.89', 'Chrome 83.0.4103.116', 'Mozilla/5.0 (X11; Linux x86_64) AppleWebKit/537.36 (KHTML, like Gecko) Chrome/83.0.4103.116 Safari/537.36', 'Linux', '0000-00-00 00:00:00'),
(62, 1, '{\"role\":\"1\",\"roleText\":\"System Administrator\",\"name\":\"Administrator\"}', '112.79.49.44', 'Chrome 83.0.4103.116', 'Mozilla/5.0 (X11; Linux x86_64) AppleWebKit/537.36 (KHTML, like Gecko) Chrome/83.0.4103.116 Safari/537.36', 'Linux', '0000-00-00 00:00:00'),
(63, 1, '{\"role\":\"1\",\"roleText\":\"System Administrator\",\"name\":\"Administrator\"}', '42.190.15.202', 'Chrome 84.0.4147.105', 'Mozilla/5.0 (Windows NT 10.0; Win64; x64) AppleWebKit/537.36 (KHTML, like Gecko) Chrome/84.0.4147.105 Safari/537.36 Edg/84.0.522.52', 'Windows 10', '0000-00-00 00:00:00'),
(64, 1, '{\"role\":\"1\",\"roleText\":\"System Administrator\",\"name\":\"Administrator\"}', '49.206.7.23', 'Chrome 78.0.3904.97', 'Mozilla/5.0 (X11; Linux x86_64) AppleWebKit/537.36 (KHTML, like Gecko) Chrome/78.0.3904.97 Safari/537.36', 'Linux', '0000-00-00 00:00:00'),
(65, 1, '{\"role\":\"1\",\"roleText\":\"System Administrator\",\"name\":\"Administrator\"}', '157.49.133.61', 'Chrome 83.0.4103.116', 'Mozilla/5.0 (X11; Linux x86_64) AppleWebKit/537.36 (KHTML, like Gecko) Chrome/83.0.4103.116 Safari/537.36', 'Linux', '0000-00-00 00:00:00'),
(66, 1, '{\"role\":\"1\",\"roleText\":\"System Administrator\",\"name\":\"Administrator\"}', '157.49.133.61', 'Chrome 83.0.4103.116', 'Mozilla/5.0 (X11; Linux x86_64) AppleWebKit/537.36 (KHTML, like Gecko) Chrome/83.0.4103.116 Safari/537.36', 'Linux', '0000-00-00 00:00:00'),
(67, 1, '{\"role\":\"1\",\"roleText\":\"System Administrator\",\"name\":\"Administrator\"}', '42.190.15.202', 'Chrome 84.0.4147.105', 'Mozilla/5.0 (Windows NT 10.0; Win64; x64) AppleWebKit/537.36 (KHTML, like Gecko) Chrome/84.0.4147.105 Safari/537.36 Edg/84.0.522.52', 'Windows 10', '0000-00-00 00:00:00'),
(68, 1, '{\"role\":\"1\",\"roleText\":\"System Administrator\",\"name\":\"Administrator\"}', '49.206.7.23', 'Chrome 78.0.3904.97', 'Mozilla/5.0 (X11; Linux x86_64) AppleWebKit/537.36 (KHTML, like Gecko) Chrome/78.0.3904.97 Safari/537.36', 'Linux', '0000-00-00 00:00:00'),
(69, 1, '{\"role\":\"1\",\"roleText\":\"System Administrator\",\"name\":\"Administrator\"}', '49.206.7.23', 'Chrome 78.0.3904.97', 'Mozilla/5.0 (X11; Linux x86_64) AppleWebKit/537.36 (KHTML, like Gecko) Chrome/78.0.3904.97 Safari/537.36', 'Linux', '0000-00-00 00:00:00'),
(70, 1, '{\"role\":\"1\",\"roleText\":\"System Administrator\",\"name\":\"Administrator\"}', '112.79.51.100', 'Chrome 83.0.4103.116', 'Mozilla/5.0 (X11; Linux x86_64) AppleWebKit/537.36 (KHTML, like Gecko) Chrome/83.0.4103.116 Safari/537.36', 'Linux', '0000-00-00 00:00:00'),
(71, 1, '{\"role\":\"1\",\"roleText\":\"System Administrator\",\"name\":\"Administrator\"}', '42.190.15.202', 'Chrome 84.0.4147.105', 'Mozilla/5.0 (Windows NT 10.0; Win64; x64) AppleWebKit/537.36 (KHTML, like Gecko) Chrome/84.0.4147.105 Safari/537.36 Edg/84.0.522.52', 'Windows 10', '0000-00-00 00:00:00'),
(72, 1, '{\"role\":\"1\",\"roleText\":\"System Administrator\",\"name\":\"Administrator\"}', '42.190.15.202', 'Chrome 84.0.4147.105', 'Mozilla/5.0 (Windows NT 10.0; Win64; x64) AppleWebKit/537.36 (KHTML, like Gecko) Chrome/84.0.4147.105 Safari/537.36 Edg/84.0.522.52', 'Windows 10', '0000-00-00 00:00:00'),
(73, 1, '{\"role\":\"1\",\"roleText\":\"System Administrator\",\"name\":\"Administrator\"}', '49.206.7.23', 'Chrome 78.0.3904.97', 'Mozilla/5.0 (X11; Linux x86_64) AppleWebKit/537.36 (KHTML, like Gecko) Chrome/78.0.3904.97 Safari/537.36', 'Linux', '0000-00-00 00:00:00'),
(74, 1, '{\"role\":\"1\",\"roleText\":\"System Administrator\",\"name\":\"Administrator\"}', '157.49.133.58', 'Chrome 83.0.4103.116', 'Mozilla/5.0 (X11; Linux x86_64) AppleWebKit/537.36 (KHTML, like Gecko) Chrome/83.0.4103.116 Safari/537.36', 'Linux', '0000-00-00 00:00:00'),
(75, 1, '{\"role\":\"1\",\"roleText\":\"System Administrator\",\"name\":\"Administrator\"}', '112.79.49.45', 'Chrome 83.0.4103.116', 'Mozilla/5.0 (X11; Linux x86_64) AppleWebKit/537.36 (KHTML, like Gecko) Chrome/83.0.4103.116 Safari/537.36', 'Linux', '0000-00-00 00:00:00'),
(76, 1, '{\"role\":\"1\",\"roleText\":\"System Administrator\",\"name\":\"Administrator\"}', '42.190.56.252', 'Chrome 84.0.4147.105', 'Mozilla/5.0 (Windows NT 10.0; Win64; x64) AppleWebKit/537.36 (KHTML, like Gecko) Chrome/84.0.4147.105 Safari/537.36 Edg/84.0.522.52', 'Windows 10', '0000-00-00 00:00:00'),
(77, 1, '{\"role\":\"1\",\"roleText\":\"System Administrator\",\"name\":\"Administrator\"}', '49.206.7.23', 'Chrome 78.0.3904.97', 'Mozilla/5.0 (X11; Linux x86_64) AppleWebKit/537.36 (KHTML, like Gecko) Chrome/78.0.3904.97 Safari/537.36', 'Linux', '0000-00-00 00:00:00'),
(78, 1, '{\"role\":\"1\",\"roleText\":\"System Administrator\",\"name\":\"Administrator\"}', '49.206.7.23', 'Chrome 78.0.3904.97', 'Mozilla/5.0 (X11; Linux x86_64) AppleWebKit/537.36 (KHTML, like Gecko) Chrome/78.0.3904.97 Safari/537.36', 'Linux', '0000-00-00 00:00:00'),
(79, 1, '{\"role\":\"1\",\"roleText\":\"System Administrator\",\"name\":\"Administrator\"}', '42.190.31.233', 'Chrome 84.0.4147.105', 'Mozilla/5.0 (Windows NT 10.0; Win64; x64) AppleWebKit/537.36 (KHTML, like Gecko) Chrome/84.0.4147.105 Safari/537.36 Edg/84.0.522.52', 'Windows 10', '0000-00-00 00:00:00'),
(80, 1, '{\"role\":\"1\",\"roleText\":\"System Administrator\",\"name\":\"Administrator\"}', '42.190.31.233', 'Chrome 84.0.4147.105', 'Mozilla/5.0 (Windows NT 10.0; Win64; x64) AppleWebKit/537.36 (KHTML, like Gecko) Chrome/84.0.4147.105 Safari/537.36 Edg/84.0.522.52', 'Windows 10', '0000-00-00 00:00:00'),
(81, 1, '{\"role\":\"1\",\"roleText\":\"System Administrator\",\"name\":\"Administrator\"}', '49.206.7.23', 'Chrome 78.0.3904.97', 'Mozilla/5.0 (X11; Linux x86_64) AppleWebKit/537.36 (KHTML, like Gecko) Chrome/78.0.3904.97 Safari/537.36', 'Linux', '0000-00-00 00:00:00'),
(82, 1, '{\"role\":\"1\",\"roleText\":\"System Administrator\",\"name\":\"Administrator\"}', '112.79.80.180', 'Chrome 83.0.4103.116', 'Mozilla/5.0 (X11; Linux x86_64) AppleWebKit/537.36 (KHTML, like Gecko) Chrome/83.0.4103.116 Safari/537.36', 'Linux', '0000-00-00 00:00:00'),
(83, 1, '{\"role\":\"1\",\"roleText\":\"System Administrator\",\"name\":\"Administrator\"}', '106.197.221.48', 'Chrome 78.0.3904.97', 'Mozilla/5.0 (X11; Linux x86_64) AppleWebKit/537.36 (KHTML, like Gecko) Chrome/78.0.3904.97 Safari/537.36', 'Linux', '0000-00-00 00:00:00'),
(84, 1, '{\"role\":\"1\",\"roleText\":\"System Administrator\",\"name\":\"Administrator\"}', '112.79.88.170', 'Chrome 83.0.4103.116', 'Mozilla/5.0 (X11; Linux x86_64) AppleWebKit/537.36 (KHTML, like Gecko) Chrome/83.0.4103.116 Safari/537.36', 'Linux', '0000-00-00 00:00:00'),
(85, 1, '{\"role\":\"1\",\"roleText\":\"System Administrator\",\"name\":\"Administrator\"}', '42.190.31.233', 'Chrome 79.0.3945.136', 'Mozilla/5.0 (Linux; Android 10; SAMSUNG SM-N960F) AppleWebKit/537.36 (KHTML, like Gecko) SamsungBrowser/12.0 Chrome/79.0.3945.136 Mobile Safari/537.36', 'Android', '0000-00-00 00:00:00'),
(86, 1, '{\"role\":\"1\",\"roleText\":\"System Administrator\",\"name\":\"Administrator\"}', '42.190.31.233', 'Chrome 84.0.4147.105', 'Mozilla/5.0 (Windows NT 10.0; Win64; x64) AppleWebKit/537.36 (KHTML, like Gecko) Chrome/84.0.4147.105 Safari/537.36 Edg/84.0.522.58', 'Windows 10', '0000-00-00 00:00:00'),
(87, 1, '{\"role\":\"1\",\"roleText\":\"System Administrator\",\"name\":\"Administrator\"}', '106.197.199.72', 'Chrome 78.0.3904.97', 'Mozilla/5.0 (X11; Linux x86_64) AppleWebKit/537.36 (KHTML, like Gecko) Chrome/78.0.3904.97 Safari/537.36', 'Linux', '0000-00-00 00:00:00'),
(88, 1, '{\"role\":\"1\",\"roleText\":\"System Administrator\",\"name\":\"Administrator\"}', '106.197.199.72', 'Chrome 78.0.3904.97', 'Mozilla/5.0 (X11; Linux x86_64) AppleWebKit/537.36 (KHTML, like Gecko) Chrome/78.0.3904.97 Safari/537.36', 'Linux', '0000-00-00 00:00:00'),
(89, 1, '{\"role\":\"1\",\"roleText\":\"System Administrator\",\"name\":\"Administrator\"}', '117.230.26.220', 'Chrome 83.0.4103.116', 'Mozilla/5.0 (X11; Linux x86_64) AppleWebKit/537.36 (KHTML, like Gecko) Chrome/83.0.4103.116 Safari/537.36', 'Linux', '0000-00-00 00:00:00'),
(90, 1, '{\"role\":\"1\",\"roleText\":\"System Administrator\",\"name\":\"Administrator\"}', '157.49.172.59', 'Chrome 78.0.3904.97', 'Mozilla/5.0 (X11; Linux x86_64) AppleWebKit/537.36 (KHTML, like Gecko) Chrome/78.0.3904.97 Safari/537.36', 'Linux', '0000-00-00 00:00:00'),
(91, 1, '{\"role\":\"1\",\"roleText\":\"System Administrator\",\"name\":\"Administrator\"}', '42.190.31.233', 'Chrome 84.0.4147.105', 'Mozilla/5.0 (Windows NT 10.0; Win64; x64) AppleWebKit/537.36 (KHTML, like Gecko) Chrome/84.0.4147.105 Safari/537.36 Edg/84.0.522.58', 'Windows 10', '0000-00-00 00:00:00'),
(92, 1, '{\"role\":\"1\",\"roleText\":\"System Administrator\",\"name\":\"Administrator\"}', '157.49.172.59', 'Chrome 78.0.3904.97', 'Mozilla/5.0 (X11; Linux x86_64) AppleWebKit/537.36 (KHTML, like Gecko) Chrome/78.0.3904.97 Safari/537.36', 'Linux', '0000-00-00 00:00:00'),
(93, 1, '{\"role\":\"1\",\"roleText\":\"System Administrator\",\"name\":\"Administrator\"}', '157.45.95.195', 'Chrome 83.0.4103.116', 'Mozilla/5.0 (X11; Linux x86_64) AppleWebKit/537.36 (KHTML, like Gecko) Chrome/83.0.4103.116 Safari/537.36', 'Linux', '0000-00-00 00:00:00'),
(94, 1, '{\"role\":\"1\",\"roleText\":\"System Administrator\",\"name\":\"Administrator\"}', '117.230.149.115', 'Chrome 83.0.4103.116', 'Mozilla/5.0 (X11; Linux x86_64) AppleWebKit/537.36 (KHTML, like Gecko) Chrome/83.0.4103.116 Safari/537.36', 'Linux', '0000-00-00 00:00:00'),
(95, 1, '{\"role\":\"1\",\"roleText\":\"System Administrator\",\"name\":\"Administrator\"}', '49.206.4.152', 'Safari 604.1', 'Mozilla/5.0 (iPhone; CPU iPhone OS 13_5 like Mac OS X) AppleWebKit/605.1.15 (KHTML, like Gecko) CriOS/84.0.4147.71 Mobile/15E148 Safari/604.1', 'iOS', '0000-00-00 00:00:00'),
(96, 1, '{\"role\":\"1\",\"roleText\":\"System Administrator\",\"name\":\"Administrator\"}', '49.206.4.152', 'Safari 604.1', 'Mozilla/5.0 (iPhone; CPU iPhone OS 13_5 like Mac OS X) AppleWebKit/605.1.15 (KHTML, like Gecko) CriOS/84.0.4147.71 Mobile/15E148 Safari/604.1', 'iOS', '0000-00-00 00:00:00'),
(97, 1, '{\"role\":\"1\",\"roleText\":\"System Administrator\",\"name\":\"Administrator\"}', '112.79.80.70', 'Chrome 83.0.4103.116', 'Mozilla/5.0 (X11; Linux x86_64) AppleWebKit/537.36 (KHTML, like Gecko) Chrome/83.0.4103.116 Safari/537.36', 'Linux', '0000-00-00 00:00:00'),
(98, 1, '{\"role\":\"1\",\"roleText\":\"System Administrator\",\"name\":\"Administrator\"}', '49.206.4.152', 'Chrome 78.0.3904.97', 'Mozilla/5.0 (X11; Linux x86_64) AppleWebKit/537.36 (KHTML, like Gecko) Chrome/78.0.3904.97 Safari/537.36', 'Linux', '0000-00-00 00:00:00'),
(99, 1, '{\"role\":\"1\",\"roleText\":\"System Administrator\",\"name\":\"Administrator\"}', '49.206.4.152', 'Chrome 78.0.3904.97', 'Mozilla/5.0 (X11; Linux x86_64) AppleWebKit/537.36 (KHTML, like Gecko) Chrome/78.0.3904.97 Safari/537.36', 'Linux', '0000-00-00 00:00:00'),
(100, 1, '{\"role\":\"1\",\"roleText\":\"System Administrator\",\"name\":\"Administrator\"}', '49.206.4.152', 'Chrome 78.0.3904.97', 'Mozilla/5.0 (X11; Linux x86_64) AppleWebKit/537.36 (KHTML, like Gecko) Chrome/78.0.3904.97 Safari/537.36', 'Linux', '0000-00-00 00:00:00'),
(101, 1, '{\"role\":\"1\",\"roleText\":\"System Administrator\",\"name\":\"Administrator\"}', '49.206.4.152', 'Chrome 78.0.3904.97', 'Mozilla/5.0 (X11; Linux x86_64) AppleWebKit/537.36 (KHTML, like Gecko) Chrome/78.0.3904.97 Safari/537.36', 'Linux', '0000-00-00 00:00:00'),
(102, 1, '{\"role\":\"1\",\"roleText\":\"System Administrator\",\"name\":\"Administrator\"}', '112.79.53.166', 'Chrome 83.0.4103.116', 'Mozilla/5.0 (X11; Linux x86_64) AppleWebKit/537.36 (KHTML, like Gecko) Chrome/83.0.4103.116 Safari/537.36', 'Linux', '0000-00-00 00:00:00'),
(103, 1, '{\"role\":\"1\",\"roleText\":\"System Administrator\",\"name\":\"Administrator\"}', '49.206.4.152', 'Chrome 78.0.3904.97', 'Mozilla/5.0 (X11; Linux x86_64) AppleWebKit/537.36 (KHTML, like Gecko) Chrome/78.0.3904.97 Safari/537.36', 'Linux', '0000-00-00 00:00:00'),
(104, 1, '{\"role\":\"1\",\"roleText\":\"System Administrator\",\"name\":\"Administrator\"}', '49.206.4.152', 'Chrome 78.0.3904.97', 'Mozilla/5.0 (X11; Linux x86_64) AppleWebKit/537.36 (KHTML, like Gecko) Chrome/78.0.3904.97 Safari/537.36', 'Linux', '0000-00-00 00:00:00'),
(105, 1, '{\"role\":\"1\",\"roleText\":\"System Administrator\",\"name\":\"Administrator\"}', '157.49.64.114', 'Chrome 83.0.4103.116', 'Mozilla/5.0 (X11; Linux x86_64) AppleWebKit/537.36 (KHTML, like Gecko) Chrome/83.0.4103.116 Safari/537.36', 'Linux', '0000-00-00 00:00:00'),
(106, 1, '{\"role\":\"1\",\"roleText\":\"System Administrator\",\"name\":\"Administrator\"}', '124.123.106.237', 'Chrome 78.0.3904.97', 'Mozilla/5.0 (X11; Linux x86_64) AppleWebKit/537.36 (KHTML, like Gecko) Chrome/78.0.3904.97 Safari/537.36', 'Linux', '0000-00-00 00:00:00'),
(107, 1, '{\"role\":\"1\",\"roleText\":\"System Administrator\",\"name\":\"Administrator\"}', '124.123.106.237', 'Chrome 78.0.3904.97', 'Mozilla/5.0 (X11; Linux x86_64) AppleWebKit/537.36 (KHTML, like Gecko) Chrome/78.0.3904.97 Safari/537.36', 'Linux', '0000-00-00 00:00:00'),
(108, 1, '{\"role\":\"1\",\"roleText\":\"System Administrator\",\"name\":\"Administrator\"}', '157.49.75.38', 'Chrome 83.0.4103.116', 'Mozilla/5.0 (X11; Linux x86_64) AppleWebKit/537.36 (KHTML, like Gecko) Chrome/83.0.4103.116 Safari/537.36', 'Linux', '0000-00-00 00:00:00'),
(109, 1, '{\"role\":\"1\",\"roleText\":\"System Administrator\",\"name\":\"Administrator\"}', '124.123.106.237', 'Chrome 78.0.3904.97', 'Mozilla/5.0 (X11; Linux x86_64) AppleWebKit/537.36 (KHTML, like Gecko) Chrome/78.0.3904.97 Safari/537.36', 'Linux', '0000-00-00 00:00:00'),
(110, 1, '{\"role\":\"1\",\"roleText\":\"System Administrator\",\"name\":\"Administrator\"}', '157.49.67.94', 'Chrome 83.0.4103.116', 'Mozilla/5.0 (X11; Linux x86_64) AppleWebKit/537.36 (KHTML, like Gecko) Chrome/83.0.4103.116 Safari/537.36', 'Linux', '0000-00-00 00:00:00'),
(111, 1, '{\"role\":\"1\",\"roleText\":\"System Administrator\",\"name\":\"Administrator\"}', '49.206.4.152', 'Chrome 78.0.3904.97', 'Mozilla/5.0 (X11; Linux x86_64) AppleWebKit/537.36 (KHTML, like Gecko) Chrome/78.0.3904.97 Safari/537.36', 'Linux', '0000-00-00 00:00:00'),
(112, 1, '{\"role\":\"1\",\"roleText\":\"System Administrator\",\"name\":\"Administrator\"}', '49.206.4.152', 'Chrome 78.0.3904.97', 'Mozilla/5.0 (X11; Linux x86_64) AppleWebKit/537.36 (KHTML, like Gecko) Chrome/78.0.3904.97 Safari/537.36', 'Linux', '0000-00-00 00:00:00'),
(113, 1, '{\"role\":\"1\",\"roleText\":\"System Administrator\",\"name\":\"Administrator\"}', '157.49.67.94', 'Chrome 83.0.4103.116', 'Mozilla/5.0 (X11; Linux x86_64) AppleWebKit/537.36 (KHTML, like Gecko) Chrome/83.0.4103.116 Safari/537.36', 'Linux', '0000-00-00 00:00:00'),
(114, 1, '{\"role\":\"1\",\"roleText\":\"System Administrator\",\"name\":\"Administrator\"}', '49.206.4.152', 'Chrome 78.0.3904.97', 'Mozilla/5.0 (X11; Linux x86_64) AppleWebKit/537.36 (KHTML, like Gecko) Chrome/78.0.3904.97 Safari/537.36', 'Linux', '0000-00-00 00:00:00'),
(115, 1, '{\"role\":\"1\",\"roleText\":\"System Administrator\",\"name\":\"Administrator\"}', '49.206.4.152', 'Chrome 78.0.3904.97', 'Mozilla/5.0 (X11; Linux x86_64) AppleWebKit/537.36 (KHTML, like Gecko) Chrome/78.0.3904.97 Safari/537.36', 'Linux', '0000-00-00 00:00:00'),
(116, 1, '{\"role\":\"1\",\"roleText\":\"System Administrator\",\"name\":\"Administrator\"}', '49.206.4.152', 'Chrome 78.0.3904.97', 'Mozilla/5.0 (X11; Linux x86_64) AppleWebKit/537.36 (KHTML, like Gecko) Chrome/78.0.3904.97 Safari/537.36', 'Linux', '0000-00-00 00:00:00'),
(117, 1, '{\"role\":\"1\",\"roleText\":\"System Administrator\",\"name\":\"Administrator\"}', '157.49.74.131', 'Chrome 83.0.4103.116', 'Mozilla/5.0 (X11; Linux x86_64) AppleWebKit/537.36 (KHTML, like Gecko) Chrome/83.0.4103.116 Safari/537.36', 'Linux', '0000-00-00 00:00:00'),
(118, 1, '{\"role\":\"1\",\"roleText\":\"System Administrator\",\"name\":\"Administrator\"}', '49.206.4.152', 'Chrome 78.0.3904.97', 'Mozilla/5.0 (X11; Linux x86_64) AppleWebKit/537.36 (KHTML, like Gecko) Chrome/78.0.3904.97 Safari/537.36', 'Linux', '0000-00-00 00:00:00'),
(119, 1, '{\"role\":\"1\",\"roleText\":\"System Administrator\",\"name\":\"Administrator\"}', '49.206.4.152', 'Chrome 78.0.3904.97', 'Mozilla/5.0 (X11; Linux x86_64) AppleWebKit/537.36 (KHTML, like Gecko) Chrome/78.0.3904.97 Safari/537.36', 'Linux', '0000-00-00 00:00:00'),
(120, 1, '{\"role\":\"1\",\"roleText\":\"System Administrator\",\"name\":\"Administrator\"}', '157.49.65.8', 'Chrome 83.0.4103.116', 'Mozilla/5.0 (X11; Linux x86_64) AppleWebKit/537.36 (KHTML, like Gecko) Chrome/83.0.4103.116 Safari/537.36', 'Linux', '0000-00-00 00:00:00'),
(121, 1, '{\"role\":\"1\",\"roleText\":\"System Administrator\",\"name\":\"Administrator\"}', '49.206.4.152', 'Chrome 78.0.3904.97', 'Mozilla/5.0 (X11; Linux x86_64) AppleWebKit/537.36 (KHTML, like Gecko) Chrome/78.0.3904.97 Safari/537.36', 'Linux', '0000-00-00 00:00:00'),
(122, 1, '{\"role\":\"1\",\"roleText\":\"System Administrator\",\"name\":\"Administrator\"}', '157.49.72.71', 'Chrome 83.0.4103.116', 'Mozilla/5.0 (X11; Linux x86_64) AppleWebKit/537.36 (KHTML, like Gecko) Chrome/83.0.4103.116 Safari/537.36', 'Linux', '0000-00-00 00:00:00'),
(123, 1, '{\"role\":\"1\",\"roleText\":\"System Administrator\",\"name\":\"Administrator\"}', '49.206.4.152', 'Chrome 78.0.3904.97', 'Mozilla/5.0 (X11; Linux x86_64) AppleWebKit/537.36 (KHTML, like Gecko) Chrome/78.0.3904.97 Safari/537.36', 'Linux', '0000-00-00 00:00:00'),
(124, 1, '{\"role\":\"1\",\"roleText\":\"System Administrator\",\"name\":\"Administrator\"}', '183.171.71.226', 'Chrome 84.0.4147.125', 'Mozilla/5.0 (Windows NT 10.0; Win64; x64) AppleWebKit/537.36 (KHTML, like Gecko) Chrome/84.0.4147.125 Safari/537.36', 'Windows 10', '0000-00-00 00:00:00'),
(125, 1, '{\"role\":\"1\",\"roleText\":\"System Administrator\",\"name\":\"Administrator\"}', '183.171.71.226', 'Chrome 84.0.4147.125', 'Mozilla/5.0 (Windows NT 10.0; Win64; x64) AppleWebKit/537.36 (KHTML, like Gecko) Chrome/84.0.4147.125 Safari/537.36', 'Windows 10', '0000-00-00 00:00:00'),
(126, 1, '{\"role\":\"1\",\"roleText\":\"System Administrator\",\"name\":\"Administrator\"}', '49.206.4.152', 'Chrome 78.0.3904.97', 'Mozilla/5.0 (X11; Linux x86_64) AppleWebKit/537.36 (KHTML, like Gecko) Chrome/78.0.3904.97 Safari/537.36', 'Linux', '0000-00-00 00:00:00'),
(127, 1, '{\"role\":\"1\",\"roleText\":\"System Administrator\",\"name\":\"Administrator\"}', '49.206.4.152', 'Chrome 78.0.3904.97', 'Mozilla/5.0 (X11; Linux x86_64) AppleWebKit/537.36 (KHTML, like Gecko) Chrome/78.0.3904.97 Safari/537.36', 'Linux', '0000-00-00 00:00:00'),
(128, 1, '{\"role\":\"1\",\"roleText\":\"System Administrator\",\"name\":\"Administrator\"}', '183.171.185.78', 'Chrome 84.0.4147.135', 'Mozilla/5.0 (Windows NT 10.0; Win64; x64) AppleWebKit/537.36 (KHTML, like Gecko) Chrome/84.0.4147.135 Safari/537.36', 'Windows 10', '0000-00-00 00:00:00'),
(129, 1, '{\"role\":\"1\",\"roleText\":\"System Administrator\",\"name\":\"Administrator\"}', '49.206.4.152', 'Chrome 78.0.3904.97', 'Mozilla/5.0 (X11; Linux x86_64) AppleWebKit/537.36 (KHTML, like Gecko) Chrome/78.0.3904.97 Safari/537.36', 'Linux', '0000-00-00 00:00:00'),
(130, 1, '{\"role\":\"1\",\"roleText\":\"System Administrator\",\"name\":\"Administrator\"}', '157.49.81.173', 'Chrome 83.0.4103.116', 'Mozilla/5.0 (X11; Linux x86_64) AppleWebKit/537.36 (KHTML, like Gecko) Chrome/83.0.4103.116 Safari/537.36', 'Linux', '0000-00-00 00:00:00'),
(131, 1, '{\"role\":\"1\",\"roleText\":\"System Administrator\",\"name\":\"Administrator\"}', '157.49.75.83', 'Chrome 83.0.4103.116', 'Mozilla/5.0 (X11; Linux x86_64) AppleWebKit/537.36 (KHTML, like Gecko) Chrome/83.0.4103.116 Safari/537.36', 'Linux', '0000-00-00 00:00:00'),
(132, 1, '{\"role\":\"1\",\"roleText\":\"System Administrator\",\"name\":\"Administrator\"}', '157.49.72.21', 'Chrome 83.0.4103.116', 'Mozilla/5.0 (X11; Linux x86_64) AppleWebKit/537.36 (KHTML, like Gecko) Chrome/83.0.4103.116 Safari/537.36', 'Linux', '0000-00-00 00:00:00'),
(133, 1, '{\"role\":\"1\",\"roleText\":\"System Administrator\",\"name\":\"Administrator\"}', '49.206.4.152', 'Chrome 78.0.3904.97', 'Mozilla/5.0 (X11; Linux x86_64) AppleWebKit/537.36 (KHTML, like Gecko) Chrome/78.0.3904.97 Safari/537.36', 'Linux', '0000-00-00 00:00:00'),
(134, 1, '{\"role\":\"1\",\"roleText\":\"System Administrator\",\"name\":\"Administrator\"}', '157.49.72.21', 'Chrome 83.0.4103.116', 'Mozilla/5.0 (X11; Linux x86_64) AppleWebKit/537.36 (KHTML, like Gecko) Chrome/83.0.4103.116 Safari/537.36', 'Linux', '0000-00-00 00:00:00'),
(135, 1, '{\"role\":\"1\",\"roleText\":\"System Administrator\",\"name\":\"Administrator\"}', '49.206.4.152', 'Chrome 78.0.3904.97', 'Mozilla/5.0 (X11; Linux x86_64) AppleWebKit/537.36 (KHTML, like Gecko) Chrome/78.0.3904.97 Safari/537.36', 'Linux', '0000-00-00 00:00:00'),
(136, 1, '{\"role\":\"1\",\"roleText\":\"System Administrator\",\"name\":\"Administrator\"}', '49.206.4.152', 'Chrome 78.0.3904.97', 'Mozilla/5.0 (X11; Linux x86_64) AppleWebKit/537.36 (KHTML, like Gecko) Chrome/78.0.3904.97 Safari/537.36', 'Linux', '0000-00-00 00:00:00'),
(137, 1, '{\"role\":\"1\",\"roleText\":\"System Administrator\",\"name\":\"Administrator\"}', '157.45.45.121', 'Chrome 83.0.4103.116', 'Mozilla/5.0 (X11; Linux x86_64) AppleWebKit/537.36 (KHTML, like Gecko) Chrome/83.0.4103.116 Safari/537.36', 'Linux', '0000-00-00 00:00:00'),
(138, 1, '{\"role\":\"1\",\"roleText\":\"System Administrator\",\"name\":\"Administrator\"}', '157.45.62.6', 'Chrome 83.0.4103.116', 'Mozilla/5.0 (X11; Linux x86_64) AppleWebKit/537.36 (KHTML, like Gecko) Chrome/83.0.4103.116 Safari/537.36', 'Linux', '0000-00-00 00:00:00'),
(139, 1, '{\"role\":\"1\",\"roleText\":\"System Administrator\",\"name\":\"Administrator\"}', '42.190.31.233', 'Chrome 84.0.4147.135', 'Mozilla/5.0 (Windows NT 10.0; Win64; x64) AppleWebKit/537.36 (KHTML, like Gecko) Chrome/84.0.4147.135 Safari/537.36', 'Windows 10', '0000-00-00 00:00:00'),
(140, 1, '{\"role\":\"1\",\"roleText\":\"System Administrator\",\"name\":\"Administrator\"}', '49.206.4.152', 'Chrome 78.0.3904.97', 'Mozilla/5.0 (X11; Linux x86_64) AppleWebKit/537.36 (KHTML, like Gecko) Chrome/78.0.3904.97 Safari/537.36', 'Linux', '0000-00-00 00:00:00'),
(141, 1, '{\"role\":\"1\",\"roleText\":\"System Administrator\",\"name\":\"Administrator\"}', '157.45.75.202', 'Chrome 83.0.4103.116', 'Mozilla/5.0 (X11; Linux x86_64) AppleWebKit/537.36 (KHTML, like Gecko) Chrome/83.0.4103.116 Safari/537.36', 'Linux', '0000-00-00 00:00:00'),
(142, 1, '{\"role\":\"1\",\"roleText\":\"System Administrator\",\"name\":\"Administrator\"}', '157.45.71.199', 'Chrome 83.0.4103.116', 'Mozilla/5.0 (X11; Linux x86_64) AppleWebKit/537.36 (KHTML, like Gecko) Chrome/83.0.4103.116 Safari/537.36', 'Linux', '0000-00-00 00:00:00'),
(143, 1, '{\"role\":\"1\",\"roleText\":\"System Administrator\",\"name\":\"Administrator\"}', '49.206.4.152', 'Chrome 78.0.3904.97', 'Mozilla/5.0 (X11; Linux x86_64) AppleWebKit/537.36 (KHTML, like Gecko) Chrome/78.0.3904.97 Safari/537.36', 'Linux', '0000-00-00 00:00:00'),
(144, 1, '{\"role\":\"1\",\"roleText\":\"System Administrator\",\"name\":\"Administrator\"}', '42.190.31.233', 'Chrome 84.0.4147.135', 'Mozilla/5.0 (Windows NT 10.0; Win64; x64) AppleWebKit/537.36 (KHTML, like Gecko) Chrome/84.0.4147.135 Safari/537.36', 'Windows 10', '0000-00-00 00:00:00'),
(145, 1, '{\"role\":\"1\",\"roleText\":\"System Administrator\",\"name\":\"Administrator\"}', '157.45.69.83', 'Chrome 83.0.4103.116', 'Mozilla/5.0 (X11; Linux x86_64) AppleWebKit/537.36 (KHTML, like Gecko) Chrome/83.0.4103.116 Safari/537.36', 'Linux', '0000-00-00 00:00:00'),
(146, 1, '{\"role\":\"1\",\"roleText\":\"System Administrator\",\"name\":\"Administrator\"}', '49.206.4.152', 'Chrome 78.0.3904.97', 'Mozilla/5.0 (X11; Linux x86_64) AppleWebKit/537.36 (KHTML, like Gecko) Chrome/78.0.3904.97 Safari/537.36', 'Linux', '0000-00-00 00:00:00'),
(147, 1, '{\"role\":\"1\",\"roleText\":\"System Administrator\",\"name\":\"Administrator\"}', '157.45.72.147', 'Chrome 83.0.4103.116', 'Mozilla/5.0 (X11; Linux x86_64) AppleWebKit/537.36 (KHTML, like Gecko) Chrome/83.0.4103.116 Safari/537.36', 'Linux', '0000-00-00 00:00:00'),
(148, 1, '{\"role\":\"1\",\"roleText\":\"System Administrator\",\"name\":\"Administrator\"}', '49.206.4.152', 'Chrome 78.0.3904.97', 'Mozilla/5.0 (X11; Linux x86_64) AppleWebKit/537.36 (KHTML, like Gecko) Chrome/78.0.3904.97 Safari/537.36', 'Linux', '0000-00-00 00:00:00'),
(149, 1, '{\"role\":\"1\",\"roleText\":\"System Administrator\",\"name\":\"Administrator\"}', '157.45.89.27', 'Chrome 83.0.4103.116', 'Mozilla/5.0 (X11; Linux x86_64) AppleWebKit/537.36 (KHTML, like Gecko) Chrome/83.0.4103.116 Safari/537.36', 'Linux', '0000-00-00 00:00:00'),
(150, 1, '{\"role\":\"1\",\"roleText\":\"System Administrator\",\"name\":\"Administrator\"}', '157.49.147.228', 'Chrome 83.0.4103.116', 'Mozilla/5.0 (X11; Linux x86_64) AppleWebKit/537.36 (KHTML, like Gecko) Chrome/83.0.4103.116 Safari/537.36', 'Linux', '0000-00-00 00:00:00'),
(151, 1, '{\"role\":\"1\",\"roleText\":\"System Administrator\",\"name\":\"Administrator\"}', '157.45.88.85', 'Chrome 83.0.4103.116', 'Mozilla/5.0 (X11; Linux x86_64) AppleWebKit/537.36 (KHTML, like Gecko) Chrome/83.0.4103.116 Safari/537.36', 'Linux', '0000-00-00 00:00:00'),
(152, 1, '{\"role\":\"1\",\"roleText\":\"System Administrator\",\"name\":\"Administrator\"}', '42.190.31.233', 'Chrome 84.0.4147.135', 'Mozilla/5.0 (Windows NT 10.0; Win64; x64) AppleWebKit/537.36 (KHTML, like Gecko) Chrome/84.0.4147.135 Safari/537.36', 'Windows 10', '0000-00-00 00:00:00'),
(153, 1, '{\"role\":\"1\",\"roleText\":\"System Administrator\",\"name\":\"Administrator\"}', '49.206.4.152', 'Chrome 78.0.3904.97', 'Mozilla/5.0 (X11; Linux x86_64) AppleWebKit/537.36 (KHTML, like Gecko) Chrome/78.0.3904.97 Safari/537.36', 'Linux', '0000-00-00 00:00:00'),
(154, 1, '{\"role\":\"1\",\"roleText\":\"System Administrator\",\"name\":\"Administrator\"}', '42.190.31.233', 'Chrome 84.0.4147.135', 'Mozilla/5.0 (Windows NT 10.0; Win64; x64) AppleWebKit/537.36 (KHTML, like Gecko) Chrome/84.0.4147.135 Safari/537.36', 'Windows 10', '0000-00-00 00:00:00'),
(155, 1, '{\"role\":\"1\",\"roleText\":\"System Administrator\",\"name\":\"Administrator\"}', '157.49.189.149', 'Chrome 83.0.4103.116', 'Mozilla/5.0 (X11; Linux x86_64) AppleWebKit/537.36 (KHTML, like Gecko) Chrome/83.0.4103.116 Safari/537.36', 'Linux', '0000-00-00 00:00:00'),
(156, 1, '{\"role\":\"1\",\"roleText\":\"System Administrator\",\"name\":\"Administrator\"}', '42.190.31.233', 'Chrome 84.0.4147.135', 'Mozilla/5.0 (Windows NT 10.0; Win64; x64) AppleWebKit/537.36 (KHTML, like Gecko) Chrome/84.0.4147.135 Safari/537.36', 'Windows 10', '0000-00-00 00:00:00'),
(157, 1, '{\"role\":\"1\",\"roleText\":\"System Administrator\",\"name\":\"Administrator\"}', '49.206.4.152', 'Chrome 78.0.3904.97', 'Mozilla/5.0 (X11; Linux x86_64) AppleWebKit/537.36 (KHTML, like Gecko) Chrome/78.0.3904.97 Safari/537.36', 'Linux', '0000-00-00 00:00:00'),
(158, 1, '{\"role\":\"1\",\"roleText\":\"System Administrator\",\"name\":\"Administrator\"}', '157.49.175.138', 'Chrome 83.0.4103.116', 'Mozilla/5.0 (X11; Linux x86_64) AppleWebKit/537.36 (KHTML, like Gecko) Chrome/83.0.4103.116 Safari/537.36', 'Linux', '0000-00-00 00:00:00'),
(159, 1, '{\"role\":\"1\",\"roleText\":\"System Administrator\",\"name\":\"Administrator\"}', '157.49.109.47', 'Chrome 83.0.4103.116', 'Mozilla/5.0 (X11; Linux x86_64) AppleWebKit/537.36 (KHTML, like Gecko) Chrome/83.0.4103.116 Safari/537.36', 'Linux', '0000-00-00 00:00:00'),
(160, 1, '{\"role\":\"1\",\"roleText\":\"System Administrator\",\"name\":\"Administrator\"}', '42.190.31.233', 'Chrome 84.0.4147.135', 'Mozilla/5.0 (Windows NT 10.0; Win64; x64) AppleWebKit/537.36 (KHTML, like Gecko) Chrome/84.0.4147.135 Safari/537.36', 'Windows 10', '0000-00-00 00:00:00'),
(161, 1, '{\"role\":\"1\",\"roleText\":\"System Administrator\",\"name\":\"Administrator\"}', '42.190.31.233', 'Chrome 84.0.4147.135', 'Mozilla/5.0 (Windows NT 10.0; Win64; x64) AppleWebKit/537.36 (KHTML, like Gecko) Chrome/84.0.4147.135 Safari/537.36', 'Windows 10', '0000-00-00 00:00:00'),
(162, 1, '{\"role\":\"1\",\"roleText\":\"System Administrator\",\"name\":\"Administrator\"}', '49.206.4.152', 'Chrome 78.0.3904.97', 'Mozilla/5.0 (X11; Linux x86_64) AppleWebKit/537.36 (KHTML, like Gecko) Chrome/78.0.3904.97 Safari/537.36', 'Linux', '0000-00-00 00:00:00'),
(163, 1, '{\"role\":\"1\",\"roleText\":\"System Administrator\",\"name\":\"Administrator\"}', '112.79.85.46', 'Chrome 83.0.4103.116', 'Mozilla/5.0 (X11; Linux x86_64) AppleWebKit/537.36 (KHTML, like Gecko) Chrome/83.0.4103.116 Safari/537.36', 'Linux', '0000-00-00 00:00:00'),
(164, 1, '{\"role\":\"1\",\"roleText\":\"System Administrator\",\"name\":\"Administrator\"}', '42.190.31.233', 'Chrome 85.0.4183.83', 'Mozilla/5.0 (Windows NT 10.0; Win64; x64) AppleWebKit/537.36 (KHTML, like Gecko) Chrome/85.0.4183.83 Safari/537.36', 'Windows 10', '0000-00-00 00:00:00'),
(165, 1, '{\"role\":\"1\",\"roleText\":\"System Administrator\",\"name\":\"Administrator\"}', '157.45.50.107', 'Chrome 83.0.4103.116', 'Mozilla/5.0 (X11; Linux x86_64) AppleWebKit/537.36 (KHTML, like Gecko) Chrome/83.0.4103.116 Safari/537.36', 'Linux', '0000-00-00 00:00:00'),
(166, 1, '{\"role\":\"1\",\"roleText\":\"System Administrator\",\"name\":\"Administrator\"}', '112.79.92.246', 'Chrome 83.0.4103.116', 'Mozilla/5.0 (X11; Linux x86_64) AppleWebKit/537.36 (KHTML, like Gecko) Chrome/83.0.4103.116 Safari/537.36', 'Linux', '0000-00-00 00:00:00'),
(167, 1, '{\"role\":\"1\",\"roleText\":\"System Administrator\",\"name\":\"Administrator\"}', '157.49.115.47', 'Chrome 83.0.4103.116', 'Mozilla/5.0 (X11; Linux x86_64) AppleWebKit/537.36 (KHTML, like Gecko) Chrome/83.0.4103.116 Safari/537.36', 'Linux', '0000-00-00 00:00:00'),
(168, 1, '{\"role\":\"1\",\"roleText\":\"System Administrator\",\"name\":\"Administrator\"}', '49.206.4.152', 'Chrome 78.0.3904.97', 'Mozilla/5.0 (X11; Linux x86_64) AppleWebKit/537.36 (KHTML, like Gecko) Chrome/78.0.3904.97 Safari/537.36', 'Linux', '0000-00-00 00:00:00'),
(169, 1, '{\"role\":\"1\",\"roleText\":\"System Administrator\",\"name\":\"Administrator\"}', '157.45.43.66', 'Chrome 83.0.4103.116', 'Mozilla/5.0 (X11; Linux x86_64) AppleWebKit/537.36 (KHTML, like Gecko) Chrome/83.0.4103.116 Safari/537.36', 'Linux', '0000-00-00 00:00:00'),
(170, 1, '{\"role\":\"1\",\"roleText\":\"System Administrator\",\"name\":\"Administrator\"}', '42.190.31.233', 'Chrome 85.0.4183.83', 'Mozilla/5.0 (Windows NT 10.0; Win64; x64) AppleWebKit/537.36 (KHTML, like Gecko) Chrome/85.0.4183.83 Safari/537.36', 'Windows 10', '0000-00-00 00:00:00'),
(171, 1, '{\"role\":\"1\",\"roleText\":\"System Administrator\",\"name\":\"Administrator\"}', '42.190.31.233', 'Chrome 85.0.4183.83', 'Mozilla/5.0 (Windows NT 10.0; Win64; x64) AppleWebKit/537.36 (KHTML, like Gecko) Chrome/85.0.4183.83 Safari/537.36', 'Windows 10', '0000-00-00 00:00:00'),
(172, 1, '{\"role\":\"1\",\"roleText\":\"System Administrator\",\"name\":\"Administrator\"}', '157.45.39.199', 'Chrome 83.0.4103.116', 'Mozilla/5.0 (X11; Linux x86_64) AppleWebKit/537.36 (KHTML, like Gecko) Chrome/83.0.4103.116 Safari/537.36', 'Linux', '0000-00-00 00:00:00'),
(173, 1, '{\"role\":\"1\",\"roleText\":\"System Administrator\",\"name\":\"Administrator\"}', '49.206.4.152', 'Safari 604.1', 'Mozilla/5.0 (iPhone; CPU iPhone OS 13_6 like Mac OS X) AppleWebKit/605.1.15 (KHTML, like Gecko) CriOS/85.0.4183.72 Mobile/15E148 Safari/604.1', 'iOS', '0000-00-00 00:00:00'),
(174, 1, '{\"role\":\"1\",\"roleText\":\"System Administrator\",\"name\":\"Administrator\"}', '42.190.31.233', 'Chrome 85.0.4183.83', 'Mozilla/5.0 (Windows NT 10.0; Win64; x64) AppleWebKit/537.36 (KHTML, like Gecko) Chrome/85.0.4183.83 Safari/537.36', 'Windows 10', '0000-00-00 00:00:00'),
(175, 1, '{\"role\":\"1\",\"roleText\":\"System Administrator\",\"name\":\"Administrator\"}', '49.206.4.152', 'Chrome 78.0.3904.97', 'Mozilla/5.0 (X11; Linux x86_64) AppleWebKit/537.36 (KHTML, like Gecko) Chrome/78.0.3904.97 Safari/537.36', 'Linux', '0000-00-00 00:00:00'),
(176, 1, '{\"role\":\"1\",\"roleText\":\"System Administrator\",\"name\":\"Administrator\"}', '157.45.41.100', 'Chrome 83.0.4103.116', 'Mozilla/5.0 (X11; Linux x86_64) AppleWebKit/537.36 (KHTML, like Gecko) Chrome/83.0.4103.116 Safari/537.36', 'Linux', '0000-00-00 00:00:00'),
(177, 1, '{\"role\":\"1\",\"roleText\":\"System Administrator\",\"name\":\"Administrator\"}', '49.206.4.152', 'Chrome 78.0.3904.97', 'Mozilla/5.0 (X11; Linux x86_64) AppleWebKit/537.36 (KHTML, like Gecko) Chrome/78.0.3904.97 Safari/537.36', 'Linux', '0000-00-00 00:00:00'),
(178, 1, '{\"role\":\"1\",\"roleText\":\"System Administrator\",\"name\":\"Administrator\"}', '49.206.4.152', 'Chrome 78.0.3904.97', 'Mozilla/5.0 (X11; Linux x86_64) AppleWebKit/537.36 (KHTML, like Gecko) Chrome/78.0.3904.97 Safari/537.36', 'Linux', '0000-00-00 00:00:00'),
(179, 1, '{\"role\":\"1\",\"roleText\":\"System Administrator\",\"name\":\"Administrator\"}', '49.206.4.152', 'Chrome 78.0.3904.97', 'Mozilla/5.0 (X11; Linux x86_64) AppleWebKit/537.36 (KHTML, like Gecko) Chrome/78.0.3904.97 Safari/537.36', 'Linux', '0000-00-00 00:00:00');
INSERT INTO `tbl_last_login` (`id`, `userId`, `sessionData`, `machineIp`, `userAgent`, `agentString`, `platform`, `createdDtm`) VALUES
(180, 1, '{\"role\":\"1\",\"roleText\":\"System Administrator\",\"name\":\"Administrator\"}', '157.45.56.255', 'Chrome 83.0.4103.116', 'Mozilla/5.0 (X11; Linux x86_64) AppleWebKit/537.36 (KHTML, like Gecko) Chrome/83.0.4103.116 Safari/537.36', 'Linux', '0000-00-00 00:00:00'),
(181, 1, '{\"role\":\"1\",\"roleText\":\"System Administrator\",\"name\":\"Administrator\"}', '42.190.31.233', 'Chrome 85.0.4183.83', 'Mozilla/5.0 (Windows NT 10.0; Win64; x64) AppleWebKit/537.36 (KHTML, like Gecko) Chrome/85.0.4183.83 Safari/537.36', 'Windows 10', '0000-00-00 00:00:00'),
(182, 1, '{\"role\":\"1\",\"roleText\":\"System Administrator\",\"name\":\"Administrator\"}', '49.206.4.152', 'Chrome 78.0.3904.97', 'Mozilla/5.0 (X11; Linux x86_64) AppleWebKit/537.36 (KHTML, like Gecko) Chrome/78.0.3904.97 Safari/537.36', 'Linux', '0000-00-00 00:00:00'),
(183, 1, '{\"role\":\"1\",\"roleText\":\"System Administrator\",\"name\":\"Administrator\"}', '157.45.44.44', 'Chrome 83.0.4103.116', 'Mozilla/5.0 (X11; Linux x86_64) AppleWebKit/537.36 (KHTML, like Gecko) Chrome/83.0.4103.116 Safari/537.36', 'Linux', '0000-00-00 00:00:00'),
(184, 1, '{\"role\":\"1\",\"roleText\":\"System Administrator\",\"name\":\"Administrator\"}', '42.190.31.233', 'Chrome 85.0.4183.83', 'Mozilla/5.0 (Windows NT 10.0; Win64; x64) AppleWebKit/537.36 (KHTML, like Gecko) Chrome/85.0.4183.83 Safari/537.36', 'Windows 10', '0000-00-00 00:00:00'),
(185, 1, '{\"role\":\"1\",\"roleText\":\"System Administrator\",\"name\":\"Administrator\"}', '157.45.45.28', 'Chrome 83.0.4103.116', 'Mozilla/5.0 (X11; Linux x86_64) AppleWebKit/537.36 (KHTML, like Gecko) Chrome/83.0.4103.116 Safari/537.36', 'Linux', '0000-00-00 00:00:00'),
(186, 1, '{\"role\":\"1\",\"roleText\":\"System Administrator\",\"name\":\"Administrator\"}', '42.190.31.233', 'Chrome 85.0.4183.83', 'Mozilla/5.0 (Windows NT 10.0; Win64; x64) AppleWebKit/537.36 (KHTML, like Gecko) Chrome/85.0.4183.83 Safari/537.36', 'Windows 10', '0000-00-00 00:00:00'),
(187, 1, '{\"role\":\"1\",\"roleText\":\"System Administrator\",\"name\":\"Administrator\"}', '157.45.54.157', 'Chrome 83.0.4103.116', 'Mozilla/5.0 (X11; Linux x86_64) AppleWebKit/537.36 (KHTML, like Gecko) Chrome/83.0.4103.116 Safari/537.36', 'Linux', '0000-00-00 00:00:00'),
(188, 1, '{\"role\":\"1\",\"roleText\":\"System Administrator\",\"name\":\"Administrator\"}', '183.171.96.1', 'Chrome 85.0.4183.83', 'Mozilla/5.0 (Windows NT 10.0; Win64; x64) AppleWebKit/537.36 (KHTML, like Gecko) Chrome/85.0.4183.83 Safari/537.36', 'Windows 10', '0000-00-00 00:00:00'),
(189, 1, '{\"role\":\"1\",\"roleText\":\"System Administrator\",\"name\":\"Administrator\"}', '157.45.63.59', 'Chrome 81.0.4044.111', 'Mozilla/5.0 (X11; Linux x86_64) AppleWebKit/537.36 (KHTML, like Gecko) Chrome/81.0.4044.111 Safari/537.36', 'Linux', '0000-00-00 00:00:00'),
(190, 1, '{\"role\":\"1\",\"roleText\":\"System Administrator\",\"name\":\"Administrator\"}', '112.79.80.127', 'Chrome 83.0.4103.116', 'Mozilla/5.0 (X11; Linux x86_64) AppleWebKit/537.36 (KHTML, like Gecko) Chrome/83.0.4103.116 Safari/537.36', 'Linux', '0000-00-00 00:00:00'),
(191, 1, '{\"role\":\"1\",\"roleText\":\"System Administrator\",\"name\":\"Administrator\"}', '49.206.4.152', 'Chrome 78.0.3904.97', 'Mozilla/5.0 (X11; Linux x86_64) AppleWebKit/537.36 (KHTML, like Gecko) Chrome/78.0.3904.97 Safari/537.36', 'Linux', '0000-00-00 00:00:00'),
(192, 1, '{\"role\":\"1\",\"roleText\":\"System Administrator\",\"name\":\"Administrator\"}', '49.206.4.152', 'Chrome 78.0.3904.97', 'Mozilla/5.0 (X11; Linux x86_64) AppleWebKit/537.36 (KHTML, like Gecko) Chrome/78.0.3904.97 Safari/537.36', 'Linux', '0000-00-00 00:00:00'),
(193, 1, '{\"role\":\"1\",\"roleText\":\"System Administrator\",\"name\":\"Administrator\"}', '112.79.92.89', 'Chrome 83.0.4103.116', 'Mozilla/5.0 (X11; Linux x86_64) AppleWebKit/537.36 (KHTML, like Gecko) Chrome/83.0.4103.116 Safari/537.36', 'Linux', '0000-00-00 00:00:00'),
(194, 1, '{\"role\":\"1\",\"roleText\":\"System Administrator\",\"name\":\"Administrator\"}', '1.39.139.215', 'Safari 604.1', 'Mozilla/5.0 (iPhone; CPU iPhone OS 13_6 like Mac OS X) AppleWebKit/605.1.15 (KHTML, like Gecko) CriOS/85.0.4183.72 Mobile/15E148 Safari/604.1', 'iOS', '0000-00-00 00:00:00'),
(195, 1, '{\"role\":\"1\",\"roleText\":\"System Administrator\",\"name\":\"Administrator\"}', '175.141.143.249', 'Chrome 85.0.4183.83', 'Mozilla/5.0 (Windows NT 10.0; Win64; x64) AppleWebKit/537.36 (KHTML, like Gecko) Chrome/85.0.4183.83 Safari/537.36', 'Windows 10', '0000-00-00 00:00:00'),
(196, 1, '{\"role\":\"1\",\"roleText\":\"System Administrator\",\"name\":\"Administrator\"}', '112.79.80.122', 'Chrome 83.0.4103.116', 'Mozilla/5.0 (X11; Linux x86_64) AppleWebKit/537.36 (KHTML, like Gecko) Chrome/83.0.4103.116 Safari/537.36', 'Linux', '0000-00-00 00:00:00'),
(197, 1, '{\"role\":\"1\",\"roleText\":\"System Administrator\",\"name\":\"Administrator\"}', '112.79.52.253', 'Chrome 83.0.4103.116', 'Mozilla/5.0 (X11; Linux x86_64) AppleWebKit/537.36 (KHTML, like Gecko) Chrome/83.0.4103.116 Safari/537.36', 'Linux', '0000-00-00 00:00:00'),
(198, 1, '{\"role\":\"1\",\"roleText\":\"System Administrator\",\"name\":\"Administrator\"}', '157.45.44.49', 'Chrome 83.0.4103.116', 'Mozilla/5.0 (X11; Linux x86_64) AppleWebKit/537.36 (KHTML, like Gecko) Chrome/83.0.4103.116 Safari/537.36', 'Linux', '0000-00-00 00:00:00'),
(199, 1, '{\"role\":\"1\",\"roleText\":\"System Administrator\",\"name\":\"Administrator\"}', '112.79.51.143', 'Chrome 83.0.4103.116', 'Mozilla/5.0 (X11; Linux x86_64) AppleWebKit/537.36 (KHTML, like Gecko) Chrome/83.0.4103.116 Safari/537.36', 'Linux', '0000-00-00 00:00:00'),
(200, 1, '{\"role\":\"1\",\"roleText\":\"System Administrator\",\"name\":\"Administrator\"}', '49.206.4.152', 'Chrome 78.0.3904.97', 'Mozilla/5.0 (X11; Linux x86_64) AppleWebKit/537.36 (KHTML, like Gecko) Chrome/78.0.3904.97 Safari/537.36', 'Linux', '0000-00-00 00:00:00'),
(201, 1, '{\"role\":\"1\",\"roleText\":\"System Administrator\",\"name\":\"Administrator\"}', '157.45.60.114', 'Chrome 83.0.4103.116', 'Mozilla/5.0 (X11; Linux x86_64) AppleWebKit/537.36 (KHTML, like Gecko) Chrome/83.0.4103.116 Safari/537.36', 'Linux', '0000-00-00 00:00:00'),
(202, 1, '{\"role\":\"1\",\"roleText\":\"System Administrator\",\"name\":\"Administrator\"}', '49.206.4.152', 'Chrome 78.0.3904.97', 'Mozilla/5.0 (X11; Linux x86_64) AppleWebKit/537.36 (KHTML, like Gecko) Chrome/78.0.3904.97 Safari/537.36', 'Linux', '0000-00-00 00:00:00'),
(203, 1, '{\"role\":\"1\",\"roleText\":\"System Administrator\",\"name\":\"Administrator\"}', '157.45.44.99', 'Chrome 83.0.4103.116', 'Mozilla/5.0 (X11; Linux x86_64) AppleWebKit/537.36 (KHTML, like Gecko) Chrome/83.0.4103.116 Safari/537.36', 'Linux', '0000-00-00 00:00:00'),
(204, 1, '{\"role\":\"1\",\"roleText\":\"System Administrator\",\"name\":\"Administrator\"}', '42.190.31.233', 'Chrome 85.0.4183.83', 'Mozilla/5.0 (Windows NT 10.0; Win64; x64) AppleWebKit/537.36 (KHTML, like Gecko) Chrome/85.0.4183.83 Safari/537.36', 'Windows 10', '0000-00-00 00:00:00'),
(205, 1, '{\"role\":\"1\",\"roleText\":\"System Administrator\",\"name\":\"Administrator\"}', '49.206.4.152', 'Chrome 78.0.3904.97', 'Mozilla/5.0 (X11; Linux x86_64) AppleWebKit/537.36 (KHTML, like Gecko) Chrome/78.0.3904.97 Safari/537.36', 'Linux', '0000-00-00 00:00:00'),
(206, 1, '{\"role\":\"1\",\"roleText\":\"System Administrator\",\"name\":\"Administrator\"}', '49.206.4.152', 'Chrome 78.0.3904.97', 'Mozilla/5.0 (X11; Linux x86_64) AppleWebKit/537.36 (KHTML, like Gecko) Chrome/78.0.3904.97 Safari/537.36', 'Linux', '0000-00-00 00:00:00'),
(207, 1, '{\"role\":\"1\",\"roleText\":\"System Administrator\",\"name\":\"Administrator\"}', '157.49.174.157', 'Chrome 83.0.4103.116', 'Mozilla/5.0 (X11; Linux x86_64) AppleWebKit/537.36 (KHTML, like Gecko) Chrome/83.0.4103.116 Safari/537.36', 'Linux', '0000-00-00 00:00:00'),
(208, 1, '{\"role\":\"1\",\"roleText\":\"System Administrator\",\"name\":\"Administrator\"}', '49.206.4.152', 'Chrome 78.0.3904.97', 'Mozilla/5.0 (X11; Linux x86_64) AppleWebKit/537.36 (KHTML, like Gecko) Chrome/78.0.3904.97 Safari/537.36', 'Linux', '0000-00-00 00:00:00'),
(209, 1, '{\"role\":\"1\",\"roleText\":\"System Administrator\",\"name\":\"Administrator\"}', '49.206.4.152', 'Chrome 78.0.3904.97', 'Mozilla/5.0 (X11; Linux x86_64) AppleWebKit/537.36 (KHTML, like Gecko) Chrome/78.0.3904.97 Safari/537.36', 'Linux', '0000-00-00 00:00:00'),
(210, 1, '{\"role\":\"1\",\"roleText\":\"System Administrator\",\"name\":\"Administrator\"}', '157.49.189.60', 'Chrome 83.0.4103.116', 'Mozilla/5.0 (X11; Linux x86_64) AppleWebKit/537.36 (KHTML, like Gecko) Chrome/83.0.4103.116 Safari/537.36', 'Linux', '0000-00-00 00:00:00'),
(211, 1, '{\"role\":\"1\",\"roleText\":\"System Administrator\",\"name\":\"Administrator\"}', '49.206.4.152', 'Chrome 78.0.3904.97', 'Mozilla/5.0 (X11; Linux x86_64) AppleWebKit/537.36 (KHTML, like Gecko) Chrome/78.0.3904.97 Safari/537.36', 'Linux', '0000-00-00 00:00:00'),
(212, 1, '{\"role\":\"1\",\"roleText\":\"System Administrator\",\"name\":\"Administrator\"}', '49.206.4.152', 'Chrome 78.0.3904.97', 'Mozilla/5.0 (X11; Linux x86_64) AppleWebKit/537.36 (KHTML, like Gecko) Chrome/78.0.3904.97 Safari/537.36', 'Linux', '0000-00-00 00:00:00'),
(213, 1, '{\"role\":\"1\",\"roleText\":\"System Administrator\",\"name\":\"Administrator\"}', '49.206.4.152', 'Chrome 78.0.3904.97', 'Mozilla/5.0 (X11; Linux x86_64) AppleWebKit/537.36 (KHTML, like Gecko) Chrome/78.0.3904.97 Safari/537.36', 'Linux', '0000-00-00 00:00:00'),
(214, 1, '{\"role\":\"1\",\"roleText\":\"System Administrator\",\"name\":\"Administrator\"}', '157.49.174.206', 'Chrome 83.0.4103.116', 'Mozilla/5.0 (X11; Linux x86_64) AppleWebKit/537.36 (KHTML, like Gecko) Chrome/83.0.4103.116 Safari/537.36', 'Linux', '0000-00-00 00:00:00'),
(215, 1, '{\"role\":\"1\",\"roleText\":\"System Administrator\",\"name\":\"Administrator\"}', '157.49.174.89', 'Chrome 83.0.4103.116', 'Mozilla/5.0 (X11; Linux x86_64) AppleWebKit/537.36 (KHTML, like Gecko) Chrome/83.0.4103.116 Safari/537.36', 'Linux', '0000-00-00 00:00:00'),
(216, 1, '{\"role\":\"1\",\"roleText\":\"System Administrator\",\"name\":\"Administrator\"}', '157.49.178.137', 'Chrome 85.0.4183.102', 'Mozilla/5.0 (X11; Linux x86_64) AppleWebKit/537.36 (KHTML, like Gecko) Chrome/85.0.4183.102 Safari/537.36', 'Linux', '0000-00-00 00:00:00'),
(217, 1, '{\"role\":\"1\",\"roleText\":\"System Administrator\",\"name\":\"Administrator\"}', '42.190.31.233', 'Chrome 85.0.4183.83', 'Mozilla/5.0 (Windows NT 10.0; Win64; x64) AppleWebKit/537.36 (KHTML, like Gecko) Chrome/85.0.4183.83 Safari/537.36', 'Windows 10', '0000-00-00 00:00:00'),
(218, 1, '{\"role\":\"1\",\"roleText\":\"System Administrator\",\"name\":\"Administrator\"}', '157.49.176.43', 'Chrome 85.0.4183.102', 'Mozilla/5.0 (X11; Linux x86_64) AppleWebKit/537.36 (KHTML, like Gecko) Chrome/85.0.4183.102 Safari/537.36', 'Linux', '0000-00-00 00:00:00'),
(219, 1, '{\"role\":\"1\",\"roleText\":\"System Administrator\",\"name\":\"Administrator\"}', '157.49.166.214', 'Chrome 85.0.4183.102', 'Mozilla/5.0 (X11; Linux x86_64) AppleWebKit/537.36 (KHTML, like Gecko) Chrome/85.0.4183.102 Safari/537.36', 'Linux', '0000-00-00 00:00:00'),
(220, 1, '{\"role\":\"1\",\"roleText\":\"System Administrator\",\"name\":\"Administrator\"}', '49.206.4.152', 'Chrome 78.0.3904.97', 'Mozilla/5.0 (X11; Linux x86_64) AppleWebKit/537.36 (KHTML, like Gecko) Chrome/78.0.3904.97 Safari/537.36', 'Linux', '0000-00-00 00:00:00'),
(221, 1, '{\"role\":\"1\",\"roleText\":\"System Administrator\",\"name\":\"Administrator\"}', '183.171.79.216', 'Chrome 85.0.4183.83', 'Mozilla/5.0 (Windows NT 10.0; Win64; x64) AppleWebKit/537.36 (KHTML, like Gecko) Chrome/85.0.4183.83 Safari/537.36', 'Windows 10', '0000-00-00 00:00:00'),
(222, 1, '{\"role\":\"1\",\"roleText\":\"System Administrator\",\"name\":\"Administrator\"}', '49.206.4.152', 'Chrome 78.0.3904.97', 'Mozilla/5.0 (X11; Linux x86_64) AppleWebKit/537.36 (KHTML, like Gecko) Chrome/78.0.3904.97 Safari/537.36', 'Linux', '0000-00-00 00:00:00'),
(223, 1, '{\"role\":\"1\",\"roleText\":\"System Administrator\",\"name\":\"Administrator\"}', '49.206.4.152', 'Chrome 78.0.3904.97', 'Mozilla/5.0 (X11; Linux x86_64) AppleWebKit/537.36 (KHTML, like Gecko) Chrome/78.0.3904.97 Safari/537.36', 'Linux', '0000-00-00 00:00:00'),
(224, 1, '{\"role\":\"1\",\"roleText\":\"System Administrator\",\"name\":\"Administrator\"}', '49.206.4.152', 'Chrome 78.0.3904.97', 'Mozilla/5.0 (X11; Linux x86_64) AppleWebKit/537.36 (KHTML, like Gecko) Chrome/78.0.3904.97 Safari/537.36', 'Linux', '0000-00-00 00:00:00'),
(225, 1, '{\"role\":\"1\",\"roleText\":\"System Administrator\",\"name\":\"Administrator\"}', '42.190.31.233', 'Chrome 85.0.4183.83', 'Mozilla/5.0 (Windows NT 10.0; Win64; x64) AppleWebKit/537.36 (KHTML, like Gecko) Chrome/85.0.4183.83 Safari/537.36', 'Windows 10', '0000-00-00 00:00:00'),
(226, 1, '{\"role\":\"1\",\"roleText\":\"System Administrator\",\"name\":\"Administrator\"}', '49.206.4.152', 'Chrome 78.0.3904.97', 'Mozilla/5.0 (X11; Linux x86_64) AppleWebKit/537.36 (KHTML, like Gecko) Chrome/78.0.3904.97 Safari/537.36', 'Linux', '0000-00-00 00:00:00'),
(227, 1, '{\"role\":\"1\",\"roleText\":\"System Administrator\",\"name\":\"Administrator\"}', '42.190.31.233', 'Chrome 85.0.4183.102', 'Mozilla/5.0 (Windows NT 10.0; Win64; x64) AppleWebKit/537.36 (KHTML, like Gecko) Chrome/85.0.4183.102 Safari/537.36', 'Windows 10', '0000-00-00 00:00:00'),
(228, 1, '{\"role\":\"1\",\"roleText\":\"System Administrator\",\"name\":\"Administrator\"}', '42.190.31.233', 'Chrome 85.0.4183.102', 'Mozilla/5.0 (Windows NT 10.0; Win64; x64) AppleWebKit/537.36 (KHTML, like Gecko) Chrome/85.0.4183.102 Safari/537.36', 'Windows 10', '0000-00-00 00:00:00'),
(229, 1, '{\"role\":\"1\",\"roleText\":\"System Administrator\",\"name\":\"Administrator\"}', '49.206.4.152', 'Chrome 78.0.3904.97', 'Mozilla/5.0 (X11; Linux x86_64) AppleWebKit/537.36 (KHTML, like Gecko) Chrome/78.0.3904.97 Safari/537.36', 'Linux', '0000-00-00 00:00:00'),
(230, 1, '{\"role\":\"1\",\"roleText\":\"System Administrator\",\"name\":\"Administrator\"}', '49.206.4.152', 'Chrome 78.0.3904.97', 'Mozilla/5.0 (X11; Linux x86_64) AppleWebKit/537.36 (KHTML, like Gecko) Chrome/78.0.3904.97 Safari/537.36', 'Linux', '0000-00-00 00:00:00'),
(231, 1, '{\"role\":\"1\",\"roleText\":\"System Administrator\",\"name\":\"Administrator\"}', '49.206.4.152', 'Chrome 78.0.3904.97', 'Mozilla/5.0 (X11; Linux x86_64) AppleWebKit/537.36 (KHTML, like Gecko) Chrome/78.0.3904.97 Safari/537.36', 'Linux', '0000-00-00 00:00:00'),
(232, 1, '{\"role\":\"1\",\"roleText\":\"System Administrator\",\"name\":\"Administrator\"}', '157.49.164.228', 'Chrome 85.0.4183.102', 'Mozilla/5.0 (X11; Linux x86_64) AppleWebKit/537.36 (KHTML, like Gecko) Chrome/85.0.4183.102 Safari/537.36', 'Linux', '0000-00-00 00:00:00'),
(233, 1, '{\"role\":\"1\",\"roleText\":\"System Administrator\",\"name\":\"Administrator\"}', '42.190.31.233', 'Chrome 85.0.4183.102', 'Mozilla/5.0 (Windows NT 10.0; Win64; x64) AppleWebKit/537.36 (KHTML, like Gecko) Chrome/85.0.4183.102 Safari/537.36', 'Windows 10', '0000-00-00 00:00:00'),
(234, 1, '{\"role\":\"1\",\"roleText\":\"System Administrator\",\"name\":\"Administrator\"}', '49.206.4.152', 'Chrome 78.0.3904.97', 'Mozilla/5.0 (X11; Linux x86_64) AppleWebKit/537.36 (KHTML, like Gecko) Chrome/78.0.3904.97 Safari/537.36', 'Linux', '0000-00-00 00:00:00'),
(235, 1, '{\"role\":\"1\",\"roleText\":\"System Administrator\",\"name\":\"Administrator\"}', '42.190.31.233', 'Chrome 85.0.4183.102', 'Mozilla/5.0 (Windows NT 10.0; Win64; x64) AppleWebKit/537.36 (KHTML, like Gecko) Chrome/85.0.4183.102 Safari/537.36', 'Windows 10', '0000-00-00 00:00:00'),
(236, 1, '{\"role\":\"1\",\"roleText\":\"System Administrator\",\"name\":\"Administrator\"}', '42.190.31.233', 'Chrome 85.0.4183.102', 'Mozilla/5.0 (Windows NT 10.0; Win64; x64) AppleWebKit/537.36 (KHTML, like Gecko) Chrome/85.0.4183.102 Safari/537.36', 'Windows 10', '0000-00-00 00:00:00'),
(237, 1, '{\"role\":\"1\",\"roleText\":\"System Administrator\",\"name\":\"Administrator\"}', '49.206.4.152', 'Chrome 78.0.3904.97', 'Mozilla/5.0 (X11; Linux x86_64) AppleWebKit/537.36 (KHTML, like Gecko) Chrome/78.0.3904.97 Safari/537.36', 'Linux', '0000-00-00 00:00:00'),
(238, 1, '{\"role\":\"1\",\"roleText\":\"System Administrator\",\"name\":\"Administrator\"}', '49.206.4.152', 'Chrome 78.0.3904.97', 'Mozilla/5.0 (X11; Linux x86_64) AppleWebKit/537.36 (KHTML, like Gecko) Chrome/78.0.3904.97 Safari/537.36', 'Linux', '0000-00-00 00:00:00'),
(239, 1, '{\"role\":\"1\",\"roleText\":\"System Administrator\",\"name\":\"Administrator\"}', '157.49.156.160', 'Chrome 85.0.4183.102', 'Mozilla/5.0 (X11; Linux x86_64) AppleWebKit/537.36 (KHTML, like Gecko) Chrome/85.0.4183.102 Safari/537.36', 'Linux', '0000-00-00 00:00:00'),
(240, 1, '{\"role\":\"1\",\"roleText\":\"System Administrator\",\"name\":\"Administrator\"}', '49.206.4.152', 'Chrome 78.0.3904.97', 'Mozilla/5.0 (X11; Linux x86_64) AppleWebKit/537.36 (KHTML, like Gecko) Chrome/78.0.3904.97 Safari/537.36', 'Linux', '0000-00-00 00:00:00'),
(241, 1, '{\"role\":\"1\",\"roleText\":\"System Administrator\",\"name\":\"Administrator\"}', '115.133.17.87', 'Chrome 85.0.4183.102', 'Mozilla/5.0 (Windows NT 10.0; Win64; x64) AppleWebKit/537.36 (KHTML, like Gecko) Chrome/85.0.4183.102 Safari/537.36', 'Windows 10', '0000-00-00 00:00:00'),
(242, 1, '{\"role\":\"1\",\"roleText\":\"System Administrator\",\"name\":\"Administrator\"}', '157.49.140.116', 'Chrome 85.0.4183.102', 'Mozilla/5.0 (X11; Linux x86_64) AppleWebKit/537.36 (KHTML, like Gecko) Chrome/85.0.4183.102 Safari/537.36', 'Linux', '0000-00-00 00:00:00'),
(243, 1, '{\"role\":\"1\",\"roleText\":\"System Administrator\",\"name\":\"Administrator\"}', '157.49.128.131', 'Chrome 85.0.4183.102', 'Mozilla/5.0 (X11; Linux x86_64) AppleWebKit/537.36 (KHTML, like Gecko) Chrome/85.0.4183.102 Safari/537.36', 'Linux', '0000-00-00 00:00:00'),
(244, 1, '{\"role\":\"1\",\"roleText\":\"System Administrator\",\"name\":\"Administrator\"}', '49.206.4.152', 'Chrome 78.0.3904.97', 'Mozilla/5.0 (X11; Linux x86_64) AppleWebKit/537.36 (KHTML, like Gecko) Chrome/78.0.3904.97 Safari/537.36', 'Linux', '0000-00-00 00:00:00'),
(245, 1, '{\"role\":\"1\",\"roleText\":\"System Administrator\",\"name\":\"Administrator\"}', '157.49.131.37', 'Chrome 85.0.4183.102', 'Mozilla/5.0 (X11; Linux x86_64) AppleWebKit/537.36 (KHTML, like Gecko) Chrome/85.0.4183.102 Safari/537.36', 'Linux', '0000-00-00 00:00:00'),
(246, 1, '{\"role\":\"1\",\"roleText\":\"System Administrator\",\"name\":\"Administrator\"}', '49.206.4.152', 'Chrome 78.0.3904.97', 'Mozilla/5.0 (X11; Linux x86_64) AppleWebKit/537.36 (KHTML, like Gecko) Chrome/78.0.3904.97 Safari/537.36', 'Linux', '0000-00-00 00:00:00'),
(247, 1, '{\"role\":\"1\",\"roleText\":\"System Administrator\",\"name\":\"Administrator\"}', '157.49.177.11', 'Chrome 85.0.4183.102', 'Mozilla/5.0 (X11; Linux x86_64) AppleWebKit/537.36 (KHTML, like Gecko) Chrome/85.0.4183.102 Safari/537.36', 'Linux', '0000-00-00 00:00:00'),
(248, 1, '{\"role\":\"1\",\"roleText\":\"System Administrator\",\"name\":\"Administrator\"}', '183.171.84.45', 'Chrome 85.0.4183.121', 'Mozilla/5.0 (Windows NT 10.0; Win64; x64) AppleWebKit/537.36 (KHTML, like Gecko) Chrome/85.0.4183.121 Safari/537.36', 'Windows 10', '0000-00-00 00:00:00'),
(249, 1, '{\"role\":\"1\",\"roleText\":\"System Administrator\",\"name\":\"Administrator\"}', '49.206.4.152', 'Chrome 78.0.3904.97', 'Mozilla/5.0 (X11; Linux x86_64) AppleWebKit/537.36 (KHTML, like Gecko) Chrome/78.0.3904.97 Safari/537.36', 'Linux', '0000-00-00 00:00:00'),
(250, 1, '{\"role\":\"1\",\"roleText\":\"System Administrator\",\"name\":\"Administrator\"}', '183.171.70.176', 'Chrome 85.0.4183.121', 'Mozilla/5.0 (Windows NT 10.0; Win64; x64) AppleWebKit/537.36 (KHTML, like Gecko) Chrome/85.0.4183.121 Safari/537.36', 'Windows 10', '0000-00-00 00:00:00'),
(251, 1, '{\"role\":\"1\",\"roleText\":\"System Administrator\",\"name\":\"Administrator\"}', '49.206.4.152', 'Chrome 78.0.3904.97', 'Mozilla/5.0 (X11; Linux x86_64) AppleWebKit/537.36 (KHTML, like Gecko) Chrome/78.0.3904.97 Safari/537.36', 'Linux', '0000-00-00 00:00:00'),
(252, 1, '{\"role\":\"1\",\"roleText\":\"System Administrator\",\"name\":\"Administrator\"}', '42.190.19.126', 'Chrome 85.0.4183.121', 'Mozilla/5.0 (Windows NT 10.0; Win64; x64) AppleWebKit/537.36 (KHTML, like Gecko) Chrome/85.0.4183.121 Safari/537.36', 'Windows 10', '0000-00-00 00:00:00'),
(253, 1, '{\"role\":\"1\",\"roleText\":\"System Administrator\",\"name\":\"Administrator\"}', '42.190.19.126', 'Chrome 85.0.4183.121', 'Mozilla/5.0 (Windows NT 10.0; Win64; x64) AppleWebKit/537.36 (KHTML, like Gecko) Chrome/85.0.4183.121 Safari/537.36', 'Windows 10', '0000-00-00 00:00:00'),
(254, 1, '{\"role\":\"1\",\"roleText\":\"System Administrator\",\"name\":\"Administrator\"}', '42.190.19.126', 'Chrome 85.0.4183.121', 'Mozilla/5.0 (Windows NT 10.0; Win64; x64) AppleWebKit/537.36 (KHTML, like Gecko) Chrome/85.0.4183.121 Safari/537.36', 'Windows 10', '0000-00-00 00:00:00'),
(255, 1, '{\"role\":\"1\",\"roleText\":\"System Administrator\",\"name\":\"Administrator\"}', '42.190.19.126', 'Chrome 85.0.4183.121', 'Mozilla/5.0 (Windows NT 10.0; Win64; x64) AppleWebKit/537.36 (KHTML, like Gecko) Chrome/85.0.4183.121 Safari/537.36', 'Windows 10', '0000-00-00 00:00:00'),
(256, 1, '{\"role\":\"1\",\"roleText\":\"System Administrator\",\"name\":\"Administrator\"}', '157.49.126.255', 'Chrome 85.0.4183.121', 'Mozilla/5.0 (X11; Linux x86_64) AppleWebKit/537.36 (KHTML, like Gecko) Chrome/85.0.4183.121 Safari/537.36', 'Linux', '0000-00-00 00:00:00'),
(257, 1, '{\"role\":\"1\",\"roleText\":\"System Administrator\",\"name\":\"Administrator\"}', '49.206.4.152', 'Chrome 78.0.3904.97', 'Mozilla/5.0 (X11; Linux x86_64) AppleWebKit/537.36 (KHTML, like Gecko) Chrome/78.0.3904.97 Safari/537.36', 'Linux', '0000-00-00 00:00:00'),
(258, 1, '{\"role\":\"1\",\"roleText\":\"System Administrator\",\"name\":\"Administrator\"}', '157.45.32.248', 'Chrome 85.0.4183.121', 'Mozilla/5.0 (X11; Linux x86_64) AppleWebKit/537.36 (KHTML, like Gecko) Chrome/85.0.4183.121 Safari/537.36', 'Linux', '0000-00-00 00:00:00'),
(259, 1, '{\"role\":\"1\",\"roleText\":\"System Administrator\",\"name\":\"Administrator\"}', '42.190.19.126', 'Chrome 85.0.4183.121', 'Mozilla/5.0 (Windows NT 10.0; Win64; x64) AppleWebKit/537.36 (KHTML, like Gecko) Chrome/85.0.4183.121 Safari/537.36', 'Windows 10', '0000-00-00 00:00:00'),
(260, 1, '{\"role\":\"1\",\"roleText\":\"System Administrator\",\"name\":\"Administrator\"}', '49.206.4.152', 'Chrome 78.0.3904.97', 'Mozilla/5.0 (X11; Linux x86_64) AppleWebKit/537.36 (KHTML, like Gecko) Chrome/78.0.3904.97 Safari/537.36', 'Linux', '0000-00-00 00:00:00'),
(261, 1, '{\"role\":\"1\",\"roleText\":\"System Administrator\",\"name\":\"Administrator\"}', '117.230.153.184', 'Chrome 85.0.4183.121', 'Mozilla/5.0 (X11; Linux x86_64) AppleWebKit/537.36 (KHTML, like Gecko) Chrome/85.0.4183.121 Safari/537.36', 'Linux', '0000-00-00 00:00:00'),
(262, 1, '{\"role\":\"1\",\"roleText\":\"System Administrator\",\"name\":\"Administrator\"}', '117.230.142.181', 'Chrome 85.0.4183.121', 'Mozilla/5.0 (X11; Linux x86_64) AppleWebKit/537.36 (KHTML, like Gecko) Chrome/85.0.4183.121 Safari/537.36', 'Linux', '0000-00-00 00:00:00'),
(263, 1, '{\"role\":\"1\",\"roleText\":\"System Administrator\",\"name\":\"Administrator\"}', '157.49.68.10', 'Chrome 85.0.4183.121', 'Mozilla/5.0 (X11; Linux x86_64) AppleWebKit/537.36 (KHTML, like Gecko) Chrome/85.0.4183.121 Safari/537.36', 'Linux', '0000-00-00 00:00:00'),
(264, 1, '{\"role\":\"1\",\"roleText\":\"System Administrator\",\"name\":\"Administrator\"}', '42.190.22.135', 'Chrome 86.0.4240.75', 'Mozilla/5.0 (Windows NT 10.0; Win64; x64) AppleWebKit/537.36 (KHTML, like Gecko) Chrome/86.0.4240.75 Safari/537.36', 'Windows 10', '0000-00-00 00:00:00'),
(265, 1, '{\"role\":\"1\",\"roleText\":\"System Administrator\",\"name\":\"Administrator\"}', '1.39.131.83', 'Safari 604.1', 'Mozilla/5.0 (iPhone; CPU iPhone OS 13_7 like Mac OS X) AppleWebKit/605.1.15 (KHTML, like Gecko) Version/13.1.2 Mobile/15E148 Safari/604.1', 'iOS', '0000-00-00 00:00:00'),
(266, 1, '{\"role\":\"1\",\"roleText\":\"System Administrator\",\"name\":\"Administrator\"}', '117.230.14.183', 'Chrome 85.0.4183.121', 'Mozilla/5.0 (X11; Linux x86_64) AppleWebKit/537.36 (KHTML, like Gecko) Chrome/85.0.4183.121 Safari/537.36', 'Linux', '0000-00-00 00:00:00'),
(267, 1, '{\"role\":\"1\",\"roleText\":\"System Administrator\",\"name\":\"Administrator\"}', '49.206.4.152', 'Chrome 78.0.3904.97', 'Mozilla/5.0 (X11; Linux x86_64) AppleWebKit/537.36 (KHTML, like Gecko) Chrome/78.0.3904.97 Safari/537.36', 'Linux', '0000-00-00 00:00:00'),
(268, 1, '{\"role\":\"1\",\"roleText\":\"System Administrator\",\"name\":\"Administrator\"}', '157.45.56.163', 'Chrome 85.0.4183.121', 'Mozilla/5.0 (X11; Linux x86_64) AppleWebKit/537.36 (KHTML, like Gecko) Chrome/85.0.4183.121 Safari/537.36', 'Linux', '0000-00-00 00:00:00'),
(269, 1, '{\"role\":\"1\",\"roleText\":\"System Administrator\",\"name\":\"Administrator\"}', '157.49.87.183', 'Chrome 85.0.4183.121', 'Mozilla/5.0 (X11; Linux x86_64) AppleWebKit/537.36 (KHTML, like Gecko) Chrome/85.0.4183.121 Safari/537.36', 'Linux', '0000-00-00 00:00:00'),
(270, 1, '{\"role\":\"1\",\"roleText\":\"System Administrator\",\"name\":\"Administrator\"}', '117.230.53.27', 'Chrome 85.0.4183.121', 'Mozilla/5.0 (X11; Linux x86_64) AppleWebKit/537.36 (KHTML, like Gecko) Chrome/85.0.4183.121 Safari/537.36', 'Linux', '0000-00-00 00:00:00'),
(271, 1, '{\"role\":\"1\",\"roleText\":\"System Administrator\",\"name\":\"Administrator\"}', '112.79.54.223', 'Chrome 85.0.4183.121', 'Mozilla/5.0 (X11; Linux x86_64) AppleWebKit/537.36 (KHTML, like Gecko) Chrome/85.0.4183.121 Safari/537.36', 'Linux', '0000-00-00 00:00:00'),
(272, 1, '{\"role\":\"1\",\"roleText\":\"System Administrator\",\"name\":\"Administrator\"}', '157.49.76.186', 'Chrome 85.0.4183.121', 'Mozilla/5.0 (X11; Linux x86_64) AppleWebKit/537.36 (KHTML, like Gecko) Chrome/85.0.4183.121 Safari/537.36', 'Linux', '0000-00-00 00:00:00'),
(273, 1, '{\"role\":\"1\",\"roleText\":\"System Administrator\",\"name\":\"Administrator\"}', '117.230.188.179', 'Chrome 85.0.4183.121', 'Mozilla/5.0 (X11; Linux x86_64) AppleWebKit/537.36 (KHTML, like Gecko) Chrome/85.0.4183.121 Safari/537.36', 'Linux', '0000-00-00 00:00:00'),
(274, 1, '{\"role\":\"1\",\"roleText\":\"System Administrator\",\"name\":\"Administrator\"}', '49.206.4.152', 'Safari 604.1', 'Mozilla/5.0 (iPhone; CPU iPhone OS 13_7 like Mac OS X) AppleWebKit/605.1.15 (KHTML, like Gecko) CriOS/86.0.4240.93 Mobile/15E148 Safari/604.1', 'iOS', '0000-00-00 00:00:00'),
(275, 1, '{\"role\":\"1\",\"roleText\":\"System Administrator\",\"name\":\"Administrator\"}', '157.49.64.231', 'Chrome 85.0.4183.121', 'Mozilla/5.0 (X11; Linux x86_64) AppleWebKit/537.36 (KHTML, like Gecko) Chrome/85.0.4183.121 Safari/537.36', 'Linux', '0000-00-00 00:00:00'),
(276, 1, '{\"role\":\"1\",\"roleText\":\"System Administrator\",\"name\":\"Administrator\"}', '49.206.13.223', 'Chrome 78.0.3904.97', 'Mozilla/5.0 (X11; Linux x86_64) AppleWebKit/537.36 (KHTML, like Gecko) Chrome/78.0.3904.97 Safari/537.36', 'Linux', '0000-00-00 00:00:00'),
(277, 1, '{\"role\":\"1\",\"roleText\":\"System Administrator\",\"name\":\"Administrator\"}', '157.49.75.119', 'Chrome 85.0.4183.121', 'Mozilla/5.0 (X11; Linux x86_64) AppleWebKit/537.36 (KHTML, like Gecko) Chrome/85.0.4183.121 Safari/537.36', 'Linux', '0000-00-00 00:00:00'),
(278, 1, '{\"role\":\"1\",\"roleText\":\"System Administrator\",\"name\":\"Administrator\"}', '42.190.22.135', 'Chrome 86.0.4240.75', 'Mozilla/5.0 (Windows NT 10.0; Win64; x64) AppleWebKit/537.36 (KHTML, like Gecko) Chrome/86.0.4240.75 Safari/537.36', 'Windows 10', '0000-00-00 00:00:00'),
(279, 1, '{\"role\":\"1\",\"roleText\":\"System Administrator\",\"name\":\"Administrator\"}', '49.206.13.223', 'Chrome 78.0.3904.97', 'Mozilla/5.0 (X11; Linux x86_64) AppleWebKit/537.36 (KHTML, like Gecko) Chrome/78.0.3904.97 Safari/537.36', 'Linux', '0000-00-00 00:00:00'),
(280, 1, '{\"role\":\"1\",\"roleText\":\"System Administrator\",\"name\":\"Administrator\"}', '49.206.13.223', 'Chrome 78.0.3904.97', 'Mozilla/5.0 (X11; Linux x86_64) AppleWebKit/537.36 (KHTML, like Gecko) Chrome/78.0.3904.97 Safari/537.36', 'Linux', '0000-00-00 00:00:00'),
(281, 1, '{\"role\":\"1\",\"roleText\":\"System Administrator\",\"name\":\"Administrator\"}', '157.49.75.119', 'Chrome 85.0.4183.121', 'Mozilla/5.0 (X11; Linux x86_64) AppleWebKit/537.36 (KHTML, like Gecko) Chrome/85.0.4183.121 Safari/537.36', 'Linux', '0000-00-00 00:00:00'),
(282, 1, '{\"role\":\"1\",\"roleText\":\"System Administrator\",\"name\":\"Administrator\"}', '49.206.4.152', 'Chrome 78.0.3904.97', 'Mozilla/5.0 (X11; Linux x86_64) AppleWebKit/537.36 (KHTML, like Gecko) Chrome/78.0.3904.97 Safari/537.36', 'Linux', '0000-00-00 00:00:00'),
(283, 1, '{\"role\":\"1\",\"roleText\":\"System Administrator\",\"name\":\"Administrator\"}', '49.206.4.152', 'Chrome 78.0.3904.97', 'Mozilla/5.0 (X11; Linux x86_64) AppleWebKit/537.36 (KHTML, like Gecko) Chrome/78.0.3904.97 Safari/537.36', 'Linux', '0000-00-00 00:00:00'),
(284, 1, '{\"role\":\"1\",\"roleText\":\"System Administrator\",\"name\":\"Administrator\"}', '49.206.4.152', 'Chrome 78.0.3904.97', 'Mozilla/5.0 (X11; Linux x86_64) AppleWebKit/537.36 (KHTML, like Gecko) Chrome/78.0.3904.97 Safari/537.36', 'Linux', '0000-00-00 00:00:00'),
(285, 1, '{\"role\":\"1\",\"roleText\":\"System Administrator\",\"name\":\"Administrator\"}', '49.206.4.152', 'Chrome 78.0.3904.97', 'Mozilla/5.0 (X11; Linux x86_64) AppleWebKit/537.36 (KHTML, like Gecko) Chrome/78.0.3904.97 Safari/537.36', 'Linux', '0000-00-00 00:00:00'),
(286, 1, '{\"role\":\"1\",\"roleText\":\"System Administrator\",\"name\":\"Administrator\"}', '157.49.175.188', 'Chrome 85.0.4183.121', 'Mozilla/5.0 (X11; Linux x86_64) AppleWebKit/537.36 (KHTML, like Gecko) Chrome/85.0.4183.121 Safari/537.36', 'Linux', '0000-00-00 00:00:00'),
(287, 1, '{\"role\":\"1\",\"roleText\":\"System Administrator\",\"name\":\"Administrator\"}', '49.206.4.152', 'Chrome 78.0.3904.97', 'Mozilla/5.0 (X11; Linux x86_64) AppleWebKit/537.36 (KHTML, like Gecko) Chrome/78.0.3904.97 Safari/537.36', 'Linux', '0000-00-00 00:00:00'),
(288, 1, '{\"role\":\"1\",\"roleText\":\"System Administrator\",\"name\":\"Administrator\"}', '49.206.4.152', 'Chrome 78.0.3904.97', 'Mozilla/5.0 (X11; Linux x86_64) AppleWebKit/537.36 (KHTML, like Gecko) Chrome/78.0.3904.97 Safari/537.36', 'Linux', '0000-00-00 00:00:00'),
(289, 1, '{\"role\":\"1\",\"roleText\":\"System Administrator\",\"name\":\"Administrator\"}', '49.206.4.152', 'Chrome 78.0.3904.97', 'Mozilla/5.0 (X11; Linux x86_64) AppleWebKit/537.36 (KHTML, like Gecko) Chrome/78.0.3904.97 Safari/537.36', 'Linux', '0000-00-00 00:00:00'),
(290, 1, '{\"role\":\"1\",\"roleText\":\"System Administrator\",\"name\":\"Administrator\"}', '157.49.181.60', 'Chrome 85.0.4183.121', 'Mozilla/5.0 (X11; Linux x86_64) AppleWebKit/537.36 (KHTML, like Gecko) Chrome/85.0.4183.121 Safari/537.36', 'Linux', '0000-00-00 00:00:00'),
(291, 1, '{\"role\":\"1\",\"roleText\":\"System Administrator\",\"name\":\"Administrator\"}', '157.49.185.42', 'Chrome 85.0.4183.121', 'Mozilla/5.0 (X11; Linux x86_64) AppleWebKit/537.36 (KHTML, like Gecko) Chrome/85.0.4183.121 Safari/537.36', 'Linux', '0000-00-00 00:00:00'),
(292, 1, '{\"role\":\"1\",\"roleText\":\"System Administrator\",\"name\":\"Administrator\"}', '49.206.4.152', 'Chrome 78.0.3904.97', 'Mozilla/5.0 (X11; Linux x86_64) AppleWebKit/537.36 (KHTML, like Gecko) Chrome/78.0.3904.97 Safari/537.36', 'Linux', '0000-00-00 00:00:00'),
(293, 1, '{\"role\":\"1\",\"roleText\":\"System Administrator\",\"name\":\"Administrator\"}', '42.190.22.135', 'Chrome 86.0.4240.111', 'Mozilla/5.0 (Windows NT 10.0; Win64; x64) AppleWebKit/537.36 (KHTML, like Gecko) Chrome/86.0.4240.111 Safari/537.36', 'Windows 10', '0000-00-00 00:00:00'),
(294, 1, '{\"role\":\"1\",\"roleText\":\"System Administrator\",\"name\":\"Administrator\"}', '157.49.169.78', 'Chrome 85.0.4183.121', 'Mozilla/5.0 (X11; Linux x86_64) AppleWebKit/537.36 (KHTML, like Gecko) Chrome/85.0.4183.121 Safari/537.36', 'Linux', '0000-00-00 00:00:00'),
(295, 1, '{\"role\":\"1\",\"roleText\":\"System Administrator\",\"name\":\"Administrator\"}', '49.206.4.152', 'Chrome 78.0.3904.97', 'Mozilla/5.0 (X11; Linux x86_64) AppleWebKit/537.36 (KHTML, like Gecko) Chrome/78.0.3904.97 Safari/537.36', 'Linux', '0000-00-00 00:00:00'),
(296, 1, '{\"role\":\"1\",\"roleText\":\"System Administrator\",\"name\":\"Administrator\"}', '49.206.4.152', 'Chrome 78.0.3904.97', 'Mozilla/5.0 (X11; Linux x86_64) AppleWebKit/537.36 (KHTML, like Gecko) Chrome/78.0.3904.97 Safari/537.36', 'Linux', '0000-00-00 00:00:00'),
(297, 1, '{\"role\":\"1\",\"roleText\":\"System Administrator\",\"name\":\"Administrator\"}', '157.49.90.103', 'Chrome 85.0.4183.121', 'Mozilla/5.0 (X11; Linux x86_64) AppleWebKit/537.36 (KHTML, like Gecko) Chrome/85.0.4183.121 Safari/537.36', 'Linux', '0000-00-00 00:00:00'),
(298, 1, '{\"role\":\"1\",\"roleText\":\"System Administrator\",\"name\":\"Administrator\"}', '49.206.4.152', 'Chrome 78.0.3904.97', 'Mozilla/5.0 (X11; Linux x86_64) AppleWebKit/537.36 (KHTML, like Gecko) Chrome/78.0.3904.97 Safari/537.36', 'Linux', '0000-00-00 00:00:00'),
(299, 1, '{\"role\":\"1\",\"roleText\":\"System Administrator\",\"name\":\"Administrator\"}', '117.230.26.123', 'Chrome 85.0.4183.121', 'Mozilla/5.0 (X11; Linux x86_64) AppleWebKit/537.36 (KHTML, like Gecko) Chrome/85.0.4183.121 Safari/537.36', 'Linux', '0000-00-00 00:00:00'),
(300, 1, '{\"role\":\"1\",\"roleText\":\"System Administrator\",\"name\":\"Administrator\"}', '117.230.37.0', 'Chrome 85.0.4183.121', 'Mozilla/5.0 (X11; Linux x86_64) AppleWebKit/537.36 (KHTML, like Gecko) Chrome/85.0.4183.121 Safari/537.36', 'Linux', '0000-00-00 00:00:00'),
(301, 1, '{\"role\":\"1\",\"roleText\":\"System Administrator\",\"name\":\"Administrator\"}', '117.230.163.21', 'Chrome 85.0.4183.121', 'Mozilla/5.0 (X11; Linux x86_64) AppleWebKit/537.36 (KHTML, like Gecko) Chrome/85.0.4183.121 Safari/537.36', 'Linux', '0000-00-00 00:00:00'),
(302, 1, '{\"role\":\"1\",\"roleText\":\"System Administrator\",\"name\":\"Administrator\"}', '42.190.22.135', 'Chrome 86.0.4240.111', 'Mozilla/5.0 (Windows NT 10.0; Win64; x64) AppleWebKit/537.36 (KHTML, like Gecko) Chrome/86.0.4240.111 Safari/537.36', 'Windows 10', '0000-00-00 00:00:00'),
(303, 1, '{\"role\":\"1\",\"roleText\":\"System Administrator\",\"name\":\"Administrator\"}', '157.45.80.110', 'Chrome 85.0.4183.121', 'Mozilla/5.0 (X11; Linux x86_64) AppleWebKit/537.36 (KHTML, like Gecko) Chrome/85.0.4183.121 Safari/537.36', 'Linux', '0000-00-00 00:00:00'),
(304, 10, '{\"role\":\"14\",\"roleText\":\"Permision View\",\"name\":\"Permission Assigner\"}', '157.45.80.110', 'Chrome 85.0.4183.121', 'Mozilla/5.0 (X11; Linux x86_64) AppleWebKit/537.36 (KHTML, like Gecko) Chrome/85.0.4183.121 Safari/537.36', 'Linux', '0000-00-00 00:00:00'),
(305, 10, '{\"role\":\"14\",\"roleText\":\"Permision View\",\"name\":\"Permission Assigner\"}', '157.45.80.110', 'Chrome 85.0.4183.121', 'Mozilla/5.0 (X11; Linux x86_64) AppleWebKit/537.36 (KHTML, like Gecko) Chrome/85.0.4183.121 Safari/537.36', 'Linux', '0000-00-00 00:00:00'),
(306, 1, '{\"role\":\"1\",\"roleText\":\"Administrator\",\"name\":\"Administrator\"}', '42.190.22.135', 'Chrome 86.0.4240.111', 'Mozilla/5.0 (Windows NT 10.0; Win64; x64) AppleWebKit/537.36 (KHTML, like Gecko) Chrome/86.0.4240.111 Safari/537.36', 'Windows 10', '0000-00-00 00:00:00'),
(307, 1, '{\"role\":\"1\",\"roleText\":\"Administrator\",\"name\":\"Administrator\"}', '49.206.4.152', 'Chrome 78.0.3904.97', 'Mozilla/5.0 (X11; Linux x86_64) AppleWebKit/537.36 (KHTML, like Gecko) Chrome/78.0.3904.97 Safari/537.36', 'Linux', '0000-00-00 00:00:00'),
(308, 1, '{\"role\":\"1\",\"roleText\":\"Administrator\",\"name\":\"Administrator\"}', '157.49.99.229', 'Chrome 85.0.4183.121', 'Mozilla/5.0 (X11; Linux x86_64) AppleWebKit/537.36 (KHTML, like Gecko) Chrome/85.0.4183.121 Safari/537.36', 'Linux', '0000-00-00 00:00:00'),
(309, 10, '{\"role\":\"14\",\"roleText\":\"Permision View\",\"name\":\"Permission Assigner\"}', '157.49.99.229', 'Chrome 85.0.4183.121', 'Mozilla/5.0 (X11; Linux x86_64) AppleWebKit/537.36 (KHTML, like Gecko) Chrome/85.0.4183.121 Safari/537.36', 'Linux', '0000-00-00 00:00:00'),
(310, 1, '{\"role\":\"1\",\"roleText\":\"Administrator\",\"name\":\"Administrator\"}', '157.49.99.229', 'Chrome 85.0.4183.121', 'Mozilla/5.0 (X11; Linux x86_64) AppleWebKit/537.36 (KHTML, like Gecko) Chrome/85.0.4183.121 Safari/537.36', 'Linux', '0000-00-00 00:00:00'),
(311, 10, '{\"role\":\"14\",\"roleText\":\"Permision View\",\"name\":\"Permission Assigner\"}', '157.49.99.229', 'Chrome 85.0.4183.121', 'Mozilla/5.0 (X11; Linux x86_64) AppleWebKit/537.36 (KHTML, like Gecko) Chrome/85.0.4183.121 Safari/537.36', 'Linux', '0000-00-00 00:00:00'),
(312, 1, '{\"role\":\"1\",\"roleText\":\"Administrator\",\"name\":\"Administrator\"}', '42.190.22.135', 'Chrome 86.0.4240.111', 'Mozilla/5.0 (Windows NT 10.0; Win64; x64) AppleWebKit/537.36 (KHTML, like Gecko) Chrome/86.0.4240.111 Safari/537.36', 'Windows 10', '0000-00-00 00:00:00'),
(313, 1, '{\"role\":\"1\",\"roleText\":\"Administrator\",\"name\":\"Administrator\"}', '49.206.4.152', 'Chrome 78.0.3904.97', 'Mozilla/5.0 (X11; Linux x86_64) AppleWebKit/537.36 (KHTML, like Gecko) Chrome/78.0.3904.97 Safari/537.36', 'Linux', '0000-00-00 00:00:00'),
(314, 1, '{\"role\":\"1\",\"roleText\":\"Administrator\",\"name\":\"Administrator\"}', '157.49.115.133', 'Chrome 85.0.4183.121', 'Mozilla/5.0 (X11; Linux x86_64) AppleWebKit/537.36 (KHTML, like Gecko) Chrome/85.0.4183.121 Safari/537.36', 'Linux', '0000-00-00 00:00:00'),
(315, 1, '{\"role\":\"1\",\"roleText\":\"Administrator\",\"name\":\"Administrator\"}', '157.49.115.133', 'Chrome 85.0.4183.121', 'Mozilla/5.0 (X11; Linux x86_64) AppleWebKit/537.36 (KHTML, like Gecko) Chrome/85.0.4183.121 Safari/537.36', 'Linux', '0000-00-00 00:00:00'),
(316, 1, '{\"role\":\"1\",\"roleText\":\"Administrator\",\"name\":\"Administrator\"}', '157.49.109.213', 'Chrome 85.0.4183.121', 'Mozilla/5.0 (X11; Linux x86_64) AppleWebKit/537.36 (KHTML, like Gecko) Chrome/85.0.4183.121 Safari/537.36', 'Linux', '0000-00-00 00:00:00'),
(317, 1, '{\"role\":\"1\",\"roleText\":\"Administrator\",\"name\":\"Administrator\"}', '157.45.47.75', 'Chrome 85.0.4183.121', 'Mozilla/5.0 (X11; Linux x86_64) AppleWebKit/537.36 (KHTML, like Gecko) Chrome/85.0.4183.121 Safari/537.36', 'Linux', '0000-00-00 00:00:00'),
(318, 1, '{\"role\":\"1\",\"roleText\":\"Administrator\",\"name\":\"Administrator\"}', '42.105.116.241', 'Chrome 85.0.4183.121', 'Mozilla/5.0 (X11; Linux x86_64) AppleWebKit/537.36 (KHTML, like Gecko) Chrome/85.0.4183.121 Safari/537.36', 'Linux', '0000-00-00 00:00:00'),
(319, 1, '{\"role\":\"1\",\"roleText\":\"Administrator\",\"name\":\"Administrator\"}', '49.206.4.152', 'Chrome 78.0.3904.97', 'Mozilla/5.0 (X11; Linux x86_64) AppleWebKit/537.36 (KHTML, like Gecko) Chrome/78.0.3904.97 Safari/537.36', 'Linux', '0000-00-00 00:00:00'),
(320, 1, '{\"role\":\"1\",\"roleText\":\"Administrator\",\"name\":\"Administrator\"}', '157.49.94.176', 'Chrome 85.0.4183.121', 'Mozilla/5.0 (X11; Linux x86_64) AppleWebKit/537.36 (KHTML, like Gecko) Chrome/85.0.4183.121 Safari/537.36', 'Linux', '0000-00-00 00:00:00'),
(321, 1, '{\"role\":\"1\",\"roleText\":\"Administrator\",\"name\":\"Administrator\"}', '157.49.94.176', 'Chrome 85.0.4183.121', 'Mozilla/5.0 (X11; Linux x86_64) AppleWebKit/537.36 (KHTML, like Gecko) Chrome/85.0.4183.121 Safari/537.36', 'Linux', '0000-00-00 00:00:00'),
(322, 1, '{\"role\":\"1\",\"roleText\":\"Administrator\",\"name\":\"Administrator\"}', '49.206.4.152', 'Chrome 78.0.3904.97', 'Mozilla/5.0 (X11; Linux x86_64) AppleWebKit/537.36 (KHTML, like Gecko) Chrome/78.0.3904.97 Safari/537.36', 'Linux', '0000-00-00 00:00:00'),
(323, 1, '{\"role\":\"1\",\"roleText\":\"Administrator\",\"name\":\"Administrator\"}', '117.230.52.43', 'Chrome 85.0.4183.121', 'Mozilla/5.0 (X11; Linux x86_64) AppleWebKit/537.36 (KHTML, like Gecko) Chrome/85.0.4183.121 Safari/537.36', 'Linux', '0000-00-00 00:00:00'),
(324, 1, '{\"role\":\"1\",\"roleText\":\"Administrator\",\"name\":\"Administrator\"}', '157.49.84.10', 'Chrome 85.0.4183.121', 'Mozilla/5.0 (X11; Linux x86_64) AppleWebKit/537.36 (KHTML, like Gecko) Chrome/85.0.4183.121 Safari/537.36', 'Linux', '0000-00-00 00:00:00'),
(325, 1, '{\"role\":\"1\",\"roleText\":\"Administrator\",\"name\":\"Administrator\"}', '49.206.4.152', 'Chrome 78.0.3904.97', 'Mozilla/5.0 (X11; Linux x86_64) AppleWebKit/537.36 (KHTML, like Gecko) Chrome/78.0.3904.97 Safari/537.36', 'Linux', '0000-00-00 00:00:00'),
(326, 1, '{\"role\":\"1\",\"roleText\":\"Administrator\",\"name\":\"Administrator\"}', '49.206.4.152', 'Chrome 78.0.3904.97', 'Mozilla/5.0 (X11; Linux x86_64) AppleWebKit/537.36 (KHTML, like Gecko) Chrome/78.0.3904.97 Safari/537.36', 'Linux', '0000-00-00 00:00:00'),
(327, 1, '{\"role\":\"1\",\"roleText\":\"Administrator\",\"name\":\"Administrator\"}', '157.49.69.52', 'Chrome 85.0.4183.121', 'Mozilla/5.0 (X11; Linux x86_64) AppleWebKit/537.36 (KHTML, like Gecko) Chrome/85.0.4183.121 Safari/537.36', 'Linux', '0000-00-00 00:00:00'),
(328, 1, '{\"role\":\"1\",\"roleText\":\"Administrator\",\"name\":\"Administrator\"}', '117.230.12.209', 'Chrome 85.0.4183.121', 'Mozilla/5.0 (X11; Linux x86_64) AppleWebKit/537.36 (KHTML, like Gecko) Chrome/85.0.4183.121 Safari/537.36', 'Linux', '0000-00-00 00:00:00'),
(329, 1, '{\"role\":\"1\",\"roleText\":\"Administrator\",\"name\":\"Administrator\"}', '49.206.4.152', 'Chrome 78.0.3904.97', 'Mozilla/5.0 (X11; Linux x86_64) AppleWebKit/537.36 (KHTML, like Gecko) Chrome/78.0.3904.97 Safari/537.36', 'Linux', '0000-00-00 00:00:00'),
(330, 1, '{\"role\":\"1\",\"roleText\":\"Administrator\",\"name\":\"Administrator\"}', '49.206.4.152', 'Chrome 78.0.3904.97', 'Mozilla/5.0 (X11; Linux x86_64) AppleWebKit/537.36 (KHTML, like Gecko) Chrome/78.0.3904.97 Safari/537.36', 'Linux', '0000-00-00 00:00:00'),
(331, 1, '{\"role\":\"1\",\"roleText\":\"Administrator\",\"name\":\"Administrator\"}', '42.105.119.182', 'Chrome 85.0.4183.121', 'Mozilla/5.0 (X11; Linux x86_64) AppleWebKit/537.36 (KHTML, like Gecko) Chrome/85.0.4183.121 Safari/537.36', 'Linux', '0000-00-00 00:00:00'),
(332, 1, '{\"role\":\"1\",\"roleText\":\"Administrator\",\"name\":\"Administrator\"}', '42.190.22.135', 'Chrome 86.0.4240.183', 'Mozilla/5.0 (Windows NT 10.0; Win64; x64) AppleWebKit/537.36 (KHTML, like Gecko) Chrome/86.0.4240.183 Safari/537.36', 'Windows 10', '0000-00-00 00:00:00'),
(333, 1, '{\"role\":\"1\",\"roleText\":\"Administrator\",\"name\":\"Administrator\"}', '49.206.4.152', 'Chrome 78.0.3904.97', 'Mozilla/5.0 (X11; Linux x86_64) AppleWebKit/537.36 (KHTML, like Gecko) Chrome/78.0.3904.97 Safari/537.36', 'Linux', '0000-00-00 00:00:00'),
(334, 1, '{\"role\":\"1\",\"roleText\":\"Administrator\",\"name\":\"Administrator\"}', '42.105.116.138', 'Chrome 85.0.4183.121', 'Mozilla/5.0 (X11; Linux x86_64) AppleWebKit/537.36 (KHTML, like Gecko) Chrome/85.0.4183.121 Safari/537.36', 'Linux', '0000-00-00 00:00:00'),
(335, 1, '{\"role\":\"1\",\"roleText\":\"Administrator\",\"name\":\"Administrator\"}', '49.206.4.152', 'Chrome 86.0.4240.183', 'Mozilla/5.0 (Windows NT 10.0; Win64; x64) AppleWebKit/537.36 (KHTML, like Gecko) Chrome/86.0.4240.183 Safari/537.36', 'Windows 10', '0000-00-00 00:00:00'),
(336, 1, '{\"role\":\"1\",\"roleText\":\"Administrator\",\"name\":\"Administrator\"}', '49.206.4.152', 'Chrome 78.0.3904.97', 'Mozilla/5.0 (X11; Linux x86_64) AppleWebKit/537.36 (KHTML, like Gecko) Chrome/78.0.3904.97 Safari/537.36', 'Linux', '0000-00-00 00:00:00'),
(337, 1, '{\"role\":\"1\",\"roleText\":\"Administrator\",\"name\":\"Administrator\"}', '49.206.4.152', 'Chrome 86.0.4240.183', 'Mozilla/5.0 (Windows NT 10.0; Win64; x64) AppleWebKit/537.36 (KHTML, like Gecko) Chrome/86.0.4240.183 Safari/537.36', 'Windows 10', '0000-00-00 00:00:00'),
(338, 1, '{\"role\":\"1\",\"roleText\":\"Administrator\",\"name\":\"Administrator\"}', '49.206.4.152', 'Chrome 78.0.3904.97', 'Mozilla/5.0 (X11; Linux x86_64) AppleWebKit/537.36 (KHTML, like Gecko) Chrome/78.0.3904.97 Safari/537.36', 'Linux', '0000-00-00 00:00:00'),
(339, 1, '{\"role\":\"1\",\"roleText\":\"Administrator\",\"name\":\"Administrator\"}', '117.230.128.249', 'Chrome 85.0.4183.121', 'Mozilla/5.0 (X11; Linux x86_64) AppleWebKit/537.36 (KHTML, like Gecko) Chrome/85.0.4183.121 Safari/537.36', 'Linux', '0000-00-00 00:00:00'),
(340, 1, '{\"role\":\"1\",\"roleText\":\"Administrator\",\"name\":\"Administrator\"}', '49.206.4.152', 'Chrome 78.0.3904.97', 'Mozilla/5.0 (X11; Linux x86_64) AppleWebKit/537.36 (KHTML, like Gecko) Chrome/78.0.3904.97 Safari/537.36', 'Linux', '0000-00-00 00:00:00'),
(341, 1, '{\"role\":\"1\",\"roleText\":\"Administrator\",\"name\":\"Administrator\"}', '157.49.66.199', 'Chrome 85.0.4183.121', 'Mozilla/5.0 (X11; Linux x86_64) AppleWebKit/537.36 (KHTML, like Gecko) Chrome/85.0.4183.121 Safari/537.36', 'Linux', '0000-00-00 00:00:00'),
(342, 1, '{\"role\":\"1\",\"roleText\":\"Administrator\",\"name\":\"Administrator\"}', '157.49.89.60', 'Chrome 85.0.4183.121', 'Mozilla/5.0 (X11; Linux x86_64) AppleWebKit/537.36 (KHTML, like Gecko) Chrome/85.0.4183.121 Safari/537.36', 'Linux', '0000-00-00 00:00:00'),
(343, 1, '{\"role\":\"1\",\"roleText\":\"Administrator\",\"name\":\"Administrator\"}', '117.230.181.29', 'Chrome 85.0.4183.121', 'Mozilla/5.0 (X11; Linux x86_64) AppleWebKit/537.36 (KHTML, like Gecko) Chrome/85.0.4183.121 Safari/537.36', 'Linux', '0000-00-00 00:00:00'),
(344, 1, '{\"role\":\"1\",\"roleText\":\"Administrator\",\"name\":\"Administrator\"}', '157.49.89.60', 'Chrome 85.0.4183.121', 'Mozilla/5.0 (X11; Linux x86_64) AppleWebKit/537.36 (KHTML, like Gecko) Chrome/85.0.4183.121 Safari/537.36', 'Linux', '0000-00-00 00:00:00'),
(345, 11, '{\"role\":\"15\",\"roleText\":\"AEU Administrator\",\"name\":\"Aeu Administrator\"}', '157.45.85.128', 'Chrome 85.0.4183.121', 'Mozilla/5.0 (X11; Linux x86_64) AppleWebKit/537.36 (KHTML, like Gecko) Chrome/85.0.4183.121 Safari/537.36', 'Linux', '0000-00-00 00:00:00'),
(346, 12, '{\"role\":\"16\",\"roleText\":\"AEU Examination Admin\",\"name\":\"Aeu Examination Admin\"}', '157.45.85.128', 'Chrome 85.0.4183.121', 'Mozilla/5.0 (X11; Linux x86_64) AppleWebKit/537.36 (KHTML, like Gecko) Chrome/85.0.4183.121 Safari/537.36', 'Linux', '0000-00-00 00:00:00'),
(347, 1, '{\"role\":\"1\",\"roleText\":\"Administrator\",\"name\":\"Administrator\"}', '49.206.4.152', 'Chrome 78.0.3904.97', 'Mozilla/5.0 (X11; Linux x86_64) AppleWebKit/537.36 (KHTML, like Gecko) Chrome/78.0.3904.97 Safari/537.36', 'Linux', '0000-00-00 00:00:00'),
(348, 1, '{\"role\":\"1\",\"roleText\":\"Administrator\",\"name\":\"Administrator\"}', '49.206.4.152', 'Chrome 86.0.4240.198', 'Mozilla/5.0 (Windows NT 10.0; Win64; x64) AppleWebKit/537.36 (KHTML, like Gecko) Chrome/86.0.4240.198 Safari/537.36', 'Windows 10', '0000-00-00 00:00:00'),
(349, 11, '{\"role\":\"15\",\"roleText\":\"AEU Administrator\",\"name\":\"Aeu Administrator\"}', '157.45.79.69', 'Chrome 85.0.4183.121', 'Mozilla/5.0 (X11; Linux x86_64) AppleWebKit/537.36 (KHTML, like Gecko) Chrome/85.0.4183.121 Safari/537.36', 'Linux', '0000-00-00 00:00:00'),
(350, 1, '{\"role\":\"1\",\"roleText\":\"Administrator\",\"name\":\"Administrator\"}', '49.206.12.198', 'Chrome 86.0.4240.198', 'Mozilla/5.0 (Windows NT 10.0; Win64; x64) AppleWebKit/537.36 (KHTML, like Gecko) Chrome/86.0.4240.198 Safari/537.36', 'Windows 10', '0000-00-00 00:00:00'),
(351, 1, '{\"role\":\"1\",\"roleText\":\"Administrator\",\"name\":\"Administrator\"}', '157.49.166.215', 'Chrome 85.0.4183.121', 'Mozilla/5.0 (X11; Linux x86_64) AppleWebKit/537.36 (KHTML, like Gecko) Chrome/85.0.4183.121 Safari/537.36', 'Linux', '0000-00-00 00:00:00'),
(352, 1, '{\"role\":\"1\",\"roleText\":\"Administrator\",\"name\":\"Administrator\"}', '49.206.12.198', 'Chrome 86.0.4240.198', 'Mozilla/5.0 (Windows NT 10.0; Win64; x64) AppleWebKit/537.36 (KHTML, like Gecko) Chrome/86.0.4240.198 Safari/537.36', 'Windows 10', '0000-00-00 00:00:00'),
(353, 1, '{\"role\":\"1\",\"roleText\":\"Administrator\",\"name\":\"Administrator\"}', '49.206.12.198', 'Chrome 86.0.4240.198', 'Mozilla/5.0 (Windows NT 10.0; Win64; x64) AppleWebKit/537.36 (KHTML, like Gecko) Chrome/86.0.4240.198 Safari/537.36', 'Windows 10', '0000-00-00 00:00:00'),
(354, 1, '{\"role\":\"1\",\"roleText\":\"Administrator\",\"name\":\"Administrator\"}', '49.206.12.198', 'Chrome 86.0.4240.198', 'Mozilla/5.0 (Windows NT 10.0; Win64; x64) AppleWebKit/537.36 (KHTML, like Gecko) Chrome/86.0.4240.198 Safari/537.36', 'Windows 10', '0000-00-00 00:00:00'),
(355, 1, '{\"role\":\"1\",\"roleText\":\"Administrator\",\"name\":\"Administrator\"}', '49.206.12.198', 'Chrome 86.0.4240.198', 'Mozilla/5.0 (Windows NT 10.0; Win64; x64) AppleWebKit/537.36 (KHTML, like Gecko) Chrome/86.0.4240.198 Safari/537.36', 'Windows 10', '0000-00-00 00:00:00'),
(356, 1, '{\"role\":\"1\",\"roleText\":\"Administrator\",\"name\":\"Administrator\"}', '49.206.12.198', 'Chrome 86.0.4240.198', 'Mozilla/5.0 (Windows NT 10.0; Win64; x64) AppleWebKit/537.36 (KHTML, like Gecko) Chrome/86.0.4240.198 Safari/537.36', 'Windows 10', '0000-00-00 00:00:00'),
(357, 1, '{\"role\":\"1\",\"roleText\":\"Administrator\",\"name\":\"Administrator\"}', '49.206.12.198', 'Chrome 86.0.4240.198', 'Mozilla/5.0 (Windows NT 10.0; Win64; x64) AppleWebKit/537.36 (KHTML, like Gecko) Chrome/86.0.4240.198 Safari/537.36', 'Windows 10', '0000-00-00 00:00:00'),
(358, 1, '{\"role\":\"1\",\"roleText\":\"Administrator\",\"name\":\"Administrator\"}', '49.206.4.152', 'Chrome 78.0.3904.97', 'Mozilla/5.0 (X11; Linux x86_64) AppleWebKit/537.36 (KHTML, like Gecko) Chrome/78.0.3904.97 Safari/537.36', 'Linux', '0000-00-00 00:00:00'),
(359, 1, '{\"role\":\"1\",\"roleText\":\"Administrator\",\"name\":\"Administrator\"}', '42.190.22.135', 'Chrome 86.0.4240.193', 'Mozilla/5.0 (Windows NT 10.0; Win64; x64) AppleWebKit/537.36 (KHTML, like Gecko) Chrome/86.0.4240.193 Safari/537.36', 'Windows 10', '0000-00-00 00:00:00');
INSERT INTO `tbl_last_login` (`id`, `userId`, `sessionData`, `machineIp`, `userAgent`, `agentString`, `platform`, `createdDtm`) VALUES
(360, 1, '{\"role\":\"1\",\"roleText\":\"Administrator\",\"name\":\"Administrator\"}', '157.49.80.109', 'Chrome 85.0.4183.121', 'Mozilla/5.0 (X11; Linux x86_64) AppleWebKit/537.36 (KHTML, like Gecko) Chrome/85.0.4183.121 Safari/537.36', 'Linux', '0000-00-00 00:00:00'),
(361, 1, '{\"role\":\"1\",\"roleText\":\"Administrator\",\"name\":\"Administrator\"}', '42.105.116.73', 'Chrome 85.0.4183.121', 'Mozilla/5.0 (X11; Linux x86_64) AppleWebKit/537.36 (KHTML, like Gecko) Chrome/85.0.4183.121 Safari/537.36', 'Linux', '0000-00-00 00:00:00'),
(362, 1, '{\"role\":\"1\",\"roleText\":\"Administrator\",\"name\":\"Administrator\"}', '42.105.116.33', 'Chrome 85.0.4183.121', 'Mozilla/5.0 (X11; Linux x86_64) AppleWebKit/537.36 (KHTML, like Gecko) Chrome/85.0.4183.121 Safari/537.36', 'Linux', '0000-00-00 00:00:00'),
(363, 1, '{\"role\":\"1\",\"roleText\":\"Administrator\",\"name\":\"Administrator\"}', '49.206.4.152', 'Chrome 78.0.3904.97', 'Mozilla/5.0 (X11; Linux x86_64) AppleWebKit/537.36 (KHTML, like Gecko) Chrome/78.0.3904.97 Safari/537.36', 'Linux', '0000-00-00 00:00:00'),
(364, 1, '{\"role\":\"1\",\"roleText\":\"Administrator\",\"name\":\"Administrator\"}', '49.206.4.152', 'Chrome 78.0.3904.97', 'Mozilla/5.0 (X11; Linux x86_64) AppleWebKit/537.36 (KHTML, like Gecko) Chrome/78.0.3904.97 Safari/537.36', 'Linux', '0000-00-00 00:00:00'),
(365, 1, '{\"role\":\"1\",\"roleText\":\"Administrator\",\"name\":\"Administrator\"}', '49.206.4.152', 'Chrome 78.0.3904.97', 'Mozilla/5.0 (X11; Linux x86_64) AppleWebKit/537.36 (KHTML, like Gecko) Chrome/78.0.3904.97 Safari/537.36', 'Linux', '0000-00-00 00:00:00'),
(366, 1, '{\"role\":\"1\",\"roleText\":\"Administrator\",\"name\":\"Administrator\"}', '117.230.43.103', 'Chrome 85.0.4183.121', 'Mozilla/5.0 (X11; Linux x86_64) AppleWebKit/537.36 (KHTML, like Gecko) Chrome/85.0.4183.121 Safari/537.36', 'Linux', '0000-00-00 00:00:00'),
(367, 11, '{\"role\":\"15\",\"roleText\":\"AEU Administrator\",\"name\":\"Aeu Administrator\"}', '117.230.43.103', 'Chrome 85.0.4183.121', 'Mozilla/5.0 (X11; Linux x86_64) AppleWebKit/537.36 (KHTML, like Gecko) Chrome/85.0.4183.121 Safari/537.36', 'Linux', '0000-00-00 00:00:00'),
(368, 1, '{\"role\":\"1\",\"roleText\":\"Administrator\",\"name\":\"Administrator\"}', '117.230.43.103', 'Chrome 85.0.4183.121', 'Mozilla/5.0 (X11; Linux x86_64) AppleWebKit/537.36 (KHTML, like Gecko) Chrome/85.0.4183.121 Safari/537.36', 'Linux', '0000-00-00 00:00:00'),
(369, 1, '{\"role\":\"1\",\"roleText\":\"Administrator\",\"name\":\"Administrator\"}', '42.190.11.118', 'Chrome 86.0.4240.193', 'Mozilla/5.0 (Windows NT 10.0; Win64; x64) AppleWebKit/537.36 (KHTML, like Gecko) Chrome/86.0.4240.193 Safari/537.36', 'Windows 10', '0000-00-00 00:00:00'),
(370, 1, '{\"role\":\"1\",\"roleText\":\"Administrator\",\"name\":\"Administrator\"}', '49.206.4.152', 'Chrome 87.0.4280.66', 'Mozilla/5.0 (Windows NT 10.0; Win64; x64) AppleWebKit/537.36 (KHTML, like Gecko) Chrome/87.0.4280.66 Safari/537.36', 'Windows 10', '0000-00-00 00:00:00'),
(371, 1, '{\"role\":\"1\",\"roleText\":\"Administrator\",\"name\":\"Administrator\"}', '42.190.11.118', 'Chrome 86.0.4240.193', 'Mozilla/5.0 (Windows NT 10.0; Win64; x64) AppleWebKit/537.36 (KHTML, like Gecko) Chrome/86.0.4240.193 Safari/537.36', 'Windows 10', '0000-00-00 00:00:00'),
(372, 1, '{\"role\":\"1\",\"roleText\":\"Administrator\",\"name\":\"Administrator\"}', '42.190.11.118', 'Chrome 86.0.4240.193', 'Mozilla/5.0 (Windows NT 10.0; Win64; x64) AppleWebKit/537.36 (KHTML, like Gecko) Chrome/86.0.4240.193 Safari/537.36', 'Windows 10', '0000-00-00 00:00:00'),
(373, 1, '{\"role\":\"1\",\"roleText\":\"Administrator\",\"name\":\"Administrator\"}', '42.105.120.166', 'Chrome 85.0.4183.121', 'Mozilla/5.0 (X11; Linux x86_64) AppleWebKit/537.36 (KHTML, like Gecko) Chrome/85.0.4183.121 Safari/537.36', 'Linux', '0000-00-00 00:00:00'),
(374, 1, '{\"role\":\"1\",\"roleText\":\"Administrator\",\"name\":\"Administrator\"}', '42.190.11.118', 'Chrome 86.0.4240.193', 'Mozilla/5.0 (Windows NT 10.0; Win64; x64) AppleWebKit/537.36 (KHTML, like Gecko) Chrome/86.0.4240.193 Safari/537.36', 'Windows 10', '0000-00-00 00:00:00'),
(375, 1, '{\"role\":\"1\",\"roleText\":\"Administrator\",\"name\":\"Administrator\"}', '49.206.4.152', 'Safari 604.1', 'Mozilla/5.0 (iPhone; CPU iPhone OS 13_7 like Mac OS X) AppleWebKit/605.1.15 (KHTML, like Gecko) CriOS/86.0.4240.93 Mobile/15E148 Safari/604.1', 'iOS', '0000-00-00 00:00:00'),
(376, 1, '{\"role\":\"1\",\"roleText\":\"Administrator\",\"name\":\"Administrator\"}', '49.206.4.152', 'Chrome 78.0.3904.97', 'Mozilla/5.0 (X11; Linux x86_64) AppleWebKit/537.36 (KHTML, like Gecko) Chrome/78.0.3904.97 Safari/537.36', 'Linux', '0000-00-00 00:00:00'),
(377, 1, '{\"role\":\"1\",\"roleText\":\"Administrator\",\"name\":\"Administrator\"}', '49.206.4.152', 'Chrome 78.0.3904.97', 'Mozilla/5.0 (X11; Linux x86_64) AppleWebKit/537.36 (KHTML, like Gecko) Chrome/78.0.3904.97 Safari/537.36', 'Linux', '0000-00-00 00:00:00'),
(378, 1, '{\"role\":\"1\",\"roleText\":\"Administrator\",\"name\":\"Administrator\"}', '157.49.94.250', 'Chrome 85.0.4183.121', 'Mozilla/5.0 (X11; Linux x86_64) AppleWebKit/537.36 (KHTML, like Gecko) Chrome/85.0.4183.121 Safari/537.36', 'Linux', '0000-00-00 00:00:00'),
(379, 1, '{\"role\":\"1\",\"roleText\":\"Administrator\",\"name\":\"Administrator\"}', '49.206.4.152', 'Chrome 78.0.3904.97', 'Mozilla/5.0 (X11; Linux x86_64) AppleWebKit/537.36 (KHTML, like Gecko) Chrome/78.0.3904.97 Safari/537.36', 'Linux', '0000-00-00 00:00:00'),
(380, 1, '{\"role\":\"1\",\"roleText\":\"Administrator\",\"name\":\"Administrator\"}', '157.49.82.40', 'Chrome 85.0.4183.121', 'Mozilla/5.0 (X11; Linux x86_64) AppleWebKit/537.36 (KHTML, like Gecko) Chrome/85.0.4183.121 Safari/537.36', 'Linux', '0000-00-00 00:00:00'),
(381, 1, '{\"role\":\"1\",\"roleText\":\"Administrator\",\"name\":\"Administrator\"}', '157.49.82.40', 'Chrome 85.0.4183.121', 'Mozilla/5.0 (X11; Linux x86_64) AppleWebKit/537.36 (KHTML, like Gecko) Chrome/85.0.4183.121 Safari/537.36', 'Linux', '0000-00-00 00:00:00'),
(382, 1, '{\"role\":\"1\",\"roleText\":\"Administrator\",\"name\":\"Administrator\"}', '49.206.4.152', 'Chrome 78.0.3904.97', 'Mozilla/5.0 (X11; Linux x86_64) AppleWebKit/537.36 (KHTML, like Gecko) Chrome/78.0.3904.97 Safari/537.36', 'Linux', '0000-00-00 00:00:00'),
(383, 1, '{\"role\":\"1\",\"roleText\":\"Administrator\",\"name\":\"Administrator\"}', '157.49.94.191', 'Chrome 85.0.4183.121', 'Mozilla/5.0 (X11; Linux x86_64) AppleWebKit/537.36 (KHTML, like Gecko) Chrome/85.0.4183.121 Safari/537.36', 'Linux', '0000-00-00 00:00:00'),
(384, 1, '{\"role\":\"1\",\"roleText\":\"Administrator\",\"name\":\"Administrator\"}', '157.49.70.62', 'Chrome 85.0.4183.121', 'Mozilla/5.0 (X11; Linux x86_64) AppleWebKit/537.36 (KHTML, like Gecko) Chrome/85.0.4183.121 Safari/537.36', 'Linux', '0000-00-00 00:00:00'),
(385, 13, '{\"role\":\"17\",\"roleText\":\"Research Colloquium\",\"name\":\"Colloquium User\"}', '157.49.70.62', 'Chrome 85.0.4183.121', 'Mozilla/5.0 (X11; Linux x86_64) AppleWebKit/537.36 (KHTML, like Gecko) Chrome/85.0.4183.121 Safari/537.36', 'Linux', '0000-00-00 00:00:00'),
(386, 1, '{\"role\":\"1\",\"roleText\":\"Administrator\",\"name\":\"Administrator\"}', '157.49.70.62', 'Chrome 85.0.4183.121', 'Mozilla/5.0 (X11; Linux x86_64) AppleWebKit/537.36 (KHTML, like Gecko) Chrome/85.0.4183.121 Safari/537.36', 'Linux', '0000-00-00 00:00:00'),
(387, 1, '{\"role\":\"1\",\"roleText\":\"Administrator\",\"name\":\"Administrator\"}', '49.206.4.152', 'Chrome 78.0.3904.97', 'Mozilla/5.0 (X11; Linux x86_64) AppleWebKit/537.36 (KHTML, like Gecko) Chrome/78.0.3904.97 Safari/537.36', 'Linux', '0000-00-00 00:00:00'),
(388, 1, '{\"role\":\"1\",\"roleText\":\"Administrator\",\"name\":\"Administrator\"}', '49.206.4.152', 'Chrome 78.0.3904.97', 'Mozilla/5.0 (X11; Linux x86_64) AppleWebKit/537.36 (KHTML, like Gecko) Chrome/78.0.3904.97 Safari/537.36', 'Linux', '0000-00-00 00:00:00'),
(389, 1, '{\"role\":\"1\",\"roleText\":\"Administrator\",\"name\":\"Administrator\"}', '42.190.11.118', 'Chrome 87.0.4280.66', 'Mozilla/5.0 (Windows NT 10.0; Win64; x64) AppleWebKit/537.36 (KHTML, like Gecko) Chrome/87.0.4280.66 Safari/537.36', 'Windows 10', '0000-00-00 00:00:00'),
(390, 1, '{\"role\":\"1\",\"roleText\":\"Administrator\",\"name\":\"Administrator\"}', '49.206.4.152', 'Chrome 78.0.3904.97', 'Mozilla/5.0 (X11; Linux x86_64) AppleWebKit/537.36 (KHTML, like Gecko) Chrome/78.0.3904.97 Safari/537.36', 'Linux', '0000-00-00 00:00:00'),
(391, 1, '{\"role\":\"1\",\"roleText\":\"Administrator\",\"name\":\"Administrator\"}', '49.206.4.152', 'Chrome 78.0.3904.97', 'Mozilla/5.0 (X11; Linux x86_64) AppleWebKit/537.36 (KHTML, like Gecko) Chrome/78.0.3904.97 Safari/537.36', 'Linux', '0000-00-00 00:00:00'),
(392, 1, '{\"role\":\"1\",\"roleText\":\"Administrator\",\"name\":\"Administrator\"}', '157.48.196.25', 'Chrome 87.0.4280.66', 'Mozilla/5.0 (X11; Linux x86_64) AppleWebKit/537.36 (KHTML, like Gecko) Chrome/87.0.4280.66 Safari/537.36', 'Linux', '0000-00-00 00:00:00'),
(393, 1, '{\"role\":\"1\",\"roleText\":\"Administrator\",\"name\":\"Administrator\"}', '49.206.4.152', 'Chrome 78.0.3904.97', 'Mozilla/5.0 (X11; Linux x86_64) AppleWebKit/537.36 (KHTML, like Gecko) Chrome/78.0.3904.97 Safari/537.36', 'Linux', '0000-00-00 00:00:00'),
(394, 1, '{\"role\":\"1\",\"roleText\":\"Administrator\",\"name\":\"Administrator\"}', '42.190.11.118', 'Chrome 87.0.4280.66', 'Mozilla/5.0 (Windows NT 10.0; Win64; x64) AppleWebKit/537.36 (KHTML, like Gecko) Chrome/87.0.4280.66 Safari/537.36', 'Windows 10', '0000-00-00 00:00:00'),
(395, 1, '{\"role\":\"1\",\"roleText\":\"Administrator\",\"name\":\"Administrator\"}', '49.206.4.152', 'Safari 604.1', 'Mozilla/5.0 (iPhone; CPU iPhone OS 13_7 like Mac OS X) AppleWebKit/605.1.15 (KHTML, like Gecko) Version/13.1.2 Mobile/15E148 Safari/604.1', 'iOS', '0000-00-00 00:00:00'),
(396, 1, '{\"role\":\"1\",\"roleText\":\"Administrator\",\"name\":\"Administrator\"}', '49.206.4.152', 'Chrome 78.0.3904.97', 'Mozilla/5.0 (X11; Linux x86_64) AppleWebKit/537.36 (KHTML, like Gecko) Chrome/78.0.3904.97 Safari/537.36', 'Linux', '0000-00-00 00:00:00'),
(397, 1, '{\"role\":\"1\",\"roleText\":\"Administrator\",\"name\":\"Administrator\"}', '49.206.4.152', 'Chrome 87.0.4280.66', 'Mozilla/5.0 (X11; Linux x86_64) AppleWebKit/537.36 (KHTML, like Gecko) Chrome/87.0.4280.66 Safari/537.36', 'Linux', '0000-00-00 00:00:00'),
(398, 1, '{\"role\":\"1\",\"roleText\":\"Administrator\",\"name\":\"Administrator\"}', '42.190.11.118', 'Chrome 87.0.4280.66', 'Mozilla/5.0 (Windows NT 10.0; Win64; x64) AppleWebKit/537.36 (KHTML, like Gecko) Chrome/87.0.4280.66 Safari/537.36', 'Windows 10', '0000-00-00 00:00:00'),
(399, 1, '{\"role\":\"1\",\"roleText\":\"Administrator\",\"name\":\"Administrator\"}', '49.206.4.152', 'Chrome 87.0.4280.66', 'Mozilla/5.0 (X11; Linux x86_64) AppleWebKit/537.36 (KHTML, like Gecko) Chrome/87.0.4280.66 Safari/537.36', 'Linux', '0000-00-00 00:00:00'),
(400, 1, '{\"role\":\"1\",\"roleText\":\"Administrator\",\"name\":\"Administrator\"}', '49.206.4.152', 'Chrome 78.0.3904.97', 'Mozilla/5.0 (X11; Linux x86_64) AppleWebKit/537.36 (KHTML, like Gecko) Chrome/78.0.3904.97 Safari/537.36', 'Linux', '0000-00-00 00:00:00'),
(401, 1, '{\"role\":\"1\",\"roleText\":\"Administrator\",\"name\":\"Administrator\"}', '49.206.4.152', 'Chrome 87.0.4280.66', 'Mozilla/5.0 (X11; Linux x86_64) AppleWebKit/537.36 (KHTML, like Gecko) Chrome/87.0.4280.66 Safari/537.36', 'Linux', '0000-00-00 00:00:00'),
(402, 1, '{\"role\":\"1\",\"roleText\":\"Administrator\",\"name\":\"Administrator\"}', '42.190.11.118', 'Chrome 87.0.4280.66', 'Mozilla/5.0 (Windows NT 10.0; Win64; x64) AppleWebKit/537.36 (KHTML, like Gecko) Chrome/87.0.4280.66 Safari/537.36', 'Windows 10', '0000-00-00 00:00:00'),
(403, 1, '{\"role\":\"1\",\"roleText\":\"Administrator\",\"name\":\"Administrator\"}', '49.206.4.152', 'Chrome 87.0.4280.66', 'Mozilla/5.0 (X11; Linux x86_64) AppleWebKit/537.36 (KHTML, like Gecko) Chrome/87.0.4280.66 Safari/537.36', 'Linux', '0000-00-00 00:00:00'),
(404, 1, '{\"role\":\"1\",\"roleText\":\"Administrator\",\"name\":\"Administrator\"}', '49.206.4.152', 'Chrome 78.0.3904.97', 'Mozilla/5.0 (X11; Linux x86_64) AppleWebKit/537.36 (KHTML, like Gecko) Chrome/78.0.3904.97 Safari/537.36', 'Linux', '0000-00-00 00:00:00'),
(405, 1, '{\"role\":\"1\",\"roleText\":\"Administrator\",\"name\":\"Administrator\"}', '42.190.11.118', 'Chrome 83.0.4103.106', 'Mozilla/5.0 (Linux; Android 10; SAMSUNG SM-N960F) AppleWebKit/537.36 (KHTML, like Gecko) SamsungBrowser/13.0 Chrome/83.0.4103.106 Mobile Safari/537.36', 'Android', '0000-00-00 00:00:00'),
(406, 1, '{\"role\":\"1\",\"roleText\":\"Administrator\",\"name\":\"Administrator\"}', '42.190.11.118', 'Chrome 87.0.4280.66', 'Mozilla/5.0 (Windows NT 10.0; Win64; x64) AppleWebKit/537.36 (KHTML, like Gecko) Chrome/87.0.4280.66 Safari/537.36', 'Windows 10', '0000-00-00 00:00:00'),
(407, 1, '{\"role\":\"1\",\"roleText\":\"Administrator\",\"name\":\"Administrator\"}', '49.206.4.152', 'Chrome 87.0.4280.66', 'Mozilla/5.0 (X11; Linux x86_64) AppleWebKit/537.36 (KHTML, like Gecko) Chrome/87.0.4280.66 Safari/537.36', 'Linux', '0000-00-00 00:00:00'),
(408, 1, '{\"role\":\"1\",\"roleText\":\"Administrator\",\"name\":\"Administrator\"}', '49.206.4.152', 'Chrome 87.0.4280.66', 'Mozilla/5.0 (X11; Linux x86_64) AppleWebKit/537.36 (KHTML, like Gecko) Chrome/87.0.4280.66 Safari/537.36', 'Linux', '0000-00-00 00:00:00'),
(409, 1, '{\"role\":\"1\",\"roleText\":\"Administrator\",\"name\":\"Administrator\"}', '49.206.4.152', 'Chrome 78.0.3904.97', 'Mozilla/5.0 (X11; Linux x86_64) AppleWebKit/537.36 (KHTML, like Gecko) Chrome/78.0.3904.97 Safari/537.36', 'Linux', '0000-00-00 00:00:00'),
(410, 1, '{\"role\":\"1\",\"roleText\":\"Administrator\",\"name\":\"Administrator\"}', '42.190.11.118', 'Chrome 87.0.4280.66', 'Mozilla/5.0 (Windows NT 10.0; Win64; x64) AppleWebKit/537.36 (KHTML, like Gecko) Chrome/87.0.4280.66 Safari/537.36', 'Windows 10', '0000-00-00 00:00:00'),
(411, 1, '{\"role\":\"1\",\"roleText\":\"Administrator\",\"name\":\"Administrator\"}', '49.206.4.152', 'Chrome 87.0.4280.66', 'Mozilla/5.0 (X11; Linux x86_64) AppleWebKit/537.36 (KHTML, like Gecko) Chrome/87.0.4280.66 Safari/537.36', 'Linux', '0000-00-00 00:00:00'),
(412, 1, '{\"role\":\"1\",\"roleText\":\"Administrator\",\"name\":\"Administrator\"}', '49.206.4.152', 'Chrome 78.0.3904.97', 'Mozilla/5.0 (X11; Linux x86_64) AppleWebKit/537.36 (KHTML, like Gecko) Chrome/78.0.3904.97 Safari/537.36', 'Linux', '0000-00-00 00:00:00'),
(413, 1, '{\"role\":\"1\",\"roleText\":\"Administrator\",\"name\":\"Administrator\"}', '49.206.4.152', 'Chrome 78.0.3904.97', 'Mozilla/5.0 (X11; Linux x86_64) AppleWebKit/537.36 (KHTML, like Gecko) Chrome/78.0.3904.97 Safari/537.36', 'Linux', '2020-12-03 00:22:08'),
(414, 1, '{\"role\":\"1\",\"roleText\":\"Administrator\",\"name\":\"Administrator\"}', '49.206.4.152', 'Chrome 87.0.4280.66', 'Mozilla/5.0 (X11; Linux x86_64) AppleWebKit/537.36 (KHTML, like Gecko) Chrome/87.0.4280.66 Safari/537.36', 'Linux', '2020-12-03 02:09:56'),
(415, 1, '{\"role\":\"1\",\"roleText\":\"Administrator\",\"name\":\"Administrator\"}', '49.206.4.152', 'Chrome 78.0.3904.97', 'Mozilla/5.0 (X11; Linux x86_64) AppleWebKit/537.36 (KHTML, like Gecko) Chrome/78.0.3904.97 Safari/537.36', 'Linux', '2020-12-03 02:25:25'),
(416, 1, '{\"role\":\"1\",\"roleText\":\"Administrator\",\"name\":\"Administrator\"}', '49.206.4.152', 'Chrome 87.0.4280.66', 'Mozilla/5.0 (X11; Linux x86_64) AppleWebKit/537.36 (KHTML, like Gecko) Chrome/87.0.4280.66 Safari/537.36', 'Linux', '2020-12-03 09:57:01'),
(417, 1, '{\"role\":\"1\",\"roleText\":\"Administrator\",\"name\":\"Administrator\"}', '49.206.4.152', 'Chrome 78.0.3904.97', 'Mozilla/5.0 (X11; Linux x86_64) AppleWebKit/537.36 (KHTML, like Gecko) Chrome/78.0.3904.97 Safari/537.36', 'Linux', '2020-12-03 19:17:23'),
(418, 1, '{\"role\":\"1\",\"roleText\":\"Administrator\",\"name\":\"Administrator\"}', '117.230.178.148', 'Chrome 87.0.4280.66', 'Mozilla/5.0 (X11; Linux x86_64) AppleWebKit/537.36 (KHTML, like Gecko) Chrome/87.0.4280.66 Safari/537.36', 'Linux', '2020-12-05 22:02:16'),
(419, 1, '{\"role\":\"1\",\"roleText\":\"Administrator\",\"name\":\"Administrator\"}', '42.190.11.118', 'Chrome 87.0.4280.88', 'Mozilla/5.0 (Windows NT 10.0; Win64; x64) AppleWebKit/537.36 (KHTML, like Gecko) Chrome/87.0.4280.88 Safari/537.36', 'Windows 10', '2020-12-06 19:54:04'),
(420, 1, '{\"role\":\"1\",\"roleText\":\"Administrator\",\"name\":\"Administrator\"}', '49.206.4.152', 'Chrome 78.0.3904.97', 'Mozilla/5.0 (X11; Linux x86_64) AppleWebKit/537.36 (KHTML, like Gecko) Chrome/78.0.3904.97 Safari/537.36', 'Linux', '2020-12-06 23:53:45'),
(421, 1, '{\"role\":\"1\",\"roleText\":\"Administrator\",\"name\":\"Administrator\"}', '117.230.130.22', 'Chrome 87.0.4280.66', 'Mozilla/5.0 (X11; Linux x86_64) AppleWebKit/537.36 (KHTML, like Gecko) Chrome/87.0.4280.66 Safari/537.36', 'Linux', '2020-12-07 07:33:12'),
(422, 1, '{\"role\":\"1\",\"roleText\":\"Administrator\",\"name\":\"Administrator\"}', '49.206.4.152', 'Chrome 78.0.3904.97', 'Mozilla/5.0 (X11; Linux x86_64) AppleWebKit/537.36 (KHTML, like Gecko) Chrome/78.0.3904.97 Safari/537.36', 'Linux', '2020-12-07 08:56:43'),
(423, 1, '{\"role\":\"1\",\"roleText\":\"Administrator\",\"name\":\"Administrator\"}', '117.230.61.17', 'Chrome 87.0.4280.66', 'Mozilla/5.0 (X11; Linux x86_64) AppleWebKit/537.36 (KHTML, like Gecko) Chrome/87.0.4280.66 Safari/537.36', 'Linux', '2020-12-07 11:18:25'),
(424, 1, '{\"role\":\"1\",\"roleText\":\"Administrator\",\"name\":\"Administrator\"}', '49.206.4.152', 'Chrome 78.0.3904.97', 'Mozilla/5.0 (X11; Linux x86_64) AppleWebKit/537.36 (KHTML, like Gecko) Chrome/78.0.3904.97 Safari/537.36', 'Linux', '2020-12-07 18:59:43'),
(425, 1, '{\"role\":\"1\",\"roleText\":\"Administrator\",\"name\":\"Administrator\"}', '42.190.11.118', 'Chrome 87.0.4280.88', 'Mozilla/5.0 (Windows NT 10.0; Win64; x64) AppleWebKit/537.36 (KHTML, like Gecko) Chrome/87.0.4280.88 Safari/537.36', 'Windows 10', '2020-12-07 22:21:03'),
(426, 1, '{\"role\":\"1\",\"roleText\":\"Administrator\",\"name\":\"Administrator\"}', '49.206.4.152', 'Chrome 78.0.3904.97', 'Mozilla/5.0 (X11; Linux x86_64) AppleWebKit/537.36 (KHTML, like Gecko) Chrome/78.0.3904.97 Safari/537.36', 'Linux', '2020-12-07 23:02:27'),
(427, 1, '{\"role\":\"1\",\"roleText\":\"Administrator\",\"name\":\"Administrator\"}', '223.186.176.100', 'Chrome 87.0.4280.66', 'Mozilla/5.0 (X11; Linux x86_64) AppleWebKit/537.36 (KHTML, like Gecko) Chrome/87.0.4280.66 Safari/537.36', 'Linux', '2020-12-07 23:41:33'),
(428, 1, '{\"role\":\"1\",\"roleText\":\"Administrator\",\"name\":\"Administrator\"}', '49.206.4.152', 'Chrome 78.0.3904.97', 'Mozilla/5.0 (X11; Linux x86_64) AppleWebKit/537.36 (KHTML, like Gecko) Chrome/78.0.3904.97 Safari/537.36', 'Linux', '2020-12-08 03:04:08'),
(429, 1, '{\"role\":\"1\",\"roleText\":\"Administrator\",\"name\":\"Administrator\"}', '42.190.11.118', 'Chrome 87.0.4280.88', 'Mozilla/5.0 (Windows NT 10.0; Win64; x64) AppleWebKit/537.36 (KHTML, like Gecko) Chrome/87.0.4280.88 Safari/537.36', 'Windows 10', '2020-12-08 05:21:42'),
(430, 1, '{\"role\":\"1\",\"roleText\":\"Administrator\",\"name\":\"Administrator\"}', '223.186.176.100', 'Chrome 87.0.4280.66', 'Mozilla/5.0 (X11; Linux x86_64) AppleWebKit/537.36 (KHTML, like Gecko) Chrome/87.0.4280.66 Safari/537.36', 'Linux', '2020-12-08 06:11:22'),
(431, 1, '{\"role\":\"1\",\"roleText\":\"Administrator\",\"name\":\"Administrator\"}', '49.206.4.152', 'Chrome 78.0.3904.97', 'Mozilla/5.0 (X11; Linux x86_64) AppleWebKit/537.36 (KHTML, like Gecko) Chrome/78.0.3904.97 Safari/537.36', 'Linux', '2020-12-08 08:05:46'),
(432, 1, '{\"role\":\"1\",\"roleText\":\"Administrator\",\"name\":\"Administrator\"}', '49.206.4.152', 'Chrome 87.0.4280.88', 'Mozilla/5.0 (Windows NT 10.0; Win64; x64) AppleWebKit/537.36 (KHTML, like Gecko) Chrome/87.0.4280.88 Safari/537.36', 'Windows 10', '2020-12-08 08:08:46'),
(433, 1, '{\"role\":\"1\",\"roleText\":\"Administrator\",\"name\":\"Administrator\"}', '223.186.176.100', 'Chrome 87.0.4280.66', 'Mozilla/5.0 (X11; Linux x86_64) AppleWebKit/537.36 (KHTML, like Gecko) Chrome/87.0.4280.66 Safari/537.36', 'Linux', '2020-12-08 09:51:58'),
(434, 1, '{\"role\":\"1\",\"roleText\":\"Administrator\",\"name\":\"Administrator\"}', '42.190.11.118', 'Chrome 87.0.4280.88', 'Mozilla/5.0 (Windows NT 10.0; Win64; x64) AppleWebKit/537.36 (KHTML, like Gecko) Chrome/87.0.4280.88 Safari/537.36', 'Windows 10', '2020-12-08 16:35:30'),
(435, 1, '{\"role\":\"1\",\"roleText\":\"Administrator\",\"name\":\"Administrator\"}', '49.206.4.152', 'Chrome 78.0.3904.97', 'Mozilla/5.0 (X11; Linux x86_64) AppleWebKit/537.36 (KHTML, like Gecko) Chrome/78.0.3904.97 Safari/537.36', 'Linux', '2020-12-08 18:30:17'),
(436, 1, '{\"role\":\"1\",\"roleText\":\"Administrator\",\"name\":\"Administrator\"}', '49.206.4.152', 'Chrome 78.0.3904.97', 'Mozilla/5.0 (X11; Linux x86_64) AppleWebKit/537.36 (KHTML, like Gecko) Chrome/78.0.3904.97 Safari/537.36', 'Linux', '2020-12-08 23:37:29'),
(437, 1, '{\"role\":\"1\",\"roleText\":\"Administrator\",\"name\":\"Administrator\"}', '42.190.11.118', 'Chrome 87.0.4280.88', 'Mozilla/5.0 (Windows NT 10.0; Win64; x64) AppleWebKit/537.36 (KHTML, like Gecko) Chrome/87.0.4280.88 Safari/537.36', 'Windows 10', '2020-12-09 03:46:25'),
(438, 1, '{\"role\":\"1\",\"roleText\":\"Administrator\",\"name\":\"Administrator\"}', '42.105.116.125', 'Chrome 87.0.4280.66', 'Mozilla/5.0 (X11; Linux x86_64) AppleWebKit/537.36 (KHTML, like Gecko) Chrome/87.0.4280.66 Safari/537.36', 'Linux', '2020-12-09 13:42:13'),
(439, 1, '{\"role\":\"1\",\"roleText\":\"Administrator\",\"name\":\"Administrator\"}', '49.206.4.152', 'Chrome 78.0.3904.97', 'Mozilla/5.0 (X11; Linux x86_64) AppleWebKit/537.36 (KHTML, like Gecko) Chrome/78.0.3904.97 Safari/537.36', 'Linux', '2020-12-09 17:48:42'),
(440, 1, '{\"role\":\"1\",\"roleText\":\"Administrator\",\"name\":\"Administrator\"}', '157.45.71.122', 'Chrome 87.0.4280.66', 'Mozilla/5.0 (X11; Linux x86_64) AppleWebKit/537.36 (KHTML, like Gecko) Chrome/87.0.4280.66 Safari/537.36', 'Linux', '2020-12-09 20:19:13'),
(441, 1, '{\"role\":\"1\",\"roleText\":\"Administrator\",\"name\":\"Administrator\"}', '49.206.4.152', 'Chrome 87.0.4280.88', 'Mozilla/5.0 (Windows NT 10.0; Win64; x64) AppleWebKit/537.36 (KHTML, like Gecko) Chrome/87.0.4280.88 Safari/537.36', 'Windows 10', '2020-12-09 20:45:59'),
(442, 1, '{\"role\":\"1\",\"roleText\":\"Administrator\",\"name\":\"Administrator\"}', '157.45.71.122', 'Chrome 87.0.4280.66', 'Mozilla/5.0 (X11; Linux x86_64) AppleWebKit/537.36 (KHTML, like Gecko) Chrome/87.0.4280.66 Safari/537.36', 'Linux', '2020-12-10 00:19:08'),
(443, 1, '{\"role\":\"1\",\"roleText\":\"Administrator\",\"name\":\"Administrator\"}', '49.206.4.152', 'Chrome 78.0.3904.97', 'Mozilla/5.0 (X11; Linux x86_64) AppleWebKit/537.36 (KHTML, like Gecko) Chrome/78.0.3904.97 Safari/537.36', 'Linux', '2020-12-10 03:57:34'),
(444, 1, '{\"role\":\"1\",\"roleText\":\"Administrator\",\"name\":\"Administrator\"}', '49.206.4.152', 'Chrome 78.0.3904.97', 'Mozilla/5.0 (X11; Linux x86_64) AppleWebKit/537.36 (KHTML, like Gecko) Chrome/78.0.3904.97 Safari/537.36', 'Linux', '2020-12-10 06:21:18'),
(445, 1, '{\"role\":\"1\",\"roleText\":\"Administrator\",\"name\":\"Administrator\"}', '49.206.4.152', 'Chrome 78.0.3904.97', 'Mozilla/5.0 (X11; Linux x86_64) AppleWebKit/537.36 (KHTML, like Gecko) Chrome/78.0.3904.97 Safari/537.36', 'Linux', '2020-12-10 18:17:29'),
(446, 1, '{\"role\":\"1\",\"roleText\":\"Administrator\",\"name\":\"Administrator\"}', '42.105.116.181', 'Chrome 87.0.4280.88', 'Mozilla/5.0 (Windows NT 10.0; Win64; x64) AppleWebKit/537.36 (KHTML, like Gecko) Chrome/87.0.4280.88 Safari/537.36', 'Windows 10', '2020-12-10 22:24:37'),
(447, 1, '{\"role\":\"1\",\"roleText\":\"Administrator\",\"name\":\"Administrator\"}', '49.206.4.152', 'Chrome 78.0.3904.97', 'Mozilla/5.0 (X11; Linux x86_64) AppleWebKit/537.36 (KHTML, like Gecko) Chrome/78.0.3904.97 Safari/537.36', 'Linux', '2020-12-11 00:32:04'),
(448, 1, '{\"role\":\"1\",\"roleText\":\"Administrator\",\"name\":\"Administrator\"}', '157.45.71.122', 'Chrome 87.0.4280.66', 'Mozilla/5.0 (X11; Linux x86_64) AppleWebKit/537.36 (KHTML, like Gecko) Chrome/87.0.4280.66 Safari/537.36', 'Linux', '2020-12-11 02:50:58'),
(449, 1, '{\"role\":\"1\",\"roleText\":\"Administrator\",\"name\":\"Administrator\"}', '49.206.4.152', 'Chrome 78.0.3904.97', 'Mozilla/5.0 (X11; Linux x86_64) AppleWebKit/537.36 (KHTML, like Gecko) Chrome/78.0.3904.97 Safari/537.36', 'Linux', '2020-12-11 03:11:16'),
(450, 1, '{\"role\":\"1\",\"roleText\":\"Administrator\",\"name\":\"Administrator\"}', '157.45.71.122', 'Chrome 87.0.4280.66', 'Mozilla/5.0 (X11; Linux x86_64) AppleWebKit/537.36 (KHTML, like Gecko) Chrome/87.0.4280.66 Safari/537.36', 'Linux', '2020-12-11 20:34:33'),
(451, 1, '{\"role\":\"1\",\"roleText\":\"Administrator\",\"name\":\"Administrator\"}', '42.105.118.168', 'Chrome 87.0.4280.66', 'Mozilla/5.0 (X11; Linux x86_64) AppleWebKit/537.36 (KHTML, like Gecko) Chrome/87.0.4280.66 Safari/537.36', 'Linux', '2020-12-12 03:41:18'),
(452, 1, '{\"role\":\"1\",\"roleText\":\"Administrator\",\"name\":\"Administrator\"}', '42.105.117.54', 'Chrome 87.0.4280.66', 'Mozilla/5.0 (X11; Linux x86_64) AppleWebKit/537.36 (KHTML, like Gecko) Chrome/87.0.4280.66 Safari/537.36', 'Linux', '2020-12-12 10:43:27'),
(453, 1, '{\"role\":\"1\",\"roleText\":\"Administrator\",\"name\":\"Administrator\"}', '49.206.4.152', 'Chrome 78.0.3904.97', 'Mozilla/5.0 (X11; Linux x86_64) AppleWebKit/537.36 (KHTML, like Gecko) Chrome/78.0.3904.97 Safari/537.36', 'Linux', '2020-12-14 04:22:33'),
(454, 1, '{\"role\":\"1\",\"roleText\":\"Administrator\",\"name\":\"Administrator\"}', '42.190.11.118', 'Chrome 87.0.4280.88', 'Mozilla/5.0 (Windows NT 10.0; Win64; x64) AppleWebKit/537.36 (KHTML, like Gecko) Chrome/87.0.4280.88 Safari/537.36', 'Windows 10', '2020-12-14 04:30:56'),
(455, 1, '{\"role\":\"1\",\"roleText\":\"Administrator\",\"name\":\"Administrator\"}', '157.45.83.23', 'Chrome 87.0.4280.66', 'Mozilla/5.0 (X11; Linux x86_64) AppleWebKit/537.36 (KHTML, like Gecko) Chrome/87.0.4280.66 Safari/537.36', 'Linux', '2020-12-14 06:49:08'),
(456, 1, '{\"role\":\"1\",\"roleText\":\"Administrator\",\"name\":\"Administrator\"}', '157.45.83.23', 'Chrome 87.0.4280.66', 'Mozilla/5.0 (X11; Linux x86_64) AppleWebKit/537.36 (KHTML, like Gecko) Chrome/87.0.4280.66 Safari/537.36', 'Linux', '2020-12-14 07:14:19'),
(457, 1, '{\"role\":\"1\",\"roleText\":\"Administrator\",\"name\":\"Administrator\"}', '42.105.117.59', 'Chrome 87.0.4280.66', 'Mozilla/5.0 (X11; Linux x86_64) AppleWebKit/537.36 (KHTML, like Gecko) Chrome/87.0.4280.66 Safari/537.36', 'Linux', '2020-12-14 12:36:21'),
(458, 1, '{\"role\":\"1\",\"roleText\":\"Administrator\",\"name\":\"Administrator\"}', '49.206.4.152', 'Chrome 78.0.3904.97', 'Mozilla/5.0 (X11; Linux x86_64) AppleWebKit/537.36 (KHTML, like Gecko) Chrome/78.0.3904.97 Safari/537.36', 'Linux', '2020-12-14 17:29:28'),
(459, 1, '{\"role\":\"1\",\"roleText\":\"Administrator\",\"name\":\"Administrator\"}', '42.190.11.118', 'Chrome 87.0.4280.88', 'Mozilla/5.0 (Windows NT 10.0; Win64; x64) AppleWebKit/537.36 (KHTML, like Gecko) Chrome/87.0.4280.88 Safari/537.36', 'Windows 10', '2020-12-14 19:38:32'),
(460, 1, '{\"role\":\"1\",\"roleText\":\"Administrator\",\"name\":\"Administrator\"}', '157.45.95.115', 'Chrome 87.0.4280.66', 'Mozilla/5.0 (X11; Linux x86_64) AppleWebKit/537.36 (KHTML, like Gecko) Chrome/87.0.4280.66 Safari/537.36', 'Linux', '2020-12-14 22:05:24'),
(461, 1, '{\"role\":\"1\",\"roleText\":\"Administrator\",\"name\":\"Administrator\"}', '49.206.4.152', 'Chrome 78.0.3904.97', 'Mozilla/5.0 (X11; Linux x86_64) AppleWebKit/537.36 (KHTML, like Gecko) Chrome/78.0.3904.97 Safari/537.36', 'Linux', '2020-12-14 23:05:15'),
(462, 1, '{\"role\":\"1\",\"roleText\":\"Administrator\",\"name\":\"Administrator\"}', '42.105.118.201', 'Chrome 87.0.4280.66', 'Mozilla/5.0 (X11; Linux x86_64) AppleWebKit/537.36 (KHTML, like Gecko) Chrome/87.0.4280.66 Safari/537.36', 'Linux', '2020-12-15 02:34:03'),
(463, 1, '{\"role\":\"1\",\"roleText\":\"Administrator\",\"name\":\"Administrator\"}', '42.105.125.194', 'Chrome 87.0.4280.66', 'Mozilla/5.0 (X11; Linux x86_64) AppleWebKit/537.36 (KHTML, like Gecko) Chrome/87.0.4280.66 Safari/537.36', 'Linux', '2020-12-15 05:19:43'),
(464, 1, '{\"role\":\"1\",\"roleText\":\"Administrator\",\"name\":\"Administrator\"}', '49.206.4.152', 'Chrome 78.0.3904.97', 'Mozilla/5.0 (X11; Linux x86_64) AppleWebKit/537.36 (KHTML, like Gecko) Chrome/78.0.3904.97 Safari/537.36', 'Linux', '2020-12-15 08:39:27'),
(465, 1, '{\"role\":\"1\",\"roleText\":\"Administrator\",\"name\":\"Administrator\"}', '157.45.79.144', 'Chrome 87.0.4280.66', 'Mozilla/5.0 (X11; Linux x86_64) AppleWebKit/537.36 (KHTML, like Gecko) Chrome/87.0.4280.66 Safari/537.36', 'Linux', '2020-12-15 09:53:51'),
(466, 1, '{\"role\":\"1\",\"roleText\":\"Administrator\",\"name\":\"Administrator\"}', '42.190.11.118', 'Chrome 87.0.4280.88', 'Mozilla/5.0 (Windows NT 10.0; Win64; x64) AppleWebKit/537.36 (KHTML, like Gecko) Chrome/87.0.4280.88 Safari/537.36', 'Windows 10', '2020-12-15 21:35:46'),
(467, 1, '{\"role\":\"1\",\"roleText\":\"Administrator\",\"name\":\"Administrator\"}', '49.206.4.152', 'Chrome 78.0.3904.97', 'Mozilla/5.0 (X11; Linux x86_64) AppleWebKit/537.36 (KHTML, like Gecko) Chrome/78.0.3904.97 Safari/537.36', 'Linux', '2020-12-16 09:12:42'),
(468, 1, '{\"role\":\"1\",\"roleText\":\"Administrator\",\"name\":\"Administrator\"}', '157.45.167.117', 'Chrome 87.0.4280.66', 'Mozilla/5.0 (X11; Linux x86_64) AppleWebKit/537.36 (KHTML, like Gecko) Chrome/87.0.4280.66 Safari/537.36', 'Linux', '2020-12-16 12:03:15'),
(469, 1, '{\"role\":\"1\",\"roleText\":\"Administrator\",\"name\":\"Administrator\"}', '49.206.4.152', 'Chrome 78.0.3904.97', 'Mozilla/5.0 (X11; Linux x86_64) AppleWebKit/537.36 (KHTML, like Gecko) Chrome/78.0.3904.97 Safari/537.36', 'Linux', '2020-12-17 02:12:33'),
(470, 1, '{\"role\":\"1\",\"roleText\":\"Administrator\",\"name\":\"Administrator\"}', '49.206.4.152', 'Chrome 87.0.4280.88', 'Mozilla/5.0 (Windows NT 10.0; Win64; x64) AppleWebKit/537.36 (KHTML, like Gecko) Chrome/87.0.4280.88 Safari/537.36', 'Windows 10', '2020-12-17 02:48:32'),
(471, 1, '{\"role\":\"1\",\"roleText\":\"Administrator\",\"name\":\"Administrator\"}', '42.105.116.240', 'Chrome 87.0.4280.66', 'Mozilla/5.0 (X11; Linux x86_64) AppleWebKit/537.36 (KHTML, like Gecko) Chrome/87.0.4280.66 Safari/537.36', 'Linux', '2020-12-17 02:53:18'),
(472, 1, '{\"role\":\"1\",\"roleText\":\"Administrator\",\"name\":\"Administrator\"}', '27.59.17.87', 'Chrome 87.0.4280.88', 'Mozilla/5.0 (Macintosh; Intel Mac OS X 10_13_6) AppleWebKit/537.36 (KHTML, like Gecko) Chrome/87.0.4280.88 Safari/537.36', 'Mac OS X', '2020-12-17 03:02:41'),
(473, 1, '{\"role\":\"1\",\"roleText\":\"Administrator\",\"name\":\"Administrator\"}', '49.206.4.152', 'Chrome 78.0.3904.97', 'Mozilla/5.0 (X11; Linux x86_64) AppleWebKit/537.36 (KHTML, like Gecko) Chrome/78.0.3904.97 Safari/537.36', 'Linux', '2020-12-17 04:16:31'),
(474, 1, '{\"role\":\"1\",\"roleText\":\"Administrator\",\"name\":\"Administrator\"}', '42.105.118.232', 'Chrome 87.0.4280.66', 'Mozilla/5.0 (X11; Linux x86_64) AppleWebKit/537.36 (KHTML, like Gecko) Chrome/87.0.4280.66 Safari/537.36', 'Linux', '2020-12-17 12:14:45'),
(475, 1, '{\"role\":\"1\",\"roleText\":\"Administrator\",\"name\":\"Administrator\"}', '49.206.4.152', 'Chrome 78.0.3904.97', 'Mozilla/5.0 (X11; Linux x86_64) AppleWebKit/537.36 (KHTML, like Gecko) Chrome/78.0.3904.97 Safari/537.36', 'Linux', '2020-12-17 18:35:35'),
(476, 1, '{\"role\":\"1\",\"roleText\":\"Administrator\",\"name\":\"Administrator\"}', '42.105.118.167', 'Chrome 87.0.4280.66', 'Mozilla/5.0 (X11; Linux x86_64) AppleWebKit/537.36 (KHTML, like Gecko) Chrome/87.0.4280.66 Safari/537.36', 'Linux', '2020-12-17 20:23:12'),
(477, 1, '{\"role\":\"1\",\"roleText\":\"Administrator\",\"name\":\"Administrator\"}', '27.59.58.198', 'Chrome 87.0.4280.88', 'Mozilla/5.0 (Macintosh; Intel Mac OS X 10_13_6) AppleWebKit/537.36 (KHTML, like Gecko) Chrome/87.0.4280.88 Safari/537.36', 'Mac OS X', '2020-12-18 00:06:28'),
(478, 1, '{\"role\":\"1\",\"roleText\":\"Administrator\",\"name\":\"Administrator\"}', '27.59.58.198', 'Chrome 87.0.4280.88', 'Mozilla/5.0 (Macintosh; Intel Mac OS X 10_13_6) AppleWebKit/537.36 (KHTML, like Gecko) Chrome/87.0.4280.88 Safari/537.36', 'Mac OS X', '2020-12-18 03:47:10'),
(479, 1, '{\"role\":\"1\",\"roleText\":\"Administrator\",\"name\":\"Administrator\"}', '157.45.179.219', 'Chrome 87.0.4280.66', 'Mozilla/5.0 (X11; Linux x86_64) AppleWebKit/537.36 (KHTML, like Gecko) Chrome/87.0.4280.66 Safari/537.36', 'Linux', '2020-12-18 05:48:47'),
(480, 1, '{\"role\":\"1\",\"roleText\":\"Administrator\",\"name\":\"Administrator\"}', '49.206.4.152', 'Chrome 78.0.3904.97', 'Mozilla/5.0 (X11; Linux x86_64) AppleWebKit/537.36 (KHTML, like Gecko) Chrome/78.0.3904.97 Safari/537.36', 'Linux', '2020-12-18 07:47:44'),
(481, 1, '{\"role\":\"1\",\"roleText\":\"Administrator\",\"name\":\"Administrator\"}', '42.105.116.144', 'Chrome 87.0.4280.66', 'Mozilla/5.0 (X11; Linux x86_64) AppleWebKit/537.36 (KHTML, like Gecko) Chrome/87.0.4280.66 Safari/537.36', 'Linux', '2020-12-18 12:57:45'),
(482, 1, '{\"role\":\"1\",\"roleText\":\"Administrator\",\"name\":\"Administrator\"}', '42.190.11.118', 'Chrome 87.0.4280.88', 'Mozilla/5.0 (Windows NT 10.0; Win64; x64) AppleWebKit/537.36 (KHTML, like Gecko) Chrome/87.0.4280.88 Safari/537.36', 'Windows 10', '2020-12-18 17:01:01'),
(483, 1, '{\"role\":\"1\",\"roleText\":\"Administrator\",\"name\":\"Administrator\"}', '117.230.62.170', 'Chrome 87.0.4280.66', 'Mozilla/5.0 (X11; Linux x86_64) AppleWebKit/537.36 (KHTML, like Gecko) Chrome/87.0.4280.66 Safari/537.36', 'Linux', '2020-12-19 14:20:11'),
(484, 1, '{\"role\":\"1\",\"roleText\":\"Administrator\",\"name\":\"Administrator\"}', '42.190.11.118', 'Chrome 87.0.4280.88', 'Mozilla/5.0 (Windows NT 10.0; Win64; x64) AppleWebKit/537.36 (KHTML, like Gecko) Chrome/87.0.4280.88 Safari/537.36', 'Windows 10', '2020-12-19 17:31:55'),
(485, 1, '{\"role\":\"1\",\"roleText\":\"Administrator\",\"name\":\"Administrator\"}', '42.105.117.194', 'Chrome 87.0.4280.66', 'Mozilla/5.0 (X11; Linux x86_64) AppleWebKit/537.36 (KHTML, like Gecko) Chrome/87.0.4280.66 Safari/537.36', 'Linux', '2020-12-20 13:28:17'),
(486, 1, '{\"role\":\"1\",\"roleText\":\"Administrator\",\"name\":\"Administrator\"}', '49.206.4.152', 'Chrome 78.0.3904.97', 'Mozilla/5.0 (X11; Linux x86_64) AppleWebKit/537.36 (KHTML, like Gecko) Chrome/78.0.3904.97 Safari/537.36', 'Linux', '2020-12-21 17:31:15'),
(487, 1, '{\"role\":\"1\",\"roleText\":\"Administrator\",\"name\":\"Administrator\"}', '42.190.11.118', 'Chrome 87.0.4280.88', 'Mozilla/5.0 (Windows NT 10.0; Win64; x64) AppleWebKit/537.36 (KHTML, like Gecko) Chrome/87.0.4280.88 Safari/537.36', 'Windows 10', '2020-12-21 17:37:17'),
(488, 1, '{\"role\":\"1\",\"roleText\":\"Administrator\",\"name\":\"Administrator\"}', '49.206.4.152', 'Chrome 78.0.3904.97', 'Mozilla/5.0 (X11; Linux x86_64) AppleWebKit/537.36 (KHTML, like Gecko) Chrome/78.0.3904.97 Safari/537.36', 'Linux', '2020-12-21 19:47:49'),
(489, 1, '{\"role\":\"1\",\"roleText\":\"Administrator\",\"name\":\"Administrator\"}', '42.190.11.118', 'Chrome 87.0.4280.88', 'Mozilla/5.0 (Windows NT 10.0; Win64; x64) AppleWebKit/537.36 (KHTML, like Gecko) Chrome/87.0.4280.88 Safari/537.36', 'Windows 10', '2020-12-21 19:50:31'),
(490, 1, '{\"role\":\"1\",\"roleText\":\"Administrator\",\"name\":\"Administrator\"}', '49.206.4.152', 'Chrome 78.0.3904.97', 'Mozilla/5.0 (X11; Linux x86_64) AppleWebKit/537.36 (KHTML, like Gecko) Chrome/78.0.3904.97 Safari/537.36', 'Linux', '2020-12-21 21:32:45'),
(491, 1, '{\"role\":\"1\",\"roleText\":\"Administrator\",\"name\":\"Administrator\"}', '42.190.11.118', 'Chrome 87.0.4280.88', 'Mozilla/5.0 (Windows NT 10.0; Win64; x64) AppleWebKit/537.36 (KHTML, like Gecko) Chrome/87.0.4280.88 Safari/537.36', 'Windows 10', '2020-12-21 22:04:01'),
(492, 1, '{\"role\":\"1\",\"roleText\":\"Administrator\",\"name\":\"Administrator\"}', '42.190.11.118', 'Chrome 87.0.4280.88', 'Mozilla/5.0 (Windows NT 10.0; Win64; x64) AppleWebKit/537.36 (KHTML, like Gecko) Chrome/87.0.4280.88 Safari/537.36', 'Windows 10', '2020-12-21 22:05:13'),
(493, 1, '{\"role\":\"1\",\"roleText\":\"Administrator\",\"name\":\"Administrator\"}', '223.186.84.56', 'Chrome 87.0.4280.66', 'Mozilla/5.0 (X11; Linux x86_64) AppleWebKit/537.36 (KHTML, like Gecko) Chrome/87.0.4280.66 Safari/537.36', 'Linux', '2020-12-22 01:19:28'),
(494, 1, '{\"role\":\"1\",\"roleText\":\"Administrator\",\"name\":\"Administrator\"}', '117.230.150.237', 'Chrome 87.0.4280.66', 'Mozilla/5.0 (X11; Linux x86_64) AppleWebKit/537.36 (KHTML, like Gecko) Chrome/87.0.4280.66 Safari/537.36', 'Linux', '2020-12-22 06:28:16'),
(495, 1, '{\"role\":\"1\",\"roleText\":\"Administrator\",\"name\":\"Administrator\"}', '49.206.4.152', 'Chrome 78.0.3904.97', 'Mozilla/5.0 (X11; Linux x86_64) AppleWebKit/537.36 (KHTML, like Gecko) Chrome/78.0.3904.97 Safari/537.36', 'Linux', '2020-12-22 20:23:42'),
(496, 1, '{\"role\":\"1\",\"roleText\":\"Administrator\",\"name\":\"Administrator\"}', '49.206.4.152', 'Chrome 78.0.3904.97', 'Mozilla/5.0 (X11; Linux x86_64) AppleWebKit/537.36 (KHTML, like Gecko) Chrome/78.0.3904.97 Safari/537.36', 'Linux', '2020-12-22 20:23:56'),
(497, 1, '{\"role\":\"1\",\"roleText\":\"Administrator\",\"name\":\"Administrator\"}', '49.206.4.152', 'Chrome 78.0.3904.97', 'Mozilla/5.0 (X11; Linux x86_64) AppleWebKit/537.36 (KHTML, like Gecko) Chrome/78.0.3904.97 Safari/537.36', 'Linux', '2020-12-22 20:36:04'),
(498, 1, '{\"role\":\"1\",\"roleText\":\"Administrator\",\"name\":\"Administrator\"}', '42.190.11.118', 'Chrome 87.0.4280.88', 'Mozilla/5.0 (Windows NT 10.0; Win64; x64) AppleWebKit/537.36 (KHTML, like Gecko) Chrome/87.0.4280.88 Safari/537.36', 'Windows 10', '2020-12-22 20:36:15'),
(499, 1, '{\"role\":\"1\",\"roleText\":\"Administrator\",\"name\":\"Administrator\"}', '49.206.4.152', 'Chrome 87.0.4280.88', 'Mozilla/5.0 (Windows NT 10.0; Win64; x64) AppleWebKit/537.36 (KHTML, like Gecko) Chrome/87.0.4280.88 Safari/537.36', 'Windows 10', '2020-12-22 22:47:17'),
(500, 1, '{\"role\":\"1\",\"roleText\":\"Administrator\",\"name\":\"Administrator\"}', '117.230.132.177', 'Chrome 87.0.4280.66', 'Mozilla/5.0 (X11; Linux x86_64) AppleWebKit/537.36 (KHTML, like Gecko) Chrome/87.0.4280.66 Safari/537.36', 'Linux', '2020-12-22 23:15:16'),
(501, 1, '{\"role\":\"1\",\"roleText\":\"Administrator\",\"name\":\"Administrator\"}', '117.230.130.18', 'Chrome 87.0.4280.66', 'Mozilla/5.0 (X11; Linux x86_64) AppleWebKit/537.36 (KHTML, like Gecko) Chrome/87.0.4280.66 Safari/537.36', 'Linux', '2020-12-23 02:54:39'),
(502, 1, '{\"role\":\"1\",\"roleText\":\"Administrator\",\"name\":\"Administrator\"}', '42.105.120.31', 'Chrome 87.0.4280.66', 'Mozilla/5.0 (X11; Linux x86_64) AppleWebKit/537.36 (KHTML, like Gecko) Chrome/87.0.4280.66 Safari/537.36', 'Linux', '2020-12-23 08:36:37'),
(503, 1, '{\"role\":\"1\",\"roleText\":\"Administrator\",\"name\":\"Administrator\"}', '49.206.4.152', 'Chrome 87.0.4280.88', 'Mozilla/5.0 (Windows NT 10.0; Win64; x64) AppleWebKit/537.36 (KHTML, like Gecko) Chrome/87.0.4280.88 Safari/537.36', 'Windows 10', '2020-12-23 08:56:33'),
(504, 1, '{\"role\":\"1\",\"roleText\":\"Administrator\",\"name\":\"Administrator\"}', '42.190.11.118', 'Chrome 87.0.4280.88', 'Mozilla/5.0 (Windows NT 10.0; Win64; x64) AppleWebKit/537.36 (KHTML, like Gecko) Chrome/87.0.4280.88 Safari/537.36', 'Windows 10', '2020-12-23 17:09:36'),
(505, 1, '{\"role\":\"1\",\"roleText\":\"Administrator\",\"name\":\"Administrator\"}', '49.206.4.152', 'Chrome 87.0.4280.88', 'Mozilla/5.0 (Windows NT 10.0; Win64; x64) AppleWebKit/537.36 (KHTML, like Gecko) Chrome/87.0.4280.88 Safari/537.36', 'Windows 10', '2020-12-24 04:26:31'),
(506, 1, '{\"role\":\"1\",\"roleText\":\"Administrator\",\"name\":\"Administrator\"}', '49.206.4.152', 'Chrome 87.0.4280.88', 'Mozilla/5.0 (Windows NT 10.0; Win64; x64) AppleWebKit/537.36 (KHTML, like Gecko) Chrome/87.0.4280.88 Safari/537.36', 'Windows 10', '2020-12-24 07:53:03'),
(507, 1, '{\"role\":\"1\",\"roleText\":\"Administrator\",\"name\":\"Administrator\"}', '49.206.4.152', 'Chrome 87.0.4280.88', 'Mozilla/5.0 (Windows NT 10.0; Win64; x64) AppleWebKit/537.36 (KHTML, like Gecko) Chrome/87.0.4280.88 Safari/537.36', 'Windows 10', '2020-12-24 08:25:15'),
(508, 1, '{\"role\":\"1\",\"roleText\":\"Administrator\",\"name\":\"Administrator\"}', '42.105.125.15', 'Chrome 87.0.4280.66', 'Mozilla/5.0 (X11; Linux x86_64) AppleWebKit/537.36 (KHTML, like Gecko) Chrome/87.0.4280.66 Safari/537.36', 'Linux', '2020-12-24 08:35:42'),
(509, 1, '{\"role\":\"1\",\"roleText\":\"Administrator\",\"name\":\"Administrator\"}', '42.190.11.118', 'Chrome 87.0.4280.88', 'Mozilla/5.0 (Windows NT 10.0; Win64; x64) AppleWebKit/537.36 (KHTML, like Gecko) Chrome/87.0.4280.88 Safari/537.36', 'Windows 10', '2020-12-25 00:13:25'),
(510, 1, '{\"role\":\"1\",\"roleText\":\"Administrator\",\"name\":\"Administrator\"}', '42.105.116.145', 'Chrome 87.0.4280.66', 'Mozilla/5.0 (X11; Linux x86_64) AppleWebKit/537.36 (KHTML, like Gecko) Chrome/87.0.4280.66 Safari/537.36', 'Linux', '2020-12-25 02:26:18'),
(511, 1, '{\"role\":\"1\",\"roleText\":\"Administrator\",\"name\":\"Administrator\"}', '157.45.8.126', 'Chrome 87.0.4280.66', 'Mozilla/5.0 (X11; Linux x86_64) AppleWebKit/537.36 (KHTML, like Gecko) Chrome/87.0.4280.66 Safari/537.36', 'Linux', '2020-12-25 11:18:12'),
(512, 1, '{\"role\":\"1\",\"roleText\":\"Administrator\",\"name\":\"Administrator\"}', '157.45.236.152', 'Chrome 87.0.4280.88', 'Mozilla/5.0 (Windows NT 10.0; Win64; x64) AppleWebKit/537.36 (KHTML, like Gecko) Chrome/87.0.4280.88 Safari/537.36', 'Windows 10', '2020-12-26 09:21:00'),
(513, 1, '{\"role\":\"1\",\"roleText\":\"Administrator\",\"name\":\"Administrator\"}', '42.190.11.118', 'Chrome 87.0.4280.88', 'Mozilla/5.0 (Windows NT 10.0; Win64; x64) AppleWebKit/537.36 (KHTML, like Gecko) Chrome/87.0.4280.88 Safari/537.36', 'Windows 10', '2020-12-28 20:46:56'),
(514, 1, '{\"role\":\"1\",\"roleText\":\"Administrator\",\"name\":\"Administrator\"}', '49.206.15.200', 'Chrome 78.0.3904.97', 'Mozilla/5.0 (X11; Linux x86_64) AppleWebKit/537.36 (KHTML, like Gecko) Chrome/78.0.3904.97 Safari/537.36', 'Linux', '2020-12-30 02:15:27'),
(515, 1, '{\"role\":\"1\",\"roleText\":\"Administrator\",\"name\":\"Administrator\"}', '49.206.15.200', 'Chrome 78.0.3904.97', 'Mozilla/5.0 (X11; Linux x86_64) AppleWebKit/537.36 (KHTML, like Gecko) Chrome/78.0.3904.97 Safari/537.36', 'Linux', '2020-12-30 02:37:43'),
(516, 1, '{\"role\":\"1\",\"roleText\":\"Administrator\",\"name\":\"Administrator\"}', '49.206.15.200', 'Chrome 87.0.4280.66', 'Mozilla/5.0 (X11; Linux x86_64) AppleWebKit/537.36 (KHTML, like Gecko) Chrome/87.0.4280.66 Safari/537.36', 'Linux', '2021-01-05 08:53:58'),
(517, 1, '{\"role\":\"1\",\"roleText\":\"Administrator\",\"name\":\"Administrator\"}', '49.206.15.200', 'Chrome 87.0.4280.66', 'Mozilla/5.0 (X11; Linux x86_64) AppleWebKit/537.36 (KHTML, like Gecko) Chrome/87.0.4280.66 Safari/537.36', 'Linux', '2021-01-05 09:08:06'),
(518, 1, '{\"role\":\"1\",\"roleText\":\"Administrator\",\"name\":\"Administrator\"}', '27.59.114.37', 'Chrome 71.0.3578.141', 'Mozilla/5.0 (Linux; U; Android 7.0; en-in; Redmi Note 4 Build/NRD90M) AppleWebKit/537.36 (KHTML, like Gecko) Version/4.0 Chrome/71.0.3578.141 Mobile Safari/537.36 XiaoMi/MiuiBrowser/12.2.6-g', 'Android', '2021-01-05 09:08:12'),
(519, 1, '{\"role\":\"1\",\"roleText\":\"Administrator\",\"name\":\"Administrator\"}', '27.59.114.37', 'Chrome 87.0.4280.88', 'Mozilla/5.0 (Macintosh; Intel Mac OS X 10_13_6) AppleWebKit/537.36 (KHTML, like Gecko) Chrome/87.0.4280.88 Safari/537.36', 'Mac OS X', '2021-01-05 09:09:58'),
(520, 1, '{\"role\":\"1\",\"roleText\":\"Administrator\",\"name\":\"Administrator\"}', '27.59.114.37', 'Chrome 87.0.4280.88', 'Mozilla/5.0 (Macintosh; Intel Mac OS X 10_13_6) AppleWebKit/537.36 (KHTML, like Gecko) Chrome/87.0.4280.88 Safari/537.36', 'Mac OS X', '2021-01-05 09:31:34'),
(521, 1, '{\"role\":\"1\",\"roleText\":\"Administrator\",\"name\":\"Administrator\"}', '27.59.114.37', 'Chrome 87.0.4280.88', 'Mozilla/5.0 (Macintosh; Intel Mac OS X 10_13_6) AppleWebKit/537.36 (KHTML, like Gecko) Chrome/87.0.4280.88 Safari/537.36', 'Mac OS X', '2021-01-05 09:43:21'),
(522, 1, '{\"role\":\"1\",\"roleText\":\"Administrator\",\"name\":\"Administrator\"}', '27.59.114.37', 'Chrome 87.0.4280.88', 'Mozilla/5.0 (Macintosh; Intel Mac OS X 10_13_6) AppleWebKit/537.36 (KHTML, like Gecko) Chrome/87.0.4280.88 Safari/537.36', 'Mac OS X', '2021-01-05 09:52:04'),
(523, 1, '{\"role\":\"1\",\"roleText\":\"Administrator\",\"name\":\"Administrator\"}', '49.206.15.200', 'Chrome 78.0.3904.97', 'Mozilla/5.0 (X11; Linux x86_64) AppleWebKit/537.36 (KHTML, like Gecko) Chrome/78.0.3904.97 Safari/537.36', 'Linux', '2021-01-05 09:55:06'),
(524, 1, '{\"role\":\"1\",\"roleText\":\"Administrator\",\"name\":\"Administrator\"}', '1.39.138.92', 'Chrome 87.0.4280.101', 'Mozilla/5.0 (Linux; Android 7.0; Redmi Note 4) AppleWebKit/537.36 (KHTML, like Gecko) Chrome/87.0.4280.101 Mobile Safari/537.36', 'Android', '2021-01-05 09:55:22'),
(525, 1, '{\"role\":\"1\",\"roleText\":\"Administrator\",\"name\":\"Administrator\"}', '27.59.114.37', 'Chrome 87.0.4280.88', 'Mozilla/5.0 (Macintosh; Intel Mac OS X 10_13_6) AppleWebKit/537.36 (KHTML, like Gecko) Chrome/87.0.4280.88 Safari/537.36', 'Mac OS X', '2021-01-05 09:59:39'),
(526, 1, '{\"role\":\"1\",\"roleText\":\"Administrator\",\"name\":\"Administrator\"}', '27.59.114.37', 'Chrome 87.0.4280.88', 'Mozilla/5.0 (Macintosh; Intel Mac OS X 10_13_6) AppleWebKit/537.36 (KHTML, like Gecko) Chrome/87.0.4280.88 Safari/537.36', 'Mac OS X', '2021-01-05 10:01:25'),
(527, 1, '{\"role\":\"1\",\"roleText\":\"Administrator\",\"name\":\"Administrator\"}', '42.190.11.118', 'Chrome 83.0.4103.106', 'Mozilla/5.0 (Linux; Android 10; SAMSUNG SM-N960F) AppleWebKit/537.36 (KHTML, like Gecko) SamsungBrowser/13.0 Chrome/83.0.4103.106 Mobile Safari/537.36', 'Android', '2021-01-05 15:25:37'),
(528, 1, '{\"role\":\"1\",\"roleText\":\"Administrator\",\"name\":\"Administrator\"}', '42.190.11.118', 'Chrome 87.0.4280.88', 'Mozilla/5.0 (Windows NT 6.1; Win64; x64) AppleWebKit/537.36 (KHTML, like Gecko) Chrome/87.0.4280.88 Safari/537.36', 'Windows 7', '2021-01-05 18:59:27'),
(529, 1, '{\"role\":\"1\",\"roleText\":\"Administrator\",\"name\":\"Administrator\"}', '49.206.15.200', 'Safari 604.1', 'Mozilla/5.0 (iPhone; CPU iPhone OS 14_2 like Mac OS X) AppleWebKit/605.1.15 (KHTML, like Gecko) Version/14.0.1 Mobile/15E148 Safari/604.1', 'iOS', '2021-01-05 19:10:32'),
(530, 1, '{\"role\":\"1\",\"roleText\":\"Administrator\",\"name\":\"Administrator\"}', '49.206.15.200', 'Chrome 87.0.4280.66', 'Mozilla/5.0 (X11; Linux x86_64) AppleWebKit/537.36 (KHTML, like Gecko) Chrome/87.0.4280.66 Safari/537.36', 'Linux', '2021-01-05 20:15:31'),
(531, 1, '{\"role\":\"1\",\"roleText\":\"Administrator\",\"name\":\"Administrator\"}', '42.190.11.118', 'Chrome 87.0.4280.88', 'Mozilla/5.0 (Windows NT 6.1; Win64; x64) AppleWebKit/537.36 (KHTML, like Gecko) Chrome/87.0.4280.88 Safari/537.36', 'Windows 7', '2021-01-05 20:27:32'),
(532, 1, '{\"role\":\"1\",\"roleText\":\"Administrator\",\"name\":\"Administrator\"}', '49.206.15.200', 'Chrome 78.0.3904.97', 'Mozilla/5.0 (X11; Linux x86_64) AppleWebKit/537.36 (KHTML, like Gecko) Chrome/78.0.3904.97 Safari/537.36', 'Linux', '2021-01-05 20:28:59'),
(533, 1, '{\"role\":\"1\",\"roleText\":\"Administrator\",\"name\":\"Administrator\"}', '49.206.13.151', 'Chrome 78.0.3904.97', 'Mozilla/5.0 (X11; Linux x86_64) AppleWebKit/537.36 (KHTML, like Gecko) Chrome/78.0.3904.97 Safari/537.36', 'Linux', '2021-01-09 10:05:27'),
(534, 1, '{\"role\":\"1\",\"roleText\":\"Administrator\",\"name\":\"Administrator\"}', '49.206.15.129', 'Chrome 78.0.3904.97', 'Mozilla/5.0 (X11; Linux x86_64) AppleWebKit/537.36 (KHTML, like Gecko) Chrome/78.0.3904.97 Safari/537.36', 'Linux', '2021-01-10 22:52:46'),
(535, 1, '{\"role\":\"1\",\"roleText\":\"Administrator\",\"name\":\"Administrator\"}', '42.190.11.118', 'Chrome 87.0.4280.141', 'Mozilla/5.0 (Windows NT 10.0; Win64; x64) AppleWebKit/537.36 (KHTML, like Gecko) Chrome/87.0.4280.141 Safari/537.36', 'Windows 10', '2021-01-11 20:51:49'),
(536, 1, '{\"role\":\"1\",\"roleText\":\"Administrator\",\"name\":\"Administrator\"}', '42.190.11.118', 'Chrome 87.0.4280.141', 'Mozilla/5.0 (Windows NT 10.0; Win64; x64) AppleWebKit/537.36 (KHTML, like Gecko) Chrome/87.0.4280.141 Safari/537.36', 'Windows 10', '2021-01-11 23:21:52'),
(537, 1, '{\"role\":\"1\",\"roleText\":\"Administrator\",\"name\":\"Administrator\"}', '49.206.15.129', 'Chrome 78.0.3904.97', 'Mozilla/5.0 (X11; Linux x86_64) AppleWebKit/537.36 (KHTML, like Gecko) Chrome/78.0.3904.97 Safari/537.36', 'Linux', '2021-01-12 01:36:33'),
(538, 1, '{\"role\":\"1\",\"roleText\":\"Administrator\",\"name\":\"Administrator\"}', '49.206.15.129', 'Chrome 78.0.3904.97', 'Mozilla/5.0 (X11; Linux x86_64) AppleWebKit/537.36 (KHTML, like Gecko) Chrome/78.0.3904.97 Safari/537.36', 'Linux', '2021-01-12 03:04:52'),
(539, 1, '{\"role\":\"1\",\"roleText\":\"Administrator\",\"name\":\"Administrator\"}', '49.206.15.129', 'Chrome 78.0.3904.97', 'Mozilla/5.0 (X11; Linux x86_64) AppleWebKit/537.36 (KHTML, like Gecko) Chrome/78.0.3904.97 Safari/537.36', 'Linux', '2021-01-12 03:05:17'),
(540, 1, '{\"role\":\"1\",\"roleText\":\"Administrator\",\"name\":\"Administrator\"}', '157.45.195.187', 'Chrome 87.0.4280.66', 'Mozilla/5.0 (X11; Linux x86_64) AppleWebKit/537.36 (KHTML, like Gecko) Chrome/87.0.4280.66 Safari/537.36', 'Linux', '2021-01-12 05:07:49'),
(541, 1, '{\"role\":\"1\",\"roleText\":\"Administrator\",\"name\":\"Administrator\"}', '49.206.15.129', 'Chrome 78.0.3904.97', 'Mozilla/5.0 (X11; Linux x86_64) AppleWebKit/537.36 (KHTML, like Gecko) Chrome/78.0.3904.97 Safari/537.36', 'Linux', '2021-01-12 08:43:06'),
(542, 1, '{\"role\":\"1\",\"roleText\":\"Administrator\",\"name\":\"Administrator\"}', '49.206.15.129', 'Chrome 78.0.3904.97', 'Mozilla/5.0 (X11; Linux x86_64) AppleWebKit/537.36 (KHTML, like Gecko) Chrome/78.0.3904.97 Safari/537.36', 'Linux', '2021-01-12 08:43:07');
INSERT INTO `tbl_last_login` (`id`, `userId`, `sessionData`, `machineIp`, `userAgent`, `agentString`, `platform`, `createdDtm`) VALUES
(543, 1, '{\"role\":\"1\",\"roleText\":\"Administrator\",\"name\":\"Administrator\"}', '157.45.222.10', 'Chrome 87.0.4280.66', 'Mozilla/5.0 (X11; Linux x86_64) AppleWebKit/537.36 (KHTML, like Gecko) Chrome/87.0.4280.66 Safari/537.36', 'Linux', '2021-01-12 11:17:50'),
(544, 1, '{\"role\":\"1\",\"roleText\":\"Administrator\",\"name\":\"Administrator\"}', '49.206.15.129', 'Chrome 78.0.3904.97', 'Mozilla/5.0 (X11; Linux x86_64) AppleWebKit/537.36 (KHTML, like Gecko) Chrome/78.0.3904.97 Safari/537.36', 'Linux', '2021-01-12 19:53:26'),
(545, 1, '{\"role\":\"1\",\"roleText\":\"Administrator\",\"name\":\"Administrator\"}', '157.45.212.92', 'Chrome 87.0.4280.66', 'Mozilla/5.0 (X11; Linux x86_64) AppleWebKit/537.36 (KHTML, like Gecko) Chrome/87.0.4280.66 Safari/537.36', 'Linux', '2021-01-12 20:30:02'),
(546, 1, '{\"role\":\"1\",\"roleText\":\"Administrator\",\"name\":\"Administrator\"}', '49.206.15.129', 'Chrome 87.0.4280.141', 'Mozilla/5.0 (Windows NT 10.0; Win64; x64) AppleWebKit/537.36 (KHTML, like Gecko) Chrome/87.0.4280.141 Safari/537.36', 'Windows 10', '2021-01-12 21:36:59'),
(547, 1, '{\"role\":\"1\",\"roleText\":\"Administrator\",\"name\":\"Administrator\"}', '42.190.11.118', 'Chrome 87.0.4280.141', 'Mozilla/5.0 (Windows NT 10.0; Win64; x64) AppleWebKit/537.36 (KHTML, like Gecko) Chrome/87.0.4280.141 Safari/537.36', 'Windows 10', '2021-01-12 22:27:03'),
(548, 1, '{\"role\":\"1\",\"roleText\":\"Administrator\",\"name\":\"Administrator\"}', '157.45.178.184', 'Chrome 87.0.4280.66', 'Mozilla/5.0 (X11; Linux x86_64) AppleWebKit/537.36 (KHTML, like Gecko) Chrome/87.0.4280.66 Safari/537.36', 'Linux', '2021-01-13 01:00:45'),
(549, 1, '{\"role\":\"1\",\"roleText\":\"Administrator\",\"name\":\"Administrator\"}', '49.206.15.129', 'Chrome 78.0.3904.97', 'Mozilla/5.0 (X11; Linux x86_64) AppleWebKit/537.36 (KHTML, like Gecko) Chrome/78.0.3904.97 Safari/537.36', 'Linux', '2021-01-13 01:40:49'),
(550, 1, '{\"role\":\"1\",\"roleText\":\"Administrator\",\"name\":\"Administrator\"}', '157.45.180.227', 'Chrome 87.0.4280.66', 'Mozilla/5.0 (X11; Linux x86_64) AppleWebKit/537.36 (KHTML, like Gecko) Chrome/87.0.4280.66 Safari/537.36', 'Linux', '2021-01-13 10:04:48'),
(551, 1, '{\"role\":\"1\",\"roleText\":\"Administrator\",\"name\":\"Administrator\"}', '42.190.11.118', 'Chrome 87.0.4280.141', 'Mozilla/5.0 (Windows NT 10.0; Win64; x64) AppleWebKit/537.36 (KHTML, like Gecko) Chrome/87.0.4280.141 Safari/537.36', 'Windows 10', '2021-01-13 16:52:41'),
(552, 1, '{\"role\":\"1\",\"roleText\":\"Administrator\",\"name\":\"Administrator\"}', '42.190.11.118', 'Chrome 87.0.4280.141', 'Mozilla/5.0 (Windows NT 10.0; Win64; x64) AppleWebKit/537.36 (KHTML, like Gecko) Chrome/87.0.4280.141 Safari/537.36', 'Windows 10', '2021-01-13 22:40:09'),
(553, 1, '{\"role\":\"1\",\"roleText\":\"Administrator\",\"name\":\"Administrator\"}', '157.45.81.150', 'Chrome 87.0.4280.66', 'Mozilla/5.0 (X11; Linux x86_64) AppleWebKit/537.36 (KHTML, like Gecko) Chrome/87.0.4280.66 Safari/537.36', 'Linux', '2021-01-14 06:14:43'),
(554, 1, '{\"role\":\"1\",\"roleText\":\"Administrator\",\"name\":\"Administrator\"}', '49.206.15.129', 'Chrome 78.0.3904.97', 'Mozilla/5.0 (X11; Linux x86_64) AppleWebKit/537.36 (KHTML, like Gecko) Chrome/78.0.3904.97 Safari/537.36', 'Linux', '2021-01-14 11:24:10'),
(555, 1, '{\"role\":\"1\",\"roleText\":\"Administrator\",\"name\":\"Administrator\"}', '49.206.15.129', 'Chrome 78.0.3904.97', 'Mozilla/5.0 (X11; Linux x86_64) AppleWebKit/537.36 (KHTML, like Gecko) Chrome/78.0.3904.97 Safari/537.36', 'Linux', '2021-01-14 12:43:23'),
(556, 1, '{\"role\":\"1\",\"roleText\":\"Administrator\",\"name\":\"Administrator\"}', '42.190.11.118', 'Chrome 87.0.4280.141', 'Mozilla/5.0 (Windows NT 10.0; Win64; x64) AppleWebKit/537.36 (KHTML, like Gecko) Chrome/87.0.4280.141 Safari/537.36', 'Windows 10', '2021-01-14 19:15:54'),
(557, 1, '{\"role\":\"1\",\"roleText\":\"Administrator\",\"name\":\"Administrator\"}', '49.206.15.129', 'Chrome 78.0.3904.97', 'Mozilla/5.0 (X11; Linux x86_64) AppleWebKit/537.36 (KHTML, like Gecko) Chrome/78.0.3904.97 Safari/537.36', 'Linux', '2021-01-14 19:17:42'),
(558, 1, '{\"role\":\"1\",\"roleText\":\"Administrator\",\"name\":\"Administrator\"}', '42.190.11.118', 'Chrome 87.0.4280.141', 'Mozilla/5.0 (Windows NT 10.0; Win64; x64) AppleWebKit/537.36 (KHTML, like Gecko) Chrome/87.0.4280.141 Safari/537.36', 'Windows 10', '2021-01-14 19:32:00'),
(559, 1, '{\"role\":\"1\",\"roleText\":\"Administrator\",\"name\":\"Administrator\"}', '49.206.15.129', 'Chrome 87.0.4280.141', 'Mozilla/5.0 (Windows NT 10.0; Win64; x64) AppleWebKit/537.36 (KHTML, like Gecko) Chrome/87.0.4280.141 Safari/537.36', 'Windows 10', '2021-01-14 21:01:42'),
(560, 1, '{\"role\":\"1\",\"roleText\":\"Administrator\",\"name\":\"Administrator\"}', '49.206.15.129', 'Chrome 87.0.4280.141', 'Mozilla/5.0 (Windows NT 10.0; Win64; x64) AppleWebKit/537.36 (KHTML, like Gecko) Chrome/87.0.4280.141 Safari/537.36', 'Windows 10', '2021-01-14 23:06:57'),
(561, 1, '{\"role\":\"1\",\"roleText\":\"Administrator\",\"name\":\"Administrator\"}', '157.45.86.132', 'Chrome 87.0.4280.66', 'Mozilla/5.0 (X11; Linux x86_64) AppleWebKit/537.36 (KHTML, like Gecko) Chrome/87.0.4280.66 Safari/537.36', 'Linux', '2021-01-14 23:52:32'),
(562, 1, '{\"role\":\"1\",\"roleText\":\"Administrator\",\"name\":\"Administrator\"}', '42.190.11.118', 'Chrome 87.0.4280.141', 'Mozilla/5.0 (Windows NT 10.0; Win64; x64) AppleWebKit/537.36 (KHTML, like Gecko) Chrome/87.0.4280.141 Safari/537.36', 'Windows 10', '2021-01-14 23:58:44'),
(563, 1, '{\"role\":\"1\",\"roleText\":\"Administrator\",\"name\":\"Administrator\"}', '157.45.67.119', 'Chrome 89.0.4381.0', 'Mozilla/5.0 (X11; Linux x86_64) AppleWebKit/537.36 (KHTML, like Gecko) Chrome/89.0.4381.0 Safari/537.36 Edg/89.0.760.0', 'Linux', '2021-01-15 07:09:37'),
(564, 1, '{\"role\":\"1\",\"roleText\":\"Administrator\",\"name\":\"Administrator\"}', '49.206.15.129', 'Chrome 78.0.3904.97', 'Mozilla/5.0 (X11; Linux x86_64) AppleWebKit/537.36 (KHTML, like Gecko) Chrome/78.0.3904.97 Safari/537.36', 'Linux', '2021-01-15 09:56:31'),
(565, 1, '{\"role\":\"1\",\"roleText\":\"Administrator\",\"name\":\"Administrator\"}', '117.230.21.197', 'Chrome 89.0.4381.0', 'Mozilla/5.0 (X11; Linux x86_64) AppleWebKit/537.36 (KHTML, like Gecko) Chrome/89.0.4381.0 Safari/537.36 Edg/89.0.760.0', 'Linux', '2021-01-15 10:54:09'),
(566, 1, '{\"role\":\"1\",\"roleText\":\"Administrator\",\"name\":\"Administrator\"}', '42.190.11.118', 'Chrome 87.0.4280.141', 'Mozilla/5.0 (Windows NT 10.0; Win64; x64) AppleWebKit/537.36 (KHTML, like Gecko) Chrome/87.0.4280.141 Safari/537.36', 'Windows 10', '2021-01-15 11:29:31'),
(567, 1, '{\"role\":\"1\",\"roleText\":\"Administrator\",\"name\":\"Administrator\"}', '42.190.11.118', 'Chrome 87.0.4280.141', 'Mozilla/5.0 (Windows NT 10.0; Win64; x64) AppleWebKit/537.36 (KHTML, like Gecko) Chrome/87.0.4280.141 Safari/537.36', 'Windows 10', '2021-01-16 00:35:09'),
(568, 1, '{\"role\":\"1\",\"roleText\":\"Administrator\",\"name\":\"Administrator\"}', '42.190.11.118', 'Chrome 87.0.4280.141', 'Mozilla/5.0 (Windows NT 10.0; Win64; x64) AppleWebKit/537.36 (KHTML, like Gecko) Chrome/87.0.4280.141 Safari/537.36', 'Windows 10', '2021-01-16 07:49:47'),
(569, 1, '{\"role\":\"1\",\"roleText\":\"Administrator\",\"name\":\"Administrator\"}', '49.206.15.129', 'Chrome 78.0.3904.97', 'Mozilla/5.0 (X11; Linux x86_64) AppleWebKit/537.36 (KHTML, like Gecko) Chrome/78.0.3904.97 Safari/537.36', 'Linux', '2021-01-16 12:40:36'),
(570, 1, '{\"role\":\"1\",\"roleText\":\"Administrator\",\"name\":\"Administrator\"}', '49.206.15.129', 'Chrome 78.0.3904.97', 'Mozilla/5.0 (X11; Linux x86_64) AppleWebKit/537.36 (KHTML, like Gecko) Chrome/78.0.3904.97 Safari/537.36', 'Linux', '2021-01-16 21:34:11'),
(571, 1, '{\"role\":\"1\",\"roleText\":\"Administrator\",\"name\":\"Administrator\"}', '157.45.81.244', 'Chrome 89.0.4381.0', 'Mozilla/5.0 (X11; Linux x86_64) AppleWebKit/537.36 (KHTML, like Gecko) Chrome/89.0.4381.0 Safari/537.36 Edg/89.0.760.0', 'Linux', '2021-01-17 00:40:00'),
(572, 1, '{\"role\":\"1\",\"roleText\":\"Administrator\",\"name\":\"Administrator\"}', '42.190.11.118', 'Chrome 87.0.4280.141', 'Mozilla/5.0 (Windows NT 10.0; Win64; x64) AppleWebKit/537.36 (KHTML, like Gecko) Chrome/87.0.4280.141 Safari/537.36', 'Windows 10', '2021-01-17 01:08:05'),
(573, 1, '{\"role\":\"1\",\"roleText\":\"Administrator\",\"name\":\"Administrator\"}', '49.206.15.129', 'Chrome 78.0.3904.97', 'Mozilla/5.0 (X11; Linux x86_64) AppleWebKit/537.36 (KHTML, like Gecko) Chrome/78.0.3904.97 Safari/537.36', 'Linux', '2021-01-17 01:46:48'),
(574, 1, '{\"role\":\"1\",\"roleText\":\"Administrator\",\"name\":\"Administrator\"}', '42.190.11.118', 'Chrome 87.0.4280.141', 'Mozilla/5.0 (Windows NT 10.0; Win64; x64) AppleWebKit/537.36 (KHTML, like Gecko) Chrome/87.0.4280.141 Safari/537.36', 'Windows 10', '2021-01-17 04:06:19'),
(575, 1, '{\"role\":\"1\",\"roleText\":\"Administrator\",\"name\":\"Administrator\"}', '157.45.78.7', 'Chrome 89.0.4381.0', 'Mozilla/5.0 (X11; Linux x86_64) AppleWebKit/537.36 (KHTML, like Gecko) Chrome/89.0.4381.0 Safari/537.36 Edg/89.0.760.0', 'Linux', '2021-01-17 04:53:06'),
(576, 1, '{\"role\":\"1\",\"roleText\":\"Administrator\",\"name\":\"Administrator\"}', '49.206.15.129', 'Chrome 78.0.3904.97', 'Mozilla/5.0 (X11; Linux x86_64) AppleWebKit/537.36 (KHTML, like Gecko) Chrome/78.0.3904.97 Safari/537.36', 'Linux', '2021-01-17 09:10:42'),
(577, 1, '{\"role\":\"1\",\"roleText\":\"Administrator\",\"name\":\"Administrator\"}', '49.206.15.129', 'Chrome 87.0.4280.141', 'Mozilla/5.0 (Windows NT 10.0; Win64; x64) AppleWebKit/537.36 (KHTML, like Gecko) Chrome/87.0.4280.141 Safari/537.36', 'Windows 10', '2021-01-17 17:52:52'),
(578, 1, '{\"role\":\"1\",\"roleText\":\"Administrator\",\"name\":\"Administrator\"}', '42.190.11.118', 'Chrome 87.0.4280.141', 'Mozilla/5.0 (Windows NT 10.0; Win64; x64) AppleWebKit/537.36 (KHTML, like Gecko) Chrome/87.0.4280.141 Safari/537.36', 'Windows 10', '2021-01-17 19:36:13'),
(579, 1, '{\"role\":\"1\",\"roleText\":\"Administrator\",\"name\":\"Administrator\"}', '49.206.15.129', 'Chrome 78.0.3904.97', 'Mozilla/5.0 (X11; Linux x86_64) AppleWebKit/537.36 (KHTML, like Gecko) Chrome/78.0.3904.97 Safari/537.36', 'Linux', '2021-01-17 22:18:03'),
(580, 1, '{\"role\":\"1\",\"roleText\":\"Administrator\",\"name\":\"Administrator\"}', '42.190.11.118', 'Chrome 87.0.4280.141', 'Mozilla/5.0 (Windows NT 10.0; Win64; x64) AppleWebKit/537.36 (KHTML, like Gecko) Chrome/87.0.4280.141 Safari/537.36', 'Windows 10', '2021-01-17 22:25:22'),
(581, 1, '{\"role\":\"1\",\"roleText\":\"Administrator\",\"name\":\"Administrator\"}', '49.206.15.129', 'Chrome 87.0.4280.141', 'Mozilla/5.0 (Windows NT 10.0; Win64; x64) AppleWebKit/537.36 (KHTML, like Gecko) Chrome/87.0.4280.141 Safari/537.36', 'Windows 10', '2021-01-18 08:48:52'),
(582, 1, '{\"role\":\"1\",\"roleText\":\"Administrator\",\"name\":\"Administrator\"}', '49.206.15.129', 'Chrome 87.0.4280.141', 'Mozilla/5.0 (Windows NT 10.0; Win64; x64) AppleWebKit/537.36 (KHTML, like Gecko) Chrome/87.0.4280.141 Safari/537.36', 'Windows 10', '2021-01-18 09:27:44'),
(583, 1, '{\"role\":\"1\",\"roleText\":\"Administrator\",\"name\":\"Administrator\"}', '157.45.91.198', 'Chrome 89.0.4381.0', 'Mozilla/5.0 (X11; Linux x86_64) AppleWebKit/537.36 (KHTML, like Gecko) Chrome/89.0.4381.0 Safari/537.36 Edg/89.0.760.0', 'Linux', '2021-01-18 09:35:54');

-- --------------------------------------------------------

--
-- Table structure for table `tbl_permissions`
--

CREATE TABLE `tbl_permissions` (
  `permissionId` bigint(20) NOT NULL,
  `code` varchar(100) DEFAULT NULL,
  `description` varchar(200) DEFAULT NULL
) ENGINE=InnoDB DEFAULT CHARSET=latin1;

--
-- Dumping data for table `tbl_permissions`
--

INSERT INTO `tbl_permissions` (`permissionId`, `code`, `description`) VALUES
(1, 'role.list', 'Role');

-- --------------------------------------------------------

--
-- Table structure for table `tbl_reset_password`
--

CREATE TABLE `tbl_reset_password` (
  `id` bigint(20) NOT NULL,
  `email` varchar(128) NOT NULL,
  `activation_id` varchar(32) NOT NULL,
  `agent` varchar(512) NOT NULL,
  `client_ip` varchar(32) NOT NULL,
  `isDeleted` tinyint(4) NOT NULL DEFAULT 0,
  `createdBy` bigint(20) NOT NULL DEFAULT 1,
  `createdDtm` datetime NOT NULL,
  `updatedBy` bigint(20) DEFAULT NULL,
  `updatedDtm` datetime DEFAULT NULL
) ENGINE=InnoDB DEFAULT CHARSET=latin1;

-- --------------------------------------------------------

--
-- Table structure for table `tbl_roles`
--

CREATE TABLE `tbl_roles` (
  `roleId` tinyint(4) NOT NULL COMMENT 'role id',
  `role` varchar(50) NOT NULL COMMENT 'role text'
) ENGINE=MyISAM DEFAULT CHARSET=utf8;

--
-- Dumping data for table `tbl_roles`
--

INSERT INTO `tbl_roles` (`roleId`, `role`) VALUES
(1, 'System Administrator');

-- --------------------------------------------------------

--
-- Table structure for table `tbl_role_permissions`
--

CREATE TABLE `tbl_role_permissions` (
  `id` bigint(20) NOT NULL,
  `roleId` bigint(20) DEFAULT NULL,
  `permissionId` bigint(20) DEFAULT NULL
) ENGINE=InnoDB DEFAULT CHARSET=latin1;

--
-- Dumping data for table `tbl_role_permissions`
--

INSERT INTO `tbl_role_permissions` (`id`, `roleId`, `permissionId`) VALUES
(1, 1, 1);

-- --------------------------------------------------------

--
-- Table structure for table `tbl_state`
--

CREATE TABLE `tbl_state` (
  `id` bigint(20) NOT NULL,
  `name` varchar(100) DEFAULT NULL,
  `id_country` bigint(20) DEFAULT NULL
) ENGINE=InnoDB DEFAULT CHARSET=latin1;

-- --------------------------------------------------------

--
-- Table structure for table `tbl_users`
--

CREATE TABLE `tbl_users` (
  `userId` int(11) NOT NULL,
  `email` varchar(128) NOT NULL COMMENT 'login email',
  `password` varchar(128) NOT NULL COMMENT 'hashed login password',
  `name` varchar(128) DEFAULT NULL COMMENT 'full name of user',
  `mobile` varchar(20) DEFAULT NULL,
  `roleId` tinyint(4) NOT NULL,
  `isDeleted` tinyint(4) NOT NULL DEFAULT 0,
  `createdBy` int(11) NOT NULL,
  `createdDtm` datetime NOT NULL,
  `updatedBy` int(11) DEFAULT NULL,
  `updatedDtm` datetime DEFAULT NULL
) ENGINE=MyISAM DEFAULT CHARSET=utf8;

--
-- Dumping data for table `tbl_users`
--

INSERT INTO `tbl_users` (`userId`, `email`, `password`, `name`, `mobile`, `roleId`, `isDeleted`, `createdBy`, `createdDtm`, `updatedBy`, `updatedDtm`) VALUES
(1, 'admin@gmail.com', '$2y$10$YykrXgnhZ563BCiC6L2ee.Kktd/Vj/KncTnTeDZQXCWwAQ1xH4Req', 'Administrator', '9890098901', 1, 0, 0, '2015-07-01 18:56:49', 1, '2020-01-30 01:48:49');

-- --------------------------------------------------------

--
-- Table structure for table `temp_advisor_has_specialization`
--

CREATE TABLE `temp_advisor_has_specialization` (
  `id` int(20) NOT NULL,
  `id_session` varchar(520) DEFAULT '',
  `id_specialisation` int(20) DEFAULT 0,
  `status` int(2) DEFAULT 1,
  `created_by` int(20) DEFAULT NULL,
  `created_dt_tm` datetime DEFAULT current_timestamp(),
  `updated_by` int(20) DEFAULT NULL,
  `updated_dt_tm` datetime DEFAULT current_timestamp()
) ENGINE=InnoDB DEFAULT CHARSET=latin1;

-- --------------------------------------------------------

--
-- Table structure for table `temp_asset_disposal_detail`
--

CREATE TABLE `temp_asset_disposal_detail` (
  `id` int(20) NOT NULL,
  `id_session` varchar(100) DEFAULT '',
  `id_asset` int(20) DEFAULT NULL,
  `asset_code` varchar(50) DEFAULT '',
  `status` int(2) DEFAULT NULL,
  `created_by` int(20) DEFAULT NULL,
  `created_dt_tm` datetime DEFAULT current_timestamp(),
  `updated_by` int(20) DEFAULT NULL,
  `updated_dt_tm` datetime DEFAULT current_timestamp()
) ENGINE=InnoDB DEFAULT CHARSET=latin1;

-- --------------------------------------------------------

--
-- Table structure for table `temp_bank_details`
--

CREATE TABLE `temp_bank_details` (
  `id` int(20) NOT NULL,
  `id_bank` varchar(120) DEFAULT '',
  `id_session` varchar(120) DEFAULT '',
  `address` varchar(520) DEFAULT '',
  `country` varchar(120) DEFAULT '',
  `state` varchar(120) DEFAULT '',
  `city` varchar(120) DEFAULT '',
  `zipcode` varchar(120) DEFAULT '',
  `branch_no` varchar(120) DEFAULT '',
  `acc_no` varchar(120) DEFAULT '',
  `status` int(2) DEFAULT NULL,
  `created_by` int(20) DEFAULT NULL,
  `created_dt_tm` datetime DEFAULT current_timestamp(),
  `updated_by` int(20) DEFAULT NULL,
  `updated_dt_tm` datetime DEFAULT current_timestamp()
) ENGINE=InnoDB DEFAULT CHARSET=latin1;

-- --------------------------------------------------------

--
-- Table structure for table `temp_billing_details`
--

CREATE TABLE `temp_billing_details` (
  `id` int(20) NOT NULL,
  `id_session` varchar(120) DEFAULT '',
  `name` varchar(120) DEFAULT '',
  `nric` varchar(120) DEFAULT '',
  `email` varchar(120) DEFAULT '',
  `phone` varchar(120) DEFAULT '',
  `status` int(2) DEFAULT NULL,
  `created_by` int(20) DEFAULT NULL,
  `created_dt_tm` datetime DEFAULT current_timestamp(),
  `updated_by` int(20) DEFAULT NULL,
  `updated_dt_tm` datetime DEFAULT current_timestamp()
) ENGINE=InnoDB DEFAULT CHARSET=latin1;

-- --------------------------------------------------------

--
-- Table structure for table `temp_credit_hour_program_landscape_details`
--

CREATE TABLE `temp_credit_hour_program_landscape_details` (
  `id` int(20) NOT NULL,
  `id_session` varchar(2048) DEFAULT '',
  `id_landscape_course_type` int(20) DEFAULT 0,
  `hours` int(20) DEFAULT 0,
  `status` int(2) DEFAULT 1,
  `created_by` int(20) DEFAULT NULL,
  `created_dt_tm` datetime DEFAULT current_timestamp(),
  `updated_by` int(20) DEFAULT NULL,
  `updated_dt_tm` datetime DEFAULT current_timestamp()
) ENGINE=InnoDB DEFAULT CHARSET=latin1;

-- --------------------------------------------------------

--
-- Table structure for table `temp_credit_note_details`
--

CREATE TABLE `temp_credit_note_details` (
  `id` int(20) NOT NULL,
  `id_main_invoice` int(20) NOT NULL,
  `invoice_amount` varchar(20) DEFAULT '',
  `credit_note_amount` varchar(20) DEFAULT '',
  `id_session` varchar(120) NOT NULL,
  `status` int(2) DEFAULT NULL,
  `created_by` int(20) DEFAULT NULL,
  `created_dt_tm` datetime DEFAULT current_timestamp(),
  `updated_by` int(20) DEFAULT NULL,
  `updated_dt_tm` datetime DEFAULT current_timestamp()
) ENGINE=InnoDB DEFAULT CHARSET=latin1;

-- --------------------------------------------------------

--
-- Table structure for table `temp_credit_transfer_details`
--

CREATE TABLE `temp_credit_transfer_details` (
  `id` int(20) NOT NULL,
  `id_session` varchar(500) DEFAULT '',
  `id_institution` int(20) DEFAULT 0,
  `id_course` int(20) DEFAULT 0,
  `id_grade` int(20) DEFAULT 0,
  `institution_type` varchar(200) DEFAULT '',
  `subject_course` varchar(2048) DEFAULT '',
  `id_equivalent_course` int(20) DEFAULT 0,
  `credit_hours` int(20) DEFAULT 0,
  `remarks` varchar(2048) DEFAULT '',
  `processing_fee` int(20) DEFAULT 0,
  `document_upload` varchar(500) DEFAULT '',
  `status` int(2) DEFAULT NULL,
  `created_by` int(20) DEFAULT NULL,
  `created_dt_tm` datetime DEFAULT current_timestamp(),
  `updated_by` int(20) DEFAULT NULL,
  `updated_dt_tm` datetime DEFAULT current_timestamp()
) ENGINE=InnoDB DEFAULT CHARSET=latin1;

-- --------------------------------------------------------

--
-- Table structure for table `temp_documents_program_details`
--

CREATE TABLE `temp_documents_program_details` (
  `id` int(20) NOT NULL,
  `id_session` varchar(520) DEFAULT '',
  `id_program` int(20) DEFAULT 0,
  `status` int(2) DEFAULT NULL,
  `created_by` int(20) DEFAULT NULL,
  `created_dt_tm` datetime DEFAULT current_timestamp(),
  `updated_by` int(20) DEFAULT NULL,
  `updated_dt_tm` datetime DEFAULT current_timestamp()
) ENGINE=InnoDB DEFAULT CHARSET=latin1;

-- --------------------------------------------------------

--
-- Table structure for table `temp_entry_requirement_other_requirements`
--

CREATE TABLE `temp_entry_requirement_other_requirements` (
  `id` int(20) NOT NULL,
  `id_session` varchar(520) DEFAULT '',
  `id_group` int(20) DEFAULT 0,
  `condition` varchar(2048) DEFAULT '',
  `type` varchar(2048) DEFAULT '',
  `result_value` varchar(2048) DEFAULT '',
  `status` int(2) DEFAULT NULL,
  `created_by` int(20) DEFAULT NULL,
  `created_dt_tm` datetime DEFAULT current_timestamp(),
  `updated_by` int(20) DEFAULT NULL,
  `updated_dt_tm` datetime DEFAULT current_timestamp()
) ENGINE=InnoDB DEFAULT CHARSET=latin1;

-- --------------------------------------------------------

--
-- Table structure for table `temp_entry_requirement_requirements`
--

CREATE TABLE `temp_entry_requirement_requirements` (
  `id` int(20) NOT NULL,
  `id_session` varchar(520) DEFAULT '',
  `id_group` int(20) DEFAULT 0,
  `id_qualification` int(20) DEFAULT 0,
  `id_specialization` int(20) DEFAULT 0,
  `validity` int(20) DEFAULT 0,
  `result_item` varchar(2048) DEFAULT '',
  `description` varchar(2048) DEFAULT '',
  `condition` varchar(2048) DEFAULT '',
  `result_value` varchar(2048) DEFAULT '',
  `status` int(2) DEFAULT NULL,
  `created_by` int(20) DEFAULT NULL,
  `created_dt_tm` datetime DEFAULT current_timestamp(),
  `updated_by` int(20) DEFAULT NULL,
  `updated_dt_tm` datetime DEFAULT current_timestamp()
) ENGINE=InnoDB DEFAULT CHARSET=latin1;

--
-- Dumping data for table `temp_entry_requirement_requirements`
--

INSERT INTO `temp_entry_requirement_requirements` (`id`, `id_session`, `id_group`, `id_qualification`, `id_specialization`, `validity`, `result_item`, `description`, `condition`, `result_value`, `status`, `created_by`, `created_dt_tm`, `updated_by`, `updated_dt_tm`) VALUES
(2, 'de7c41f8b3b85cdc623ca18ec0268d8e', 1, 1, 1, 1, 'CGPA', '', 'Greater Than Or Equal To', '2.33', NULL, NULL, '2020-07-19 02:54:49', NULL, '2020-07-19 02:54:49');

-- --------------------------------------------------------

--
-- Table structure for table `temp_equivalent_course_details`
--

CREATE TABLE `temp_equivalent_course_details` (
  `id` int(20) NOT NULL,
  `id_session` varchar(100) NOT NULL,
  `id_course` int(20) DEFAULT NULL,
  `status` int(2) DEFAULT NULL,
  `created_by` int(20) DEFAULT NULL,
  `created_dt_tm` datetime DEFAULT current_timestamp(),
  `updated_by` int(20) DEFAULT NULL,
  `updated_dt_tm` datetime DEFAULT current_timestamp()
) ENGINE=InnoDB DEFAULT CHARSET=latin1;

-- --------------------------------------------------------

--
-- Table structure for table `temp_fee_structure_details`
--

CREATE TABLE `temp_fee_structure_details` (
  `id` int(20) NOT NULL,
  `id_session` varchar(100) DEFAULT NULL,
  `id_fee_item` int(20) DEFAULT NULL,
  `id_frequency_mode` int(20) DEFAULT NULL,
  `amount` float(20,2) DEFAULT NULL,
  `status` int(2) DEFAULT 1,
  `created_by` int(20) DEFAULT NULL,
  `created_dt_tm` datetime DEFAULT current_timestamp(),
  `updated_by` int(20) DEFAULT NULL,
  `updated_dt_tm` datetime DEFAULT current_timestamp()
) ENGINE=InnoDB DEFAULT CHARSET=latin1;

-- --------------------------------------------------------

--
-- Table structure for table `temp_gpa_cgpa_setup_details`
--

CREATE TABLE `temp_gpa_cgpa_setup_details` (
  `id` int(20) NOT NULL,
  `id_session` varchar(500) DEFAULT '',
  `min_grade_point` int(20) DEFAULT NULL,
  `max_grade_point` int(20) DEFAULT NULL,
  `description` varchar(5096) DEFAULT '',
  `status_optional_language` varchar(5096) DEFAULT '',
  `probation` int(2) DEFAULT 0,
  `status` int(2) DEFAULT NULL,
  `created_by` int(20) DEFAULT NULL,
  `created_dt_tm` datetime DEFAULT current_timestamp(),
  `updated_by` int(20) DEFAULT NULL,
  `updated_dt_tm` datetime DEFAULT current_timestamp()
) ENGINE=InnoDB DEFAULT CHARSET=latin1;

-- --------------------------------------------------------

--
-- Table structure for table `temp_grade_setup_details`
--

CREATE TABLE `temp_grade_setup_details` (
  `id` int(20) NOT NULL,
  `id_session` varchar(200) DEFAULT '',
  `id_grade` int(20) DEFAULT 0,
  `name` varchar(1024) DEFAULT '',
  `description` varchar(1024) DEFAULT '',
  `description_optional_language` varchar(1024) DEFAULT '',
  `point` float(20,2) DEFAULT 0.00,
  `min_marks` int(20) DEFAULT 0,
  `max_marks` int(20) DEFAULT 0,
  `pass` varchar(20) DEFAULT '',
  `rank` int(2) DEFAULT 0,
  `status` int(2) DEFAULT NULL,
  `created_by` int(20) DEFAULT NULL,
  `created_dt_tm` datetime DEFAULT current_timestamp(),
  `updated_by` int(20) DEFAULT NULL,
  `updated_dt_tm` datetime DEFAULT current_timestamp()
) ENGINE=InnoDB DEFAULT CHARSET=latin1;

--
-- Dumping data for table `temp_grade_setup_details`
--

INSERT INTO `temp_grade_setup_details` (`id`, `id_session`, `id_grade`, `name`, `description`, `description_optional_language`, `point`, `min_marks`, `max_marks`, `pass`, `rank`, `status`, `created_by`, `created_dt_tm`, `updated_by`, `updated_dt_tm`) VALUES
(7, 'ac549db6e7db53e04e54c9688aa43af4', 1, '', 'A', '', 4.00, 80, 100, 'No', 1, NULL, NULL, '2020-08-27 17:05:31', NULL, '2020-08-27 17:05:31'),
(8, 'ac549db6e7db53e04e54c9688aa43af4', 2, '', 'A-', '', 4.00, 75, 79, 'No', 2, NULL, NULL, '2020-08-27 17:06:20', NULL, '2020-08-27 17:06:20'),
(9, 'ac549db6e7db53e04e54c9688aa43af4', 3, '', 'B+', '', 4.00, 70, 74, 'No', 3, NULL, NULL, '2020-08-27 17:07:04', NULL, '2020-08-27 17:07:04');

-- --------------------------------------------------------

--
-- Table structure for table `temp_intake_has_programme`
--

CREATE TABLE `temp_intake_has_programme` (
  `id` int(20) NOT NULL,
  `id_session` varchar(100) DEFAULT '',
  `id_programme` int(20) DEFAULT NULL,
  `status` int(2) DEFAULT 1,
  `created_by` int(20) DEFAULT NULL,
  `created_dt_tm` datetime DEFAULT current_timestamp(),
  `updated_by` int(20) DEFAULT NULL,
  `updated_dt_tm` datetime DEFAULT current_timestamp()
) ENGINE=InnoDB DEFAULT CHARSET=latin1;

-- --------------------------------------------------------

--
-- Table structure for table `temp_internship_company_has_program`
--

CREATE TABLE `temp_internship_company_has_program` (
  `id` int(20) NOT NULL,
  `id_session` varchar(200) DEFAULT '',
  `id_company_type` bigint(20) DEFAULT 0,
  `id_intake` bigint(20) DEFAULT 0,
  `id_program` bigint(20) DEFAULT 0,
  `status` int(2) DEFAULT 0,
  `created_by` int(20) DEFAULT NULL,
  `created_dt_tm` datetime DEFAULT current_timestamp(),
  `updated_by` int(20) DEFAULT NULL,
  `updated_dt_tm` datetime DEFAULT current_timestamp()
) ENGINE=InnoDB DEFAULT CHARSET=latin1;

-- --------------------------------------------------------

--
-- Table structure for table `temp_inventory_allotment`
--

CREATE TABLE `temp_inventory_allotment` (
  `id` int(20) NOT NULL,
  `level` int(20) DEFAULT 0,
  `id_session` varchar(1024) DEFAULT '',
  `id_inventory` int(20) DEFAULT 0,
  `quantity` int(20) DEFAULT 0,
  `status` int(2) DEFAULT 0,
  `created_by` int(20) DEFAULT NULL,
  `created_dt_tm` datetime DEFAULT current_timestamp(),
  `updated_by` int(20) DEFAULT NULL,
  `updated_dt_tm` datetime DEFAULT current_timestamp()
) ENGINE=InnoDB DEFAULT CHARSET=latin1;

-- --------------------------------------------------------

--
-- Table structure for table `temp_investment_application_details`
--

CREATE TABLE `temp_investment_application_details` (
  `id` int(20) NOT NULL,
  `id_session` varchar(280) DEFAULT '',
  `duration` int(20) DEFAULT 0,
  `duration_type` varchar(80) DEFAULT '',
  `total_amount` float(20,2) DEFAULT 0.00,
  `id_institution` int(20) DEFAULT 0,
  `id_investment_type` int(20) DEFAULT 0,
  `profit_rate` int(20) DEFAULT 0,
  `id_bank` int(20) DEFAULT 0,
  `bank_branch` int(20) DEFAULT 0,
  `maturity_date` datetime DEFAULT current_timestamp(),
  `status` int(2) DEFAULT 0,
  `created_by` int(20) DEFAULT NULL,
  `created_dt_tm` datetime DEFAULT current_timestamp(),
  `updated_by` int(20) DEFAULT NULL,
  `updated_dt_tm` datetime DEFAULT current_timestamp()
) ENGINE=InnoDB DEFAULT CHARSET=latin1;

-- --------------------------------------------------------

--
-- Table structure for table `temp_journal_details`
--

CREATE TABLE `temp_journal_details` (
  `id` int(20) NOT NULL,
  `id_session` varchar(50) DEFAULT '',
  `journal_type` varchar(50) DEFAULT '',
  `credit_amount` varchar(50) DEFAULT '',
  `debit_amount` varchar(50) DEFAULT '',
  `id_account_code` int(20) DEFAULT NULL,
  `id_activity_code` int(20) DEFAULT NULL,
  `id_department_code` int(20) DEFAULT NULL,
  `id_fund_code` int(20) DEFAULT NULL,
  `status` int(2) DEFAULT 1,
  `created_by` int(20) DEFAULT NULL,
  `created_dt_tm` datetime DEFAULT current_timestamp(),
  `updated_by` int(20) DEFAULT NULL,
  `updated_dt_tm` datetime DEFAULT current_timestamp()
) ENGINE=InnoDB DEFAULT CHARSET=latin1;

-- --------------------------------------------------------

--
-- Table structure for table `temp_main_invoice_details`
--

CREATE TABLE `temp_main_invoice_details` (
  `id` int(20) NOT NULL,
  `id_fee_item` int(10) DEFAULT NULL,
  `amount` varchar(20) DEFAULT '',
  `id_session` varchar(120) DEFAULT '',
  `status` int(2) DEFAULT NULL,
  `created_by` int(20) DEFAULT NULL,
  `created_dt_tm` datetime DEFAULT current_timestamp(),
  `updated_by` int(20) DEFAULT NULL,
  `updated_dt_tm` datetime DEFAULT current_timestamp()
) ENGINE=InnoDB DEFAULT CHARSET=latin1;

--
-- Dumping data for table `temp_main_invoice_details`
--

INSERT INTO `temp_main_invoice_details` (`id`, `id_fee_item`, `amount`, `id_session`, `status`, `created_by`, `created_dt_tm`, `updated_by`, `updated_dt_tm`) VALUES
(10, 6, '11', '26469b28601ac1c1ae9b3cfd7870cc6d', NULL, NULL, '2020-09-22 06:05:42', NULL, '2020-09-22 06:05:42'),
(20, 7, '123', 'fa0322b7f261a03a6335bf39977f17aa', NULL, NULL, '2020-12-03 19:21:16', NULL, '2020-12-03 19:21:16');

-- --------------------------------------------------------

--
-- Table structure for table `temp_mark_distribution_details`
--

CREATE TABLE `temp_mark_distribution_details` (
  `id` int(20) NOT NULL,
  `id_session` varchar(500) DEFAULT '',
  `id_component` int(20) DEFAULT NULL,
  `is_pass_compulsary` int(2) DEFAULT NULL,
  `pass_marks` int(20) DEFAULT NULL,
  `max_marks` int(20) DEFAULT NULL,
  `weightage` int(20) DEFAULT NULL,
  `attendance_status` int(2) DEFAULT NULL,
  `status` int(2) DEFAULT NULL,
  `created_by` int(20) DEFAULT NULL,
  `created_dt_tm` datetime DEFAULT current_timestamp(),
  `updated_by` int(20) DEFAULT NULL,
  `updated_dt_tm` datetime DEFAULT current_timestamp()
) ENGINE=InnoDB DEFAULT CHARSET=latin1;

-- --------------------------------------------------------

--
-- Table structure for table `temp_online_claim_details`
--

CREATE TABLE `temp_online_claim_details` (
  `id` bigint(20) NOT NULL,
  `id_session` varchar(256) NOT NULL,
  `id_course` bigint(20) NOT NULL,
  `id_payment_rate` bigint(20) NOT NULL,
  `hours` bigint(20) NOT NULL,
  `date_time` varchar(2048) DEFAULT '',
  `amount` float(20,2) NOT NULL,
  `status` int(20) DEFAULT 1,
  `created_by` int(20) DEFAULT NULL,
  `created_dt_tm` datetime DEFAULT current_timestamp(),
  `updated_by` int(20) DEFAULT NULL,
  `updated_dt_tm` datetime DEFAULT current_timestamp()
) ENGINE=InnoDB DEFAULT CHARSET=utf8;

-- --------------------------------------------------------

--
-- Table structure for table `temp_performa_invoice_details`
--

CREATE TABLE `temp_performa_invoice_details` (
  `id` int(20) NOT NULL,
  `id_fee_item` int(20) NOT NULL,
  `amount` varchar(20) DEFAULT '',
  `id_session` varchar(120) DEFAULT NULL,
  `status` int(2) DEFAULT NULL,
  `created_by` int(20) DEFAULT NULL,
  `created_dt_tm` datetime DEFAULT current_timestamp(),
  `updated_by` int(20) DEFAULT NULL,
  `updated_dt_tm` datetime DEFAULT current_timestamp()
) ENGINE=InnoDB DEFAULT CHARSET=latin1;

-- --------------------------------------------------------

--
-- Table structure for table `temp_programme_has_course`
--

CREATE TABLE `temp_programme_has_course` (
  `id` int(20) NOT NULL,
  `id_session` varchar(100) DEFAULT '',
  `id_course` int(10) DEFAULT NULL,
  `type` varchar(50) DEFAULT NULL,
  `status` int(2) DEFAULT NULL,
  `created_by` int(20) DEFAULT NULL,
  `created_dt_tm` datetime DEFAULT current_timestamp(),
  `updated_by` int(20) DEFAULT NULL,
  `updated_dt_tm` datetime DEFAULT current_timestamp()
) ENGINE=InnoDB DEFAULT CHARSET=latin1;

-- --------------------------------------------------------

--
-- Table structure for table `temp_programme_has_dean`
--

CREATE TABLE `temp_programme_has_dean` (
  `id` int(20) NOT NULL,
  `id_session` varchar(100) DEFAULT NULL,
  `id_staff` int(10) DEFAULT NULL,
  `id_programme` int(20) DEFAULT NULL,
  `effective_start_date` datetime DEFAULT current_timestamp(),
  `status` int(2) DEFAULT NULL,
  `created_by` int(20) DEFAULT NULL,
  `created_dt_tm` datetime DEFAULT current_timestamp(),
  `updated_by` int(20) DEFAULT NULL,
  `updated_dt_tm` datetime DEFAULT current_timestamp()
) ENGINE=InnoDB DEFAULT CHARSET=latin1;

--
-- Dumping data for table `temp_programme_has_dean`
--

INSERT INTO `temp_programme_has_dean` (`id`, `id_session`, `id_staff`, `id_programme`, `effective_start_date`, `status`, `created_by`, `created_dt_tm`, `updated_by`, `updated_dt_tm`) VALUES
(2, '2193a8dc78d2e9e091bb6e754a4708a4', 2, NULL, '2020-08-01 00:00:00', NULL, NULL, '2020-08-17 12:30:52', NULL, '2020-08-17 12:30:52'),
(3, '2193a8dc78d2e9e091bb6e754a4708a4', 1, NULL, '2021-08-31 00:00:00', NULL, NULL, '2020-08-17 12:31:02', NULL, '2020-08-17 12:31:02'),
(4, 'd1fb3f65ab1b36f72214785c0d20cb90', 2, NULL, '2020-08-01 00:00:00', NULL, NULL, '2020-08-20 06:18:17', NULL, '2020-08-20 06:18:17'),
(5, 'd40dbbc6f83b11233b2f92e927fbfa24', 1, NULL, '2000-08-01 00:00:00', NULL, NULL, '2020-08-26 23:32:54', NULL, '2020-08-26 23:32:54'),
(6, 'c39939b24b601ed8954e006db92e4ce0', 2, NULL, '2020-10-28 00:00:00', NULL, NULL, '2020-10-28 00:25:55', NULL, '2020-10-28 00:25:55'),
(7, '883161cdb54806f852c1d2f5369036bd', 1, NULL, '2020-11-01 00:00:00', NULL, NULL, '2020-11-08 07:17:24', NULL, '2020-11-08 07:17:24'),
(8, 'ab634d183093218dc855b0d86683a7ad', 2, NULL, '2020-11-01 00:00:00', NULL, NULL, '2020-11-11 02:32:33', NULL, '2020-11-11 02:32:33'),
(9, 'ab634d183093218dc855b0d86683a7ad', 1, NULL, '2020-11-01 00:00:00', NULL, NULL, '2020-11-11 02:32:49', NULL, '2020-11-11 02:32:49'),
(10, 'c0364f4fbd9fa5896c7317616985f866', 2, NULL, '2020-12-09 00:00:00', NULL, NULL, '2020-12-09 01:37:29', NULL, '2020-12-09 01:37:29'),
(11, '2b099907b082fa6878b4bb6bfceeb20c', 3, NULL, '2020-12-01 00:00:00', NULL, NULL, '2020-12-22 23:27:18', NULL, '2020-12-22 23:27:18'),
(13, 'e5579f21da2c917de802078015f5a3ed', 1, NULL, '2021-01-01 00:00:00', NULL, NULL, '2021-01-12 05:57:29', NULL, '2021-01-12 05:57:29');

-- --------------------------------------------------------

--
-- Table structure for table `temp_programme_has_scheme`
--

CREATE TABLE `temp_programme_has_scheme` (
  `id` bigint(20) NOT NULL,
  `id_session` varchar(500) DEFAULT '',
  `id_scheme` int(20) DEFAULT 0,
  `status` int(5) DEFAULT 0,
  `created_by` int(20) DEFAULT NULL,
  `created_dt_tm` datetime DEFAULT current_timestamp(),
  `updated_by` int(20) DEFAULT NULL,
  `updated_dt_tm` datetime DEFAULT current_timestamp()
) ENGINE=InnoDB DEFAULT CHARSET=latin1;

-- --------------------------------------------------------

--
-- Table structure for table `temp_program_landscape_semester_details`
--

CREATE TABLE `temp_program_landscape_semester_details` (
  `id` int(20) NOT NULL,
  `id_session` varchar(250) DEFAULT '',
  `semester_type` varchar(50) DEFAULT '',
  `registration_rule` varchar(50) DEFAULT '',
  `minimum` int(20) DEFAULT NULL,
  `maximum` int(20) DEFAULT NULL,
  `status` int(2) DEFAULT NULL,
  `created_by` int(20) DEFAULT NULL,
  `created_dt_tm` datetime DEFAULT current_timestamp(),
  `updated_by` int(20) DEFAULT NULL,
  `updated_dt_tm` datetime DEFAULT current_timestamp()
) ENGINE=InnoDB DEFAULT CHARSET=latin1;

-- --------------------------------------------------------

--
-- Table structure for table `temp_pr_entry`
--

CREATE TABLE `temp_pr_entry` (
  `id` bigint(20) NOT NULL,
  `sessionid` varchar(100) DEFAULT NULL,
  `cr_account` varchar(20) DEFAULT NULL,
  `cr_activity` varchar(20) DEFAULT NULL,
  `cr_department` varchar(20) DEFAULT NULL,
  `cr_fund` varchar(20) DEFAULT NULL,
  `dt_account` varchar(20) DEFAULT NULL,
  `dt_activity` varchar(20) DEFAULT NULL,
  `dt_department` varchar(20) DEFAULT NULL,
  `dt_fund` varchar(20) DEFAULT NULL,
  `id_category` bigint(20) DEFAULT NULL,
  `id_sub_category` bigint(20) DEFAULT NULL,
  `id_item` bigint(20) DEFAULT NULL,
  `type` varchar(20) DEFAULT NULL,
  `quantity` int(20) DEFAULT NULL,
  `price` float(20,2) DEFAULT NULL,
  `id_tax` float(10,2) DEFAULT NULL,
  `tax_price` float(10,2) DEFAULT NULL,
  `total_final` float(10,2) DEFAULT NULL
) ENGINE=InnoDB DEFAULT CHARSET=latin1;

-- --------------------------------------------------------

--
-- Table structure for table `temp_receipt_details`
--

CREATE TABLE `temp_receipt_details` (
  `id` int(20) NOT NULL,
  `id_payment_mode` varchar(20) DEFAULT '',
  `payment_reference_number` varchar(200) DEFAULT '',
  `payment_mode_amount` varchar(20) DEFAULT '',
  `id_session` varchar(120) DEFAULT '',
  `status` int(2) DEFAULT NULL,
  `created_by` int(20) DEFAULT NULL,
  `created_dt_tm` datetime DEFAULT current_timestamp(),
  `updated_by` int(20) DEFAULT NULL,
  `updated_dt_tm` datetime DEFAULT current_timestamp()
) ENGINE=InnoDB DEFAULT CHARSET=latin1;

-- --------------------------------------------------------

--
-- Table structure for table `temp_research_articleship_has_examiner`
--

CREATE TABLE `temp_research_articleship_has_examiner` (
  `id` int(20) NOT NULL,
  `id_session` varchar(520) DEFAULT '',
  `id_examiner_role` int(20) DEFAULT 0,
  `id_examiner` int(20) DEFAULT 0,
  `status` int(2) DEFAULT 1,
  `created_by` int(20) DEFAULT NULL,
  `created_dt_tm` datetime DEFAULT current_timestamp(),
  `updated_by` int(20) DEFAULT NULL,
  `updated_dt_tm` datetime DEFAULT current_timestamp()
) ENGINE=InnoDB DEFAULT CHARSET=latin1;

-- --------------------------------------------------------

--
-- Table structure for table `temp_research_articleship_has_supervisors`
--

CREATE TABLE `temp_research_articleship_has_supervisors` (
  `id` int(20) NOT NULL,
  `id_session` varchar(520) DEFAULT '',
  `id_staff_role` int(20) DEFAULT 0,
  `id_staff` int(20) DEFAULT 0,
  `status` int(2) DEFAULT 1,
  `created_by` int(20) DEFAULT NULL,
  `created_dt_tm` datetime DEFAULT current_timestamp(),
  `updated_by` int(20) DEFAULT NULL,
  `updated_dt_tm` datetime DEFAULT current_timestamp()
) ENGINE=InnoDB DEFAULT CHARSET=latin1;

-- --------------------------------------------------------

--
-- Table structure for table `temp_research_category_has_supervisors`
--

CREATE TABLE `temp_research_category_has_supervisors` (
  `id` int(20) NOT NULL,
  `id_session` varchar(520) DEFAULT '',
  `id_staff` int(20) DEFAULT 0,
  `status` int(2) DEFAULT 1,
  `created_by` int(20) DEFAULT NULL,
  `created_dt_tm` datetime DEFAULT current_timestamp(),
  `updated_by` int(20) DEFAULT NULL,
  `updated_dt_tm` datetime DEFAULT current_timestamp()
) ENGINE=InnoDB DEFAULT CHARSET=latin1;

-- --------------------------------------------------------

--
-- Table structure for table `temp_research_colloquium_details`
--

CREATE TABLE `temp_research_colloquium_details` (
  `id` int(20) NOT NULL,
  `id_session` varchar(520) DEFAULT '',
  `id_programme` int(20) DEFAULT 0,
  `id_intake` int(20) DEFAULT 0,
  `status` int(2) DEFAULT 1,
  `created_by` int(20) DEFAULT NULL,
  `created_dt_tm` datetime DEFAULT current_timestamp(),
  `updated_by` int(20) DEFAULT NULL,
  `updated_dt_tm` datetime DEFAULT current_timestamp()
) ENGINE=InnoDB DEFAULT CHARSET=latin1;

--
-- Dumping data for table `temp_research_colloquium_details`
--

INSERT INTO `temp_research_colloquium_details` (`id`, `id_session`, `id_programme`, `id_intake`, `status`, `created_by`, `created_dt_tm`, `updated_by`, `updated_dt_tm`) VALUES
(1, 'cee368cb9aa49790f52325f891839e79', 4, 2, 1, NULL, '2020-11-25 10:53:23', NULL, '2020-11-25 10:53:23');

-- --------------------------------------------------------

--
-- Table structure for table `temp_research_professionalpracricepaper_has_employment`
--

CREATE TABLE `temp_research_professionalpracricepaper_has_employment` (
  `id` int(20) NOT NULL,
  `id_session` varchar(520) DEFAULT '',
  `company_name` varchar(1024) DEFAULT '',
  `address` varchar(1024) DEFAULT '',
  `position` varchar(1024) DEFAULT '',
  `job_function` varchar(1024) DEFAULT '',
  `from_year` int(20) DEFAULT 0,
  `to_year` int(20) DEFAULT 0,
  `reference_number` varchar(1024) DEFAULT '',
  `reference_address` varchar(1024) DEFAULT '',
  `status` int(2) DEFAULT 1,
  `created_by` int(20) DEFAULT NULL,
  `created_dt_tm` datetime DEFAULT current_timestamp(),
  `updated_by` int(20) DEFAULT NULL,
  `updated_dt_tm` datetime DEFAULT current_timestamp()
) ENGINE=InnoDB DEFAULT CHARSET=latin1;

-- --------------------------------------------------------

--
-- Table structure for table `temp_research_professionalpracricepaper_has_examiner`
--

CREATE TABLE `temp_research_professionalpracricepaper_has_examiner` (
  `id` int(20) NOT NULL,
  `id_session` varchar(520) DEFAULT '',
  `id_examiner_role` int(20) DEFAULT 0,
  `id_examiner` int(20) DEFAULT 0,
  `status` int(2) DEFAULT 1,
  `created_by` int(20) DEFAULT NULL,
  `created_dt_tm` datetime DEFAULT current_timestamp(),
  `updated_by` int(20) DEFAULT NULL,
  `updated_dt_tm` datetime DEFAULT current_timestamp()
) ENGINE=InnoDB DEFAULT CHARSET=latin1;

-- --------------------------------------------------------

--
-- Table structure for table `temp_research_professionalpracricepaper_has_supervisors`
--

CREATE TABLE `temp_research_professionalpracricepaper_has_supervisors` (
  `id` int(20) NOT NULL,
  `id_session` varchar(520) DEFAULT '',
  `id_staff_role` int(20) DEFAULT 0,
  `id_staff` int(20) DEFAULT 0,
  `status` int(2) DEFAULT 1,
  `created_by` int(20) DEFAULT NULL,
  `created_dt_tm` datetime DEFAULT current_timestamp(),
  `updated_by` int(20) DEFAULT NULL,
  `updated_dt_tm` datetime DEFAULT current_timestamp()
) ENGINE=InnoDB DEFAULT CHARSET=latin1;

-- --------------------------------------------------------

--
-- Table structure for table `temp_research_proposal_has_examiner`
--

CREATE TABLE `temp_research_proposal_has_examiner` (
  `id` int(20) NOT NULL,
  `id_session` varchar(520) DEFAULT '',
  `id_examiner_role` int(20) DEFAULT 0,
  `id_examiner` int(20) DEFAULT 0,
  `status` int(2) DEFAULT 1,
  `created_by` int(20) DEFAULT NULL,
  `created_dt_tm` datetime DEFAULT current_timestamp(),
  `updated_by` int(20) DEFAULT NULL,
  `updated_dt_tm` datetime DEFAULT current_timestamp()
) ENGINE=InnoDB DEFAULT CHARSET=latin1;

-- --------------------------------------------------------

--
-- Table structure for table `temp_research_proposal_has_supervisors`
--

CREATE TABLE `temp_research_proposal_has_supervisors` (
  `id` int(20) NOT NULL,
  `id_session` varchar(520) DEFAULT '',
  `id_staff_role` int(20) DEFAULT 0,
  `id_staff` int(20) DEFAULT 0,
  `status` int(2) DEFAULT 1,
  `created_by` int(20) DEFAULT NULL,
  `created_dt_tm` datetime DEFAULT current_timestamp(),
  `updated_by` int(20) DEFAULT NULL,
  `updated_dt_tm` datetime DEFAULT current_timestamp()
) ENGINE=InnoDB DEFAULT CHARSET=latin1;

-- --------------------------------------------------------

--
-- Table structure for table `temp_scheme_has_program`
--

CREATE TABLE `temp_scheme_has_program` (
  `id` int(20) NOT NULL,
  `id_session` varchar(500) DEFAULT '',
  `id_program` bigint(20) DEFAULT 0,
  `id_sub_thrust` int(20) DEFAULT 0,
  `quota` int(20) DEFAULT 0,
  `status` int(2) DEFAULT 0,
  `created_by` int(20) DEFAULT NULL,
  `created_dt_tm` datetime DEFAULT current_timestamp(),
  `updated_by` int(20) DEFAULT NULL,
  `updated_dt_tm` datetime DEFAULT current_timestamp()
) ENGINE=InnoDB DEFAULT CHARSET=latin1;

-- --------------------------------------------------------

--
-- Table structure for table `temp_scholarship_documents_program_details`
--

CREATE TABLE `temp_scholarship_documents_program_details` (
  `id` int(20) NOT NULL,
  `id_session` varchar(520) DEFAULT '',
  `id_program` int(20) DEFAULT 0,
  `status` int(2) DEFAULT NULL,
  `created_by` int(20) DEFAULT NULL,
  `created_dt_tm` datetime DEFAULT current_timestamp(),
  `updated_by` int(20) DEFAULT NULL,
  `updated_dt_tm` datetime DEFAULT current_timestamp()
) ENGINE=InnoDB DEFAULT CHARSET=latin1;

-- --------------------------------------------------------

--
-- Table structure for table `temp_semester_has_scheme`
--

CREATE TABLE `temp_semester_has_scheme` (
  `id` bigint(20) NOT NULL,
  `id_session` varchar(500) DEFAULT '0',
  `id_scheme` int(20) DEFAULT 0,
  `status` int(20) DEFAULT 1,
  `created_by` int(20) DEFAULT 0,
  `created_dt_tm` datetime DEFAULT current_timestamp(),
  `updated_by` int(20) DEFAULT 0,
  `updated_dt_tm` datetime DEFAULT current_timestamp()
) ENGINE=InnoDB DEFAULT CHARSET=latin1;

-- --------------------------------------------------------

--
-- Table structure for table `temp_sponser_credit_note_details`
--

CREATE TABLE `temp_sponser_credit_note_details` (
  `id` int(20) NOT NULL,
  `id_sponser_main_invoice` int(20) NOT NULL,
  `invoice_amount` varchar(20) DEFAULT '',
  `credit_note_amount` varchar(20) DEFAULT '',
  `id_session` varchar(120) NOT NULL,
  `status` int(2) DEFAULT NULL,
  `created_by` int(20) DEFAULT NULL,
  `created_dt_tm` datetime DEFAULT current_timestamp(),
  `updated_by` int(20) DEFAULT NULL,
  `updated_dt_tm` datetime DEFAULT current_timestamp()
) ENGINE=InnoDB DEFAULT CHARSET=latin1;

-- --------------------------------------------------------

--
-- Table structure for table `temp_sponser_main_invoice_details`
--

CREATE TABLE `temp_sponser_main_invoice_details` (
  `id` int(20) NOT NULL,
  `id_fee_item` int(10) DEFAULT NULL,
  `amount` varchar(20) DEFAULT '',
  `id_session` varchar(120) DEFAULT '',
  `status` int(2) DEFAULT NULL,
  `created_by` int(20) DEFAULT NULL,
  `created_dt_tm` datetime DEFAULT current_timestamp(),
  `updated_by` int(20) DEFAULT NULL,
  `updated_dt_tm` datetime DEFAULT current_timestamp()
) ENGINE=InnoDB DEFAULT CHARSET=latin1;

-- --------------------------------------------------------

--
-- Table structure for table `temp_sponser_receipt_details`
--

CREATE TABLE `temp_sponser_receipt_details` (
  `id` int(20) NOT NULL,
  `id_sponser_main_invoice` int(20) NOT NULL,
  `invoice_amount` varchar(20) DEFAULT '',
  `paid_amount` varchar(20) DEFAULT '',
  `id_session` varchar(120) DEFAULT '',
  `status` int(2) DEFAULT NULL,
  `created_by` int(20) DEFAULT NULL,
  `created_dt_tm` datetime DEFAULT current_timestamp(),
  `updated_by` int(20) DEFAULT NULL,
  `updated_dt_tm` datetime DEFAULT current_timestamp()
) ENGINE=InnoDB DEFAULT CHARSET=latin1;

-- --------------------------------------------------------

--
-- Table structure for table `temp_staff_has_course`
--

CREATE TABLE `temp_staff_has_course` (
  `id` int(20) NOT NULL,
  `id_session` varchar(100) DEFAULT NULL,
  `id_course` int(10) DEFAULT NULL,
  `status` int(2) DEFAULT NULL,
  `created_by` int(20) DEFAULT NULL,
  `created_dt_tm` datetime DEFAULT current_timestamp(),
  `updated_by` int(20) DEFAULT NULL,
  `updated_dt_tm` datetime DEFAULT current_timestamp()
) ENGINE=InnoDB DEFAULT CHARSET=latin1;

--
-- Dumping data for table `temp_staff_has_course`
--

INSERT INTO `temp_staff_has_course` (`id`, `id_session`, `id_course`, `status`, `created_by`, `created_dt_tm`, `updated_by`, `updated_dt_tm`) VALUES
(6, '58ce077c46b9ecaab2bb90ba6312c23c', 0, NULL, NULL, '2020-11-16 04:21:33', NULL, '2020-11-16 04:21:33');

-- --------------------------------------------------------

--
-- Table structure for table `temp_supervisor_has_specialization`
--

CREATE TABLE `temp_supervisor_has_specialization` (
  `id` int(20) NOT NULL,
  `id_session` varchar(520) DEFAULT '',
  `id_specialisation` int(20) DEFAULT 0,
  `status` int(2) DEFAULT 1,
  `created_by` int(20) DEFAULT NULL,
  `created_dt_tm` datetime DEFAULT current_timestamp(),
  `updated_by` int(20) DEFAULT NULL,
  `updated_dt_tm` datetime DEFAULT current_timestamp()
) ENGINE=InnoDB DEFAULT CHARSET=latin1;

-- --------------------------------------------------------

--
-- Table structure for table `temp_tender_commitee`
--

CREATE TABLE `temp_tender_commitee` (
  `id` bigint(20) NOT NULL,
  `id_session` varchar(100) DEFAULT '',
  `staff_type` varchar(50) DEFAULT '',
  `id_staff` bigint(20) DEFAULT NULL,
  `outside_staff_name` varchar(500) DEFAULT '',
  `comitee_description` varchar(500) DEFAULT '',
  `status` int(2) DEFAULT 0,
  `created_by` int(20) DEFAULT NULL,
  `created_dt_tm` datetime DEFAULT current_timestamp(),
  `updated_by` int(20) DEFAULT NULL,
  `updated_dt_tm` datetime DEFAULT current_timestamp()
) ENGINE=InnoDB DEFAULT CHARSET=latin1;

-- --------------------------------------------------------

--
-- Table structure for table `temp_tender_remarks`
--

CREATE TABLE `temp_tender_remarks` (
  `id` bigint(20) NOT NULL,
  `id_session` varchar(100) DEFAULT '',
  `remarks` varchar(500) DEFAULT NULL,
  `status` int(2) DEFAULT 0,
  `created_by` int(20) DEFAULT NULL,
  `created_dt_tm` datetime DEFAULT current_timestamp(),
  `updated_by` int(20) DEFAULT NULL,
  `updated_dt_tm` datetime DEFAULT current_timestamp()
) ENGINE=InnoDB DEFAULT CHARSET=latin1;

-- --------------------------------------------------------

--
-- Table structure for table `temp_topic_has_supervisors`
--

CREATE TABLE `temp_topic_has_supervisors` (
  `id` int(20) NOT NULL,
  `id_session` varchar(520) DEFAULT '',
  `id_staff` int(20) DEFAULT 0,
  `status` int(2) DEFAULT 1,
  `created_by` int(20) DEFAULT NULL,
  `created_dt_tm` datetime DEFAULT current_timestamp(),
  `updated_by` int(20) DEFAULT NULL,
  `updated_dt_tm` datetime DEFAULT current_timestamp()
) ENGINE=InnoDB DEFAULT CHARSET=latin1;

-- --------------------------------------------------------

--
-- Table structure for table `tender_commitee`
--

CREATE TABLE `tender_commitee` (
  `id` bigint(20) NOT NULL,
  `id_tender` int(20) DEFAULT 0,
  `staff_type` varchar(50) DEFAULT '',
  `id_staff` bigint(20) DEFAULT NULL,
  `outside_staff_name` varchar(500) DEFAULT '',
  `comitee_description` varchar(500) DEFAULT '',
  `status` int(2) DEFAULT 0,
  `created_by` int(20) DEFAULT NULL,
  `created_dt_tm` datetime DEFAULT current_timestamp(),
  `updated_by` int(20) DEFAULT NULL,
  `updated_dt_tm` datetime DEFAULT current_timestamp()
) ENGINE=InnoDB DEFAULT CHARSET=latin1;

-- --------------------------------------------------------

--
-- Table structure for table `tender_quotation`
--

CREATE TABLE `tender_quotation` (
  `id` bigint(20) NOT NULL,
  `type` varchar(100) DEFAULT '',
  `id_financial_year` bigint(20) DEFAULT NULL,
  `id_vendor` bigint(20) DEFAULT NULL,
  `id_department` bigint(20) DEFAULT NULL,
  `id_pr` bigint(20) DEFAULT NULL,
  `quotation_number` varchar(50) DEFAULT NULL,
  `start_date` datetime DEFAULT current_timestamp(),
  `end_date` datetime DEFAULT current_timestamp(),
  `opening_date` datetime DEFAULT current_timestamp(),
  `description` varchar(500) DEFAULT NULL,
  `reason` varchar(500) DEFAULT NULL,
  `amount` float(10,2) DEFAULT NULL,
  `split` int(2) DEFAULT 0,
  `is_submitted` int(2) DEFAULT 0,
  `is_shortlisted` int(2) DEFAULT 0,
  `is_awarded` int(2) DEFAULT 0,
  `status` int(2) DEFAULT 0,
  `created_by` int(20) DEFAULT NULL,
  `created_dt_tm` datetime DEFAULT current_timestamp(),
  `updated_by` int(20) DEFAULT NULL,
  `updated_dt_tm` datetime DEFAULT current_timestamp()
) ENGINE=InnoDB DEFAULT CHARSET=latin1;

-- --------------------------------------------------------

--
-- Table structure for table `tender_quotation_detail`
--

CREATE TABLE `tender_quotation_detail` (
  `id` bigint(20) NOT NULL,
  `id_tender_quotation` bigint(20) DEFAULT NULL,
  `cr_account` varchar(20) DEFAULT '',
  `cr_activity` varchar(20) DEFAULT '',
  `cr_department` varchar(20) DEFAULT '',
  `cr_fund` varchar(20) DEFAULT '',
  `dt_account` varchar(20) DEFAULT '',
  `dt_activity` varchar(20) DEFAULT '',
  `dt_department` varchar(20) DEFAULT '',
  `dt_fund` varchar(20) DEFAULT '',
  `period` int(20) DEFAULT NULL,
  `period_type` varchar(50) DEFAULT '',
  `id_category` bigint(20) DEFAULT NULL,
  `id_sub_category` bigint(20) DEFAULT NULL,
  `id_item` bigint(20) DEFAULT NULL,
  `type` varchar(20) DEFAULT '',
  `visit_location` varchar(200) DEFAULT '',
  `visit_date_time` datetime DEFAULT current_timestamp(),
  `quantity` int(20) DEFAULT NULL,
  `price` float(20,2) DEFAULT NULL,
  `id_tax` float(10,2) DEFAULT NULL,
  `tax_price` float(10,2) DEFAULT NULL,
  `total_final` float(10,2) DEFAULT NULL,
  `status` int(2) DEFAULT 0,
  `created_by` int(20) DEFAULT NULL,
  `created_dt_tm` datetime DEFAULT current_timestamp(),
  `updated_by` int(20) DEFAULT NULL,
  `updated_dt_tm` datetime DEFAULT current_timestamp()
) ENGINE=InnoDB DEFAULT CHARSET=latin1;

-- --------------------------------------------------------

--
-- Table structure for table `tender_remarks`
--

CREATE TABLE `tender_remarks` (
  `id` bigint(20) NOT NULL,
  `id_tender` int(20) DEFAULT 0,
  `remarks` varchar(500) DEFAULT NULL,
  `status` int(2) DEFAULT 0,
  `created_by` int(20) DEFAULT NULL,
  `created_dt_tm` datetime DEFAULT current_timestamp(),
  `updated_by` int(20) DEFAULT NULL,
  `updated_dt_tm` datetime DEFAULT current_timestamp()
) ENGINE=InnoDB DEFAULT CHARSET=latin1;

-- --------------------------------------------------------

--
-- Table structure for table `tender_submission_vendor`
--

CREATE TABLE `tender_submission_vendor` (
  `id` bigint(20) NOT NULL,
  `id_tender_quotation` int(20) DEFAULT 0,
  `id_vendor` int(20) DEFAULT 0,
  `description` varchar(500) DEFAULT NULL,
  `is_submitted` int(2) DEFAULT 0,
  `is_shortlisted` int(2) DEFAULT 0,
  `is_awarded` int(2) DEFAULT 0,
  `status` int(2) DEFAULT 0,
  `created_by` int(20) DEFAULT NULL,
  `created_dt_tm` datetime DEFAULT current_timestamp(),
  `updated_by` int(20) DEFAULT NULL,
  `updated_dt_tm` datetime DEFAULT current_timestamp()
) ENGINE=InnoDB DEFAULT CHARSET=latin1;

-- --------------------------------------------------------

--
-- Table structure for table `toc_reporting_comments`
--

CREATE TABLE `toc_reporting_comments` (
  `id` bigint(20) NOT NULL,
  `id_toc` bigint(20) NOT NULL,
  `comments` varchar(200) DEFAULT '',
  `id_supervisor` bigint(20) NOT NULL,
  `upload_file` varchar(2048) DEFAULT '',
  `reason` varchar(2048) DEFAULT '',
  `status` int(2) DEFAULT 1,
  `created_by` int(20) DEFAULT NULL,
  `created_dt_tm` datetime DEFAULT current_timestamp(),
  `updated_by` int(20) DEFAULT NULL,
  `updated_dt_tm` datetime DEFAULT current_timestamp()
) ENGINE=InnoDB DEFAULT CHARSET=utf8;

--
-- Dumping data for table `toc_reporting_comments`
--

INSERT INTO `toc_reporting_comments` (`id`, `id_toc`, `comments`, `id_supervisor`, `upload_file`, `reason`, `status`, `created_by`, `created_dt_tm`, `updated_by`, `updated_dt_tm`) VALUES
(1, 1, 'Need TO Add Data', 4, '424cc98cfb63f3c346259060f168468d.jpeg', '', 1, NULL, '2020-12-11 13:06:22', NULL, '2020-12-11 13:06:22'),
(2, 3, 'DASAS', 4, '0b451b1490d596b42362153a8d8a8572.png', '', 1, NULL, '2020-12-25 13:06:26', NULL, '2020-12-25 13:06:26');

-- --------------------------------------------------------

--
-- Table structure for table `topic_has_supervisors`
--

CREATE TABLE `topic_has_supervisors` (
  `id` int(20) NOT NULL,
  `id_topic` int(20) DEFAULT 0,
  `id_staff` int(20) DEFAULT 0,
  `status` int(2) DEFAULT 1,
  `created_by` int(20) DEFAULT NULL,
  `created_dt_tm` datetime DEFAULT current_timestamp(),
  `updated_by` int(20) DEFAULT NULL,
  `updated_dt_tm` datetime DEFAULT current_timestamp()
) ENGINE=InnoDB DEFAULT CHARSET=latin1;

--
-- Dumping data for table `topic_has_supervisors`
--

INSERT INTO `topic_has_supervisors` (`id`, `id_topic`, `id_staff`, `status`, `created_by`, `created_dt_tm`, `updated_by`, `updated_dt_tm`) VALUES
(2, 1, 2, 1, NULL, '2020-09-04 13:41:29', NULL, '2020-09-04 13:41:29'),
(3, 2, 1, 1, NULL, '2020-09-12 04:05:57', NULL, '2020-09-12 04:05:57'),
(4, 1, 1, 1, NULL, '2020-09-12 04:06:07', NULL, '2020-09-12 04:06:07');

-- --------------------------------------------------------

--
-- Table structure for table `unit`
--

CREATE TABLE `unit` (
  `id` int(20) NOT NULL,
  `name` varchar(250) DEFAULT '',
  `code` varchar(50) DEFAULT '',
  `status` int(2) DEFAULT NULL,
  `created_by` int(20) DEFAULT NULL,
  `created_dt_tm` datetime DEFAULT current_timestamp(),
  `updated_by` int(20) DEFAULT NULL,
  `updated_dt_tm` datetime DEFAULT current_timestamp()
) ENGINE=InnoDB DEFAULT CHARSET=latin1;

-- --------------------------------------------------------

--
-- Table structure for table `users`
--

CREATE TABLE `users` (
  `id` int(11) NOT NULL,
  `email` varchar(128) NOT NULL COMMENT 'login email',
  `password` varchar(128) NOT NULL COMMENT 'hashed login password',
  `name` varchar(128) DEFAULT NULL COMMENT 'full name of user',
  `mobile` varchar(20) DEFAULT NULL,
  `role_id` tinyint(4) NOT NULL,
  `is_deleted` tinyint(4) NOT NULL DEFAULT 0,
  `created_by` int(11) NOT NULL,
  `created_dt_tm` datetime NOT NULL,
  `updated_by` int(11) DEFAULT NULL,
  `updated_dt_tm` datetime DEFAULT NULL
) ENGINE=MyISAM DEFAULT CHARSET=utf8;

--
-- Dumping data for table `users`
--

INSERT INTO `users` (`id`, `email`, `password`, `name`, `mobile`, `role_id`, `is_deleted`, `created_by`, `created_dt_tm`, `updated_by`, `updated_dt_tm`) VALUES
(1, 'admin@gmail.com', '$2y$10$YykrXgnhZ563BCiC6L2ee.Kktd/Vj/KncTnTeDZQXCWwAQ1xH4Req', 'Administrator', '9890098901', 1, 0, 0, '2015-07-01 18:56:49', 1, '2020-01-30 01:48:49'),
(10, 'permissions@cms.com', '$2y$10$IGMpNysy12MZbrSP50tYsuJCAIQH/N8f3VaqsafRP9Ip58W9pMU7.', 'Permission Assigner', '479123491', 14, 0, 1, '2020-10-31 11:34:16', 1, '2020-10-31 11:52:07'),
(11, 'aeu@cms.com', '$2y$10$OnVsw.8CIhaASVmdYwM/yuyviFmFEv3wtwkuBdcBamgu0d6EIBm96', 'Aeu Administrator', '88888888', 15, 0, 1, '2020-11-13 02:26:28', NULL, NULL),
(12, 'aeu.exam@cms.com', '$2y$10$hzMxYRcvHWlR/wAjsg/3huBzKx7Adc82ETZ2kz6WKfpokx0mQxce.', 'Aeu Examination Admin', '88889999', 16, 0, 1, '2020-11-13 02:27:06', NULL, NULL),
(13, 'cu@cms.com', '$2y$10$3DbqlCzfYPHaV7UyBD/Yy.qPYEE1/TS8b6CH4FFvRaQ6KDXUFC5Ii', 'Colloquium User', '888888888', 17, 0, 1, '2020-11-25 23:07:33', NULL, NULL);

-- --------------------------------------------------------

--
-- Table structure for table `vendor_details`
--

CREATE TABLE `vendor_details` (
  `id` int(20) NOT NULL,
  `name` varchar(580) DEFAULT '',
  `code` varchar(50) DEFAULT '',
  `email` varchar(120) DEFAULT '',
  `phone` varchar(120) DEFAULT '',
  `gender` varchar(20) DEFAULT '',
  `nric` varchar(120) DEFAULT '',
  `mobile` varchar(20) DEFAULT '',
  `address_one` varchar(520) DEFAULT '',
  `address_two` varchar(520) DEFAULT '',
  `country` varchar(120) DEFAULT '',
  `state` varchar(120) DEFAULT '',
  `zipcode` varchar(120) DEFAULT '',
  `date_of_birth` varchar(20) DEFAULT '',
  `vendor_status` varchar(50) DEFAULT 'Draft',
  `status` int(20) DEFAULT NULL,
  `created_by` int(20) DEFAULT NULL,
  `created_dt_tm` datetime DEFAULT current_timestamp(),
  `updated_by` int(20) DEFAULT NULL,
  `updated_dt_tm` datetime DEFAULT current_timestamp()
) ENGINE=InnoDB DEFAULT CHARSET=latin1;

-- --------------------------------------------------------

--
-- Table structure for table `visa_details`
--

CREATE TABLE `visa_details` (
  `id` int(20) NOT NULL,
  `id_student` int(10) DEFAULT NULL,
  `malaysian_visa` varchar(120) DEFAULT '',
  `visa_number` varchar(200) DEFAULT '',
  `visa_expiry_date` varchar(120) DEFAULT '',
  `visa_status` varchar(120) DEFAULT '',
  `status` int(20) DEFAULT NULL,
  `created_by` int(20) DEFAULT NULL,
  `created_dt_tm` datetime DEFAULT current_timestamp(),
  `updated_by` int(20) DEFAULT NULL,
  `updated_dt_tm` datetime DEFAULT current_timestamp()
) ENGINE=InnoDB DEFAULT CHARSET=latin1;

--
-- Dumping data for table `visa_details`
--

INSERT INTO `visa_details` (`id`, `id_student`, `malaysian_visa`, `visa_number`, `visa_expiry_date`, `visa_status`, `status`, `created_by`, `created_dt_tm`, `updated_by`, `updated_dt_tm`) VALUES
(1, 1, '', '', '', '', NULL, NULL, '2020-07-11 01:20:44', NULL, '2020-07-11 01:20:44'),
(2, 1, '', '', '', '', NULL, NULL, '2020-07-11 06:25:02', NULL, '2020-07-11 06:25:02'),
(3, 2, '', '', '', '', NULL, NULL, '2020-07-11 11:53:53', NULL, '2020-07-11 11:53:53'),
(4, 3, '', '', '', '', NULL, NULL, '2020-07-11 12:55:29', NULL, '2020-07-11 12:55:29'),
(5, 4, '', '', '', '', NULL, NULL, '2020-07-11 13:15:32', NULL, '2020-07-11 13:15:32'),
(7, 5, 'Yes', '128932726', '2020-08-29', 'Active Visa', NULL, NULL, '2020-08-06 07:56:06', NULL, '2020-08-06 07:56:06'),
(8, 5, '', '', '1970-01-01', 'Active Visa', NULL, NULL, '2020-08-06 07:59:36', NULL, '2020-08-06 07:59:36'),
(13, 6, 'Yes', 'w3432432', '2020-08-31', 'Active Visa', NULL, NULL, '2020-08-12 10:06:41', NULL, '2020-08-12 10:06:41'),
(14, 6, '', '', '1970-01-01', 'Active Visa', NULL, NULL, '2020-08-12 10:07:24', NULL, '2020-08-12 10:07:24'),
(15, 13, 'Yes', 'NADSA12313', '2020-08-18', 'Active', NULL, NULL, '2020-08-30 14:18:24', NULL, '2020-08-30 14:18:24'),
(16, 27, 'Yes', '123', '2020-10-04', 'Active', NULL, NULL, '2020-10-09 00:45:59', NULL, '2020-10-09 00:45:59'),
(17, 28, 'Yes', '123231', '2022-10-01', 'Active Visa', NULL, NULL, '2020-10-10 01:55:31', NULL, '2020-10-10 01:55:31'),
(18, 28, 'Yes', '2123DHASJD', '2021-10-17', 'Active Visa', NULL, NULL, '2020-10-10 02:00:27', NULL, '2020-10-10 02:00:27'),
(19, 29, 'Yes', '3213GGA', '2021-10-29', 'Active Visa', NULL, NULL, '2020-10-10 02:01:39', NULL, '2020-10-10 02:01:39'),
(20, 29, 'Yes', 'ASDJKA768', '2022-10-29', 'Active Visa', NULL, NULL, '2020-10-10 02:01:57', NULL, '2020-10-10 02:01:57'),
(21, 31, 'Yes', 'DASDMA123', '2022-11-28', 'Active Visa', NULL, NULL, '2020-11-08 11:47:23', NULL, '2020-11-08 11:47:23'),
(22, 35, 'Yes', 'VISA121312313', '2020-11-26', 'Active Visa', NULL, NULL, '2020-11-29 22:53:06', NULL, '2020-11-29 22:53:06'),
(23, 35, 'Yes', 'VISA', '2022-11-26', 'Active Visa', NULL, NULL, '2020-11-29 22:56:47', NULL, '2020-11-29 22:56:47'),
(24, 33, 'Yes', 'VABD123211', '2019-11-01', 'Active Visa', NULL, NULL, '2020-11-29 23:05:11', NULL, '2020-11-29 23:05:11'),
(25, 33, 'Yes', 'VADAGA122121', '2022-01-31', 'Active Visa', NULL, NULL, '2020-11-29 23:05:31', NULL, '2020-11-29 23:05:31');

--
-- Indexes for dumped tables
--

--
-- Indexes for table `abstract_reporting_comments`
--
ALTER TABLE `abstract_reporting_comments`
  ADD PRIMARY KEY (`id`);

--
-- Indexes for table `academic_year`
--
ALTER TABLE `academic_year`
  ADD PRIMARY KEY (`id`),
  ADD KEY `created_by` (`created_by`),
  ADD KEY `updated_by` (`updated_by`);

--
-- Indexes for table `account_code`
--
ALTER TABLE `account_code`
  ADD PRIMARY KEY (`id`),
  ADD UNIQUE KEY `code` (`code`),
  ADD KEY `created_by` (`created_by`),
  ADD KEY `updated_by` (`updated_by`);

--
-- Indexes for table `activity_code`
--
ALTER TABLE `activity_code`
  ADD PRIMARY KEY (`id`);

--
-- Indexes for table `activity_details`
--
ALTER TABLE `activity_details`
  ADD PRIMARY KEY (`id`);

--
-- Indexes for table `add_course_to_program_landscape`
--
ALTER TABLE `add_course_to_program_landscape`
  ADD PRIMARY KEY (`id`);

--
-- Indexes for table `add_learning_mode_to_program_landscape`
--
ALTER TABLE `add_learning_mode_to_program_landscape`
  ADD PRIMARY KEY (`id`);

--
-- Indexes for table `add_program_objective_to_program_landscape`
--
ALTER TABLE `add_program_objective_to_program_landscape`
  ADD PRIMARY KEY (`id`);

--
-- Indexes for table `add_temp_receipt_paid_amount`
--
ALTER TABLE `add_temp_receipt_paid_amount`
  ADD PRIMARY KEY (`id`);

--
-- Indexes for table `advisor_has_specialization`
--
ALTER TABLE `advisor_has_specialization`
  ADD PRIMARY KEY (`id`);

--
-- Indexes for table `advisor_tagging`
--
ALTER TABLE `advisor_tagging`
  ADD PRIMARY KEY (`id`);

--
-- Indexes for table `alumni_discount`
--
ALTER TABLE `alumni_discount`
  ADD PRIMARY KEY (`id`);

--
-- Indexes for table `amount_calculation_type`
--
ALTER TABLE `amount_calculation_type`
  ADD PRIMARY KEY (`id`),
  ADD KEY `created_by` (`created_by`),
  ADD KEY `updated_by` (`updated_by`);

--
-- Indexes for table `apex_status`
--
ALTER TABLE `apex_status`
  ADD PRIMARY KEY (`id`);

--
-- Indexes for table `applicant`
--
ALTER TABLE `applicant`
  ADD PRIMARY KEY (`id`);

--
-- Indexes for table `applicant_has_alumni_discount`
--
ALTER TABLE `applicant_has_alumni_discount`
  ADD PRIMARY KEY (`id`);

--
-- Indexes for table `applicant_has_discount`
--
ALTER TABLE `applicant_has_discount`
  ADD PRIMARY KEY (`id`);

--
-- Indexes for table `applicant_has_document`
--
ALTER TABLE `applicant_has_document`
  ADD PRIMARY KEY (`id`);

--
-- Indexes for table `applicant_has_employee_discount`
--
ALTER TABLE `applicant_has_employee_discount`
  ADD PRIMARY KEY (`id`);

--
-- Indexes for table `applicant_has_sibbling_discount`
--
ALTER TABLE `applicant_has_sibbling_discount`
  ADD PRIMARY KEY (`id`),
  ADD KEY `id_applicant` (`id_applicant`);

--
-- Indexes for table `applicant_last_login`
--
ALTER TABLE `applicant_last_login`
  ADD PRIMARY KEY (`id`);

--
-- Indexes for table `applicant_status`
--
ALTER TABLE `applicant_status`
  ADD PRIMARY KEY (`id`);

--
-- Indexes for table `apply_change_programme`
--
ALTER TABLE `apply_change_programme`
  ADD PRIMARY KEY (`id`);

--
-- Indexes for table `apply_change_scheme`
--
ALTER TABLE `apply_change_scheme`
  ADD PRIMARY KEY (`id`);

--
-- Indexes for table `apply_change_status`
--
ALTER TABLE `apply_change_status`
  ADD PRIMARY KEY (`id`);

--
-- Indexes for table `asset_category`
--
ALTER TABLE `asset_category`
  ADD PRIMARY KEY (`id`);

--
-- Indexes for table `asset_disposal`
--
ALTER TABLE `asset_disposal`
  ADD PRIMARY KEY (`id`);

--
-- Indexes for table `asset_disposal_detail`
--
ALTER TABLE `asset_disposal_detail`
  ADD PRIMARY KEY (`id`);

--
-- Indexes for table `asset_item`
--
ALTER TABLE `asset_item`
  ADD PRIMARY KEY (`id`);

--
-- Indexes for table `asset_order`
--
ALTER TABLE `asset_order`
  ADD PRIMARY KEY (`id`);

--
-- Indexes for table `asset_pre_registration`
--
ALTER TABLE `asset_pre_registration`
  ADD PRIMARY KEY (`id`);

--
-- Indexes for table `asset_registration`
--
ALTER TABLE `asset_registration`
  ADD PRIMARY KEY (`id`);

--
-- Indexes for table `asset_sub_category`
--
ALTER TABLE `asset_sub_category`
  ADD PRIMARY KEY (`id`);

--
-- Indexes for table `assign_student_to_exam_center`
--
ALTER TABLE `assign_student_to_exam_center`
  ADD PRIMARY KEY (`id`);

--
-- Indexes for table `attendence_setup`
--
ALTER TABLE `attendence_setup`
  ADD PRIMARY KEY (`id`);

--
-- Indexes for table `award`
--
ALTER TABLE `award`
  ADD PRIMARY KEY (`id`),
  ADD KEY `updated_by` (`updated_by`),
  ADD KEY `created_by` (`created_by`);

--
-- Indexes for table `award_level`
--
ALTER TABLE `award_level`
  ADD PRIMARY KEY (`id`);

--
-- Indexes for table `bank_details`
--
ALTER TABLE `bank_details`
  ADD PRIMARY KEY (`id`);

--
-- Indexes for table `bank_registration`
--
ALTER TABLE `bank_registration`
  ADD PRIMARY KEY (`id`);

--
-- Indexes for table `barring`
--
ALTER TABLE `barring`
  ADD PRIMARY KEY (`id`);

--
-- Indexes for table `barring_type`
--
ALTER TABLE `barring_type`
  ADD PRIMARY KEY (`id`);

--
-- Indexes for table `booking`
--
ALTER TABLE `booking`
  ADD PRIMARY KEY (`id`);

--
-- Indexes for table `bound_reporting_comments`
--
ALTER TABLE `bound_reporting_comments`
  ADD PRIMARY KEY (`id`);

--
-- Indexes for table `bulk_withdraw`
--
ALTER TABLE `bulk_withdraw`
  ADD PRIMARY KEY (`id`);

--
-- Indexes for table `bulk_withdraw_master`
--
ALTER TABLE `bulk_withdraw_master`
  ADD PRIMARY KEY (`id`);

--
-- Indexes for table `category_type`
--
ALTER TABLE `category_type`
  ADD PRIMARY KEY (`id`);

--
-- Indexes for table `change_branch`
--
ALTER TABLE `change_branch`
  ADD PRIMARY KEY (`id`);

--
-- Indexes for table `change_branch_history`
--
ALTER TABLE `change_branch_history`
  ADD PRIMARY KEY (`id`);

--
-- Indexes for table `change_status`
--
ALTER TABLE `change_status`
  ADD PRIMARY KEY (`id`);

--
-- Indexes for table `class_details`
--
ALTER TABLE `class_details`
  ADD PRIMARY KEY (`id`),
  ADD KEY `created_by` (`created_by`),
  ADD KEY `updated_by` (`updated_by`);

--
-- Indexes for table `communication_group`
--
ALTER TABLE `communication_group`
  ADD PRIMARY KEY (`id`);

--
-- Indexes for table `communication_group_message`
--
ALTER TABLE `communication_group_message`
  ADD PRIMARY KEY (`id`);

--
-- Indexes for table `communication_group_message_recepients`
--
ALTER TABLE `communication_group_message_recepients`
  ADD PRIMARY KEY (`id`);

--
-- Indexes for table `communication_group_recepients`
--
ALTER TABLE `communication_group_recepients`
  ADD PRIMARY KEY (`id`);

--
-- Indexes for table `communication_template`
--
ALTER TABLE `communication_template`
  ADD PRIMARY KEY (`id`);

--
-- Indexes for table `communication_template_message`
--
ALTER TABLE `communication_template_message`
  ADD PRIMARY KEY (`id`);

--
-- Indexes for table `company_details`
--
ALTER TABLE `company_details`
  ADD PRIMARY KEY (`id`),
  ADD KEY `id_vendor` (`id_vendor`);

--
-- Indexes for table `convocation`
--
ALTER TABLE `convocation`
  ADD PRIMARY KEY (`id`);

--
-- Indexes for table `convocation_details`
--
ALTER TABLE `convocation_details`
  ADD PRIMARY KEY (`id`);

--
-- Indexes for table `country`
--
ALTER TABLE `country`
  ADD PRIMARY KEY (`id`);

--
-- Indexes for table `course`
--
ALTER TABLE `course`
  ADD PRIMARY KEY (`id`),
  ADD UNIQUE KEY `updated_by` (`updated_by`),
  ADD UNIQUE KEY `code` (`code`),
  ADD KEY `created_by` (`created_by`),
  ADD KEY `id_staff_coordeinator` (`id_staff_coordinator`),
  ADD KEY `id_department` (`id_department`);

--
-- Indexes for table `courses_from_programme_landscape`
--
ALTER TABLE `courses_from_programme_landscape`
  ADD PRIMARY KEY (`id`);

--
-- Indexes for table `course_description_setup`
--
ALTER TABLE `course_description_setup`
  ADD PRIMARY KEY (`id`);

--
-- Indexes for table `course_grade`
--
ALTER TABLE `course_grade`
  ADD PRIMARY KEY (`id`),
  ADD KEY `id_program` (`id_program`),
  ADD KEY `id_course` (`id_course`),
  ADD KEY `id_grade` (`id_grade`),
  ADD KEY `created_by` (`created_by`),
  ADD KEY `updated_by` (`updated_by`);

--
-- Indexes for table `course_offered`
--
ALTER TABLE `course_offered`
  ADD PRIMARY KEY (`id`);

--
-- Indexes for table `course_register`
--
ALTER TABLE `course_register`
  ADD PRIMARY KEY (`id`);

--
-- Indexes for table `course_registration`
--
ALTER TABLE `course_registration`
  ADD PRIMARY KEY (`id`);

--
-- Indexes for table `course_requisite`
--
ALTER TABLE `course_requisite`
  ADD PRIMARY KEY (`id`),
  ADD KEY `id_course` (`id_course`);

--
-- Indexes for table `course_type`
--
ALTER TABLE `course_type`
  ADD PRIMARY KEY (`id`);

--
-- Indexes for table `course_withdraw`
--
ALTER TABLE `course_withdraw`
  ADD PRIMARY KEY (`id`);

--
-- Indexes for table `credit_hour_program_landscape_details`
--
ALTER TABLE `credit_hour_program_landscape_details`
  ADD PRIMARY KEY (`id`);

--
-- Indexes for table `credit_note`
--
ALTER TABLE `credit_note`
  ADD PRIMARY KEY (`id`);

--
-- Indexes for table `credit_note_details`
--
ALTER TABLE `credit_note_details`
  ADD PRIMARY KEY (`id`),
  ADD KEY `id_credit_note` (`id_credit_note`),
  ADD KEY `created_by` (`created_by`),
  ADD KEY `updated_by` (`updated_by`);

--
-- Indexes for table `credit_note_type`
--
ALTER TABLE `credit_note_type`
  ADD PRIMARY KEY (`id`);

--
-- Indexes for table `credit_transfer`
--
ALTER TABLE `credit_transfer`
  ADD PRIMARY KEY (`id`);

--
-- Indexes for table `credit_transfer_details`
--
ALTER TABLE `credit_transfer_details`
  ADD PRIMARY KEY (`id`);

--
-- Indexes for table `currency_rate_setup`
--
ALTER TABLE `currency_rate_setup`
  ADD PRIMARY KEY (`id`);

--
-- Indexes for table `currency_setup`
--
ALTER TABLE `currency_setup`
  ADD PRIMARY KEY (`id`);

--
-- Indexes for table `debit_note`
--
ALTER TABLE `debit_note`
  ADD PRIMARY KEY (`id`);

--
-- Indexes for table `department`
--
ALTER TABLE `department`
  ADD PRIMARY KEY (`id`),
  ADD UNIQUE KEY `name` (`name`),
  ADD KEY `created_by` (`created_by`),
  ADD KEY `updated_by` (`updated_by`);

--
-- Indexes for table `department_has_staff`
--
ALTER TABLE `department_has_staff`
  ADD PRIMARY KEY (`id`);

--
-- Indexes for table `discount`
--
ALTER TABLE `discount`
  ADD PRIMARY KEY (`id`);

--
-- Indexes for table `discount_type`
--
ALTER TABLE `discount_type`
  ADD PRIMARY KEY (`id`);

--
-- Indexes for table `disposal_type`
--
ALTER TABLE `disposal_type`
  ADD PRIMARY KEY (`id`);

--
-- Indexes for table `documents`
--
ALTER TABLE `documents`
  ADD PRIMARY KEY (`id`);

--
-- Indexes for table `documents_program`
--
ALTER TABLE `documents_program`
  ADD PRIMARY KEY (`id`);

--
-- Indexes for table `documents_program_details`
--
ALTER TABLE `documents_program_details`
  ADD PRIMARY KEY (`id`);

--
-- Indexes for table `document_checklist`
--
ALTER TABLE `document_checklist`
  ADD PRIMARY KEY (`id`);

--
-- Indexes for table `employee_discount`
--
ALTER TABLE `employee_discount`
  ADD PRIMARY KEY (`id`);

--
-- Indexes for table `employment_status`
--
ALTER TABLE `employment_status`
  ADD PRIMARY KEY (`id`);

--
-- Indexes for table `english_proficiency_details`
--
ALTER TABLE `english_proficiency_details`
  ADD PRIMARY KEY (`id`);

--
-- Indexes for table `entry_requirement_other_requirements`
--
ALTER TABLE `entry_requirement_other_requirements`
  ADD PRIMARY KEY (`id`);

--
-- Indexes for table `entry_requirement_requirements`
--
ALTER TABLE `entry_requirement_requirements`
  ADD PRIMARY KEY (`id`);

--
-- Indexes for table `equipment`
--
ALTER TABLE `equipment`
  ADD PRIMARY KEY (`id`);

--
-- Indexes for table `equivalent_course`
--
ALTER TABLE `equivalent_course`
  ADD PRIMARY KEY (`id`),
  ADD KEY `id_course` (`id_course`),
  ADD KEY `id_equuivalent_course` (`id_equivalent_course`),
  ADD KEY `created_by` (`created_by`),
  ADD KEY `updated_by` (`updated_by`);

--
-- Indexes for table `equivalent_course_details`
--
ALTER TABLE `equivalent_course_details`
  ADD PRIMARY KEY (`id`);

--
-- Indexes for table `examination`
--
ALTER TABLE `examination`
  ADD PRIMARY KEY (`id`);

--
-- Indexes for table `examination_assesment_type`
--
ALTER TABLE `examination_assesment_type`
  ADD PRIMARY KEY (`id`);

--
-- Indexes for table `examination_components`
--
ALTER TABLE `examination_components`
  ADD PRIMARY KEY (`id`);

--
-- Indexes for table `examination_details`
--
ALTER TABLE `examination_details`
  ADD PRIMARY KEY (`id`),
  ADD KEY `id_student` (`id_student`);

--
-- Indexes for table `examiner_role`
--
ALTER TABLE `examiner_role`
  ADD PRIMARY KEY (`id`);

--
-- Indexes for table `exam_attendence`
--
ALTER TABLE `exam_attendence`
  ADD PRIMARY KEY (`id`);

--
-- Indexes for table `exam_attendence_details`
--
ALTER TABLE `exam_attendence_details`
  ADD PRIMARY KEY (`id`);

--
-- Indexes for table `exam_calender`
--
ALTER TABLE `exam_calender`
  ADD PRIMARY KEY (`id`);

--
-- Indexes for table `exam_center`
--
ALTER TABLE `exam_center`
  ADD PRIMARY KEY (`id`);

--
-- Indexes for table `exam_center_location`
--
ALTER TABLE `exam_center_location`
  ADD PRIMARY KEY (`id`);

--
-- Indexes for table `exam_center_to_semester`
--
ALTER TABLE `exam_center_to_semester`
  ADD PRIMARY KEY (`id`);

--
-- Indexes for table `exam_configuration`
--
ALTER TABLE `exam_configuration`
  ADD PRIMARY KEY (`id`);

--
-- Indexes for table `exam_event`
--
ALTER TABLE `exam_event`
  ADD PRIMARY KEY (`id`);

--
-- Indexes for table `exam_register`
--
ALTER TABLE `exam_register`
  ADD PRIMARY KEY (`id`);

--
-- Indexes for table `exam_registration`
--
ALTER TABLE `exam_registration`
  ADD PRIMARY KEY (`id`);

--
-- Indexes for table `facility_building_registration`
--
ALTER TABLE `facility_building_registration`
  ADD PRIMARY KEY (`id`);

--
-- Indexes for table `facility_room`
--
ALTER TABLE `facility_room`
  ADD PRIMARY KEY (`id`);

--
-- Indexes for table `facility_room_type`
--
ALTER TABLE `facility_room_type`
  ADD PRIMARY KEY (`id`);

--
-- Indexes for table `faculty_program`
--
ALTER TABLE `faculty_program`
  ADD PRIMARY KEY (`id`);

--
-- Indexes for table `faculty_program_has_staff`
--
ALTER TABLE `faculty_program_has_staff`
  ADD PRIMARY KEY (`id`);

--
-- Indexes for table `fee_category`
--
ALTER TABLE `fee_category`
  ADD PRIMARY KEY (`id`),
  ADD UNIQUE KEY `code` (`code`),
  ADD KEY `created_by` (`created_by`),
  ADD KEY `updated_by` (`updated_by`);

--
-- Indexes for table `fee_setup`
--
ALTER TABLE `fee_setup`
  ADD PRIMARY KEY (`id`),
  ADD KEY `id_fee_category` (`id_fee_category`),
  ADD KEY `id_amount_calculation_type` (`id_amount_calculation_type`),
  ADD KEY `id_frequency_mode` (`id_frequency_mode`),
  ADD KEY `created_by` (`created_by`),
  ADD KEY `updated_by` (`updated_by`);

--
-- Indexes for table `fee_structure`
--
ALTER TABLE `fee_structure`
  ADD PRIMARY KEY (`id`);

--
-- Indexes for table `fee_structure_activity`
--
ALTER TABLE `fee_structure_activity`
  ADD PRIMARY KEY (`id`);

--
-- Indexes for table `fee_structure_details`
--
ALTER TABLE `fee_structure_details`
  ADD PRIMARY KEY (`id`);

--
-- Indexes for table `fee_structure_has_program`
--
ALTER TABLE `fee_structure_has_program`
  ADD PRIMARY KEY (`id`);

--
-- Indexes for table `fee_structure_has_scheme`
--
ALTER TABLE `fee_structure_has_scheme`
  ADD PRIMARY KEY (`id`);

--
-- Indexes for table `fee_structure_has_training_center`
--
ALTER TABLE `fee_structure_has_training_center`
  ADD PRIMARY KEY (`id`);

--
-- Indexes for table `fee_structure_main`
--
ALTER TABLE `fee_structure_main`
  ADD PRIMARY KEY (`id`);

--
-- Indexes for table `fee_structure_master`
--
ALTER TABLE `fee_structure_master`
  ADD PRIMARY KEY (`id`);

--
-- Indexes for table `fee_structure_triggering_point`
--
ALTER TABLE `fee_structure_triggering_point`
  ADD PRIMARY KEY (`id`);

--
-- Indexes for table `file_type`
--
ALTER TABLE `file_type`
  ADD PRIMARY KEY (`id`);

--
-- Indexes for table `financial_account_code`
--
ALTER TABLE `financial_account_code`
  ADD PRIMARY KEY (`id`);

--
-- Indexes for table `financial_year`
--
ALTER TABLE `financial_year`
  ADD PRIMARY KEY (`id`);

--
-- Indexes for table `frequency_mode`
--
ALTER TABLE `frequency_mode`
  ADD PRIMARY KEY (`id`),
  ADD KEY `created_by` (`created_by`),
  ADD KEY `updated_by` (`updated_by`);

--
-- Indexes for table `fund_code`
--
ALTER TABLE `fund_code`
  ADD PRIMARY KEY (`id`);

--
-- Indexes for table `gpa_cgpa_setup`
--
ALTER TABLE `gpa_cgpa_setup`
  ADD PRIMARY KEY (`id`);

--
-- Indexes for table `gpa_cgpa_setup_details`
--
ALTER TABLE `gpa_cgpa_setup_details`
  ADD PRIMARY KEY (`id`);

--
-- Indexes for table `grade`
--
ALTER TABLE `grade`
  ADD PRIMARY KEY (`id`),
  ADD KEY `created_by` (`created_by`),
  ADD KEY `updated_by` (`updated_by`);

--
-- Indexes for table `grade_setup`
--
ALTER TABLE `grade_setup`
  ADD PRIMARY KEY (`id`);

--
-- Indexes for table `grade_setup_details`
--
ALTER TABLE `grade_setup_details`
  ADD PRIMARY KEY (`id`);

--
-- Indexes for table `graduation_details`
--
ALTER TABLE `graduation_details`
  ADD PRIMARY KEY (`id`);

--
-- Indexes for table `graduation_list`
--
ALTER TABLE `graduation_list`
  ADD PRIMARY KEY (`id`);

--
-- Indexes for table `graduation_stage`
--
ALTER TABLE `graduation_stage`
  ADD PRIMARY KEY (`id`);

--
-- Indexes for table `grn`
--
ALTER TABLE `grn`
  ADD PRIMARY KEY (`id`);

--
-- Indexes for table `group_setup`
--
ALTER TABLE `group_setup`
  ADD PRIMARY KEY (`id`);

--
-- Indexes for table `guest`
--
ALTER TABLE `guest`
  ADD PRIMARY KEY (`id`);

--
-- Indexes for table `hostel_inventory_registration`
--
ALTER TABLE `hostel_inventory_registration`
  ADD PRIMARY KEY (`id`);

--
-- Indexes for table `hostel_item_registration`
--
ALTER TABLE `hostel_item_registration`
  ADD PRIMARY KEY (`id`);

--
-- Indexes for table `hostel_registration`
--
ALTER TABLE `hostel_registration`
  ADD PRIMARY KEY (`id`);

--
-- Indexes for table `hostel_room`
--
ALTER TABLE `hostel_room`
  ADD PRIMARY KEY (`id`);

--
-- Indexes for table `hostel_room_type`
--
ALTER TABLE `hostel_room_type`
  ADD PRIMARY KEY (`id`);

--
-- Indexes for table `intake`
--
ALTER TABLE `intake`
  ADD PRIMARY KEY (`id`),
  ADD KEY `created_by` (`created_by`),
  ADD KEY `updated_by` (`updated_by`);

--
-- Indexes for table `intake_has_branch`
--
ALTER TABLE `intake_has_branch`
  ADD PRIMARY KEY (`id`);

--
-- Indexes for table `intake_has_programme`
--
ALTER TABLE `intake_has_programme`
  ADD PRIMARY KEY (`id`);

--
-- Indexes for table `intake_has_scheme`
--
ALTER TABLE `intake_has_scheme`
  ADD PRIMARY KEY (`id`);

--
-- Indexes for table `internship_application`
--
ALTER TABLE `internship_application`
  ADD PRIMARY KEY (`id`);

--
-- Indexes for table `internship_company_has_program`
--
ALTER TABLE `internship_company_has_program`
  ADD PRIMARY KEY (`id`);

--
-- Indexes for table `internship_company_registration`
--
ALTER TABLE `internship_company_registration`
  ADD PRIMARY KEY (`id`);

--
-- Indexes for table `internship_company_type`
--
ALTER TABLE `internship_company_type`
  ADD PRIMARY KEY (`id`);

--
-- Indexes for table `internship_student_limit`
--
ALTER TABLE `internship_student_limit`
  ADD PRIMARY KEY (`id`);

--
-- Indexes for table `inventory_allotment`
--
ALTER TABLE `inventory_allotment`
  ADD PRIMARY KEY (`id`);

--
-- Indexes for table `investment_application`
--
ALTER TABLE `investment_application`
  ADD PRIMARY KEY (`id`);

--
-- Indexes for table `investment_application_details`
--
ALTER TABLE `investment_application_details`
  ADD PRIMARY KEY (`id`);

--
-- Indexes for table `investment_institution`
--
ALTER TABLE `investment_institution`
  ADD PRIMARY KEY (`id`);

--
-- Indexes for table `investment_registration`
--
ALTER TABLE `investment_registration`
  ADD PRIMARY KEY (`id`);

--
-- Indexes for table `investment_registration_withdraw`
--
ALTER TABLE `investment_registration_withdraw`
  ADD PRIMARY KEY (`id`);

--
-- Indexes for table `investment_type`
--
ALTER TABLE `investment_type`
  ADD PRIMARY KEY (`id`);

--
-- Indexes for table `is_scholarship_applicant_examination_details`
--
ALTER TABLE `is_scholarship_applicant_examination_details`
  ADD PRIMARY KEY (`id`);

--
-- Indexes for table `is_scholarship_applicant_personel_details`
--
ALTER TABLE `is_scholarship_applicant_personel_details`
  ADD PRIMARY KEY (`id`);

--
-- Indexes for table `is_scholar_applicant_employment_status`
--
ALTER TABLE `is_scholar_applicant_employment_status`
  ADD PRIMARY KEY (`id`);

--
-- Indexes for table `is_scholar_applicant_family_details`
--
ALTER TABLE `is_scholar_applicant_family_details`
  ADD PRIMARY KEY (`id`);

--
-- Indexes for table `journal`
--
ALTER TABLE `journal`
  ADD PRIMARY KEY (`id`);

--
-- Indexes for table `journal_details`
--
ALTER TABLE `journal_details`
  ADD PRIMARY KEY (`id`);

--
-- Indexes for table `landscape_course_type`
--
ALTER TABLE `landscape_course_type`
  ADD PRIMARY KEY (`id`);

--
-- Indexes for table `late_registration`
--
ALTER TABLE `late_registration`
  ADD PRIMARY KEY (`id`);

--
-- Indexes for table `main_invoice`
--
ALTER TABLE `main_invoice`
  ADD PRIMARY KEY (`id`),
  ADD KEY `id_application` (`id_application`),
  ADD KEY `id_student` (`id_student`),
  ADD KEY `created_by` (`created_by`),
  ADD KEY `updated_by` (`updated_by`);

--
-- Indexes for table `main_invoice_details`
--
ALTER TABLE `main_invoice_details`
  ADD PRIMARY KEY (`id`),
  ADD KEY `id_main_invoice` (`id_main_invoice`),
  ADD KEY `id_fee_item` (`id_fee_item`),
  ADD KEY `created_by` (`created_by`),
  ADD KEY `updated_by` (`updated_by`);

--
-- Indexes for table `main_invoice_discount_details`
--
ALTER TABLE `main_invoice_discount_details`
  ADD PRIMARY KEY (`id`);

--
-- Indexes for table `marital_status_setup`
--
ALTER TABLE `marital_status_setup`
  ADD PRIMARY KEY (`id`);

--
-- Indexes for table `mark_distribution`
--
ALTER TABLE `mark_distribution`
  ADD PRIMARY KEY (`id`);

--
-- Indexes for table `mark_distribution_details`
--
ALTER TABLE `mark_distribution_details`
  ADD PRIMARY KEY (`id`);

--
-- Indexes for table `menu`
--
ALTER TABLE `menu`
  ADD PRIMARY KEY (`id`);

--
-- Indexes for table `mile_stone`
--
ALTER TABLE `mile_stone`
  ADD PRIMARY KEY (`id`);

--
-- Indexes for table `mile_stone_tag_semester`
--
ALTER TABLE `mile_stone_tag_semester`
  ADD PRIMARY KEY (`id`);

--
-- Indexes for table `mode_of_category`
--
ALTER TABLE `mode_of_category`
  ADD PRIMARY KEY (`id`);

--
-- Indexes for table `mode_of_program`
--
ALTER TABLE `mode_of_program`
  ADD PRIMARY KEY (`id`);

--
-- Indexes for table `nationality`
--
ALTER TABLE `nationality`
  ADD PRIMARY KEY (`id`);

--
-- Indexes for table `nonpo_detail`
--
ALTER TABLE `nonpo_detail`
  ADD PRIMARY KEY (`id`);

--
-- Indexes for table `nonpo_entry`
--
ALTER TABLE `nonpo_entry`
  ADD PRIMARY KEY (`id`);

--
-- Indexes for table `online_claim`
--
ALTER TABLE `online_claim`
  ADD PRIMARY KEY (`id`);

--
-- Indexes for table `online_claim_details`
--
ALTER TABLE `online_claim_details`
  ADD PRIMARY KEY (`id`);

--
-- Indexes for table `organisation`
--
ALTER TABLE `organisation`
  ADD PRIMARY KEY (`id`);

--
-- Indexes for table `organisation_comitee`
--
ALTER TABLE `organisation_comitee`
  ADD PRIMARY KEY (`id`);

--
-- Indexes for table `organisation_has_training_center`
--
ALTER TABLE `organisation_has_training_center`
  ADD PRIMARY KEY (`id`);

--
-- Indexes for table `organisation_training_center_has_program`
--
ALTER TABLE `organisation_training_center_has_program`
  ADD PRIMARY KEY (`id`);

--
-- Indexes for table `other_documents`
--
ALTER TABLE `other_documents`
  ADD PRIMARY KEY (`id`);

--
-- Indexes for table `partner_category`
--
ALTER TABLE `partner_category`
  ADD PRIMARY KEY (`id`);

--
-- Indexes for table `partner_university`
--
ALTER TABLE `partner_university`
  ADD PRIMARY KEY (`id`);

--
-- Indexes for table `partner_university_comitee`
--
ALTER TABLE `partner_university_comitee`
  ADD PRIMARY KEY (`id`);

--
-- Indexes for table `partner_university_fee`
--
ALTER TABLE `partner_university_fee`
  ADD PRIMARY KEY (`id`);

--
-- Indexes for table `partner_university_invoice_student_details`
--
ALTER TABLE `partner_university_invoice_student_details`
  ADD PRIMARY KEY (`id`);

--
-- Indexes for table `partner_university_last_login`
--
ALTER TABLE `partner_university_last_login`
  ADD PRIMARY KEY (`id`);

--
-- Indexes for table `partner_university_student_invoice_details`
--
ALTER TABLE `partner_university_student_invoice_details`
  ADD PRIMARY KEY (`id`);

--
-- Indexes for table `payment_rate`
--
ALTER TABLE `payment_rate`
  ADD PRIMARY KEY (`id`);

--
-- Indexes for table `payment_type`
--
ALTER TABLE `payment_type`
  ADD PRIMARY KEY (`id`),
  ADD KEY `created_by` (`created_by`),
  ADD KEY `updated_by` (`updated_by`);

--
-- Indexes for table `performa_invoice`
--
ALTER TABLE `performa_invoice`
  ADD PRIMARY KEY (`id`),
  ADD KEY `id_application` (`id_application`),
  ADD KEY `id_student` (`id_student`),
  ADD KEY `created_by` (`created_by`),
  ADD KEY `updated_by` (`updated_by`);

--
-- Indexes for table `performa_invoice_details`
--
ALTER TABLE `performa_invoice_details`
  ADD PRIMARY KEY (`id`),
  ADD KEY `id_performa` (`id_performa`),
  ADD KEY `id_fee_item` (`id_fee_item`),
  ADD KEY `created_by` (`created_by`),
  ADD KEY `updated_by` (`updated_by`);

--
-- Indexes for table `permissions`
--
ALTER TABLE `permissions`
  ADD PRIMARY KEY (`id`);

--
-- Indexes for table `personal_billing_details`
--
ALTER TABLE `personal_billing_details`
  ADD PRIMARY KEY (`id`),
  ADD KEY `id_vendor` (`id_vendor`);

--
-- Indexes for table `po_detail`
--
ALTER TABLE `po_detail`
  ADD PRIMARY KEY (`id`);

--
-- Indexes for table `po_entry`
--
ALTER TABLE `po_entry`
  ADD PRIMARY KEY (`id`);

--
-- Indexes for table `ppt_reporting_comments`
--
ALTER TABLE `ppt_reporting_comments`
  ADD PRIMARY KEY (`id`);

--
-- Indexes for table `procurement_category`
--
ALTER TABLE `procurement_category`
  ADD PRIMARY KEY (`id`);

--
-- Indexes for table `procurement_item`
--
ALTER TABLE `procurement_item`
  ADD PRIMARY KEY (`id`);

--
-- Indexes for table `procurement_limit`
--
ALTER TABLE `procurement_limit`
  ADD PRIMARY KEY (`id`);

--
-- Indexes for table `procurement_sub_category`
--
ALTER TABLE `procurement_sub_category`
  ADD PRIMARY KEY (`id`);

--
-- Indexes for table `profile_details`
--
ALTER TABLE `profile_details`
  ADD PRIMARY KEY (`id`);

--
-- Indexes for table `programme`
--
ALTER TABLE `programme`
  ADD PRIMARY KEY (`id`),
  ADD KEY `created_by` (`created_by`),
  ADD KEY `updated_by` (`updated_by`);

--
-- Indexes for table `programme_has_course`
--
ALTER TABLE `programme_has_course`
  ADD PRIMARY KEY (`id`);

--
-- Indexes for table `programme_has_dean`
--
ALTER TABLE `programme_has_dean`
  ADD PRIMARY KEY (`id`),
  ADD KEY `id_programme` (`id_programme`),
  ADD KEY `id_staff` (`id_staff`),
  ADD KEY `created_by` (`created_by`),
  ADD KEY `updated_by` (`updated_by`);

--
-- Indexes for table `programme_has_fee_structure`
--
ALTER TABLE `programme_has_fee_structure`
  ADD PRIMARY KEY (`id`),
  ADD KEY `id_intake` (`id_intake`),
  ADD KEY `id_semester` (`id_semester`);

--
-- Indexes for table `programme_has_scheme`
--
ALTER TABLE `programme_has_scheme`
  ADD PRIMARY KEY (`id`);

--
-- Indexes for table `programme_landscape`
--
ALTER TABLE `programme_landscape`
  ADD PRIMARY KEY (`id`),
  ADD KEY `id_programme` (`id_programme`),
  ADD KEY `id_intake` (`id_intake`),
  ADD KEY `created_by` (`created_by`),
  ADD KEY `updated_by` (`updated_by`);

--
-- Indexes for table `program_entry_requirement`
--
ALTER TABLE `program_entry_requirement`
  ADD PRIMARY KEY (`id`);

--
-- Indexes for table `program_grade`
--
ALTER TABLE `program_grade`
  ADD PRIMARY KEY (`id`),
  ADD KEY `id_program` (`id_program`),
  ADD KEY `id_semester` (`id_semester`),
  ADD KEY `id_grade` (`id_grade`),
  ADD KEY `created_by` (`created_by`),
  ADD KEY `updated_by` (`updated_by`);

--
-- Indexes for table `program_has_acceredation_details`
--
ALTER TABLE `program_has_acceredation_details`
  ADD PRIMARY KEY (`id`);

--
-- Indexes for table `program_has_concurrent_program`
--
ALTER TABLE `program_has_concurrent_program`
  ADD PRIMARY KEY (`id`);

--
-- Indexes for table `program_has_major_details`
--
ALTER TABLE `program_has_major_details`
  ADD PRIMARY KEY (`id`);

--
-- Indexes for table `program_has_minor_details`
--
ALTER TABLE `program_has_minor_details`
  ADD PRIMARY KEY (`id`);

--
-- Indexes for table `program_has_scheme`
--
ALTER TABLE `program_has_scheme`
  ADD PRIMARY KEY (`id`);

--
-- Indexes for table `program_landscape_learning_mode`
--
ALTER TABLE `program_landscape_learning_mode`
  ADD PRIMARY KEY (`id`);

--
-- Indexes for table `program_landscape_requirement_details`
--
ALTER TABLE `program_landscape_requirement_details`
  ADD PRIMARY KEY (`id`);

--
-- Indexes for table `program_landscape_requisite_details`
--
ALTER TABLE `program_landscape_requisite_details`
  ADD PRIMARY KEY (`id`);

--
-- Indexes for table `program_landscape_semester_details`
--
ALTER TABLE `program_landscape_semester_details`
  ADD PRIMARY KEY (`id`);

--
-- Indexes for table `program_landscape_type`
--
ALTER TABLE `program_landscape_type`
  ADD PRIMARY KEY (`id`);

--
-- Indexes for table `program_objective`
--
ALTER TABLE `program_objective`
  ADD PRIMARY KEY (`id`);

--
-- Indexes for table `program_type`
--
ALTER TABLE `program_type`
  ADD PRIMARY KEY (`id`);

--
-- Indexes for table `project_report_submission`
--
ALTER TABLE `project_report_submission`
  ADD PRIMARY KEY (`id`);

--
-- Indexes for table `proposal_defense_comitee`
--
ALTER TABLE `proposal_defense_comitee`
  ADD PRIMARY KEY (`id`);

--
-- Indexes for table `proposal_reporting_comments`
--
ALTER TABLE `proposal_reporting_comments`
  ADD PRIMARY KEY (`id`);

--
-- Indexes for table `pr_entry`
--
ALTER TABLE `pr_entry`
  ADD PRIMARY KEY (`id`);

--
-- Indexes for table `pr_entry_details`
--
ALTER TABLE `pr_entry_details`
  ADD PRIMARY KEY (`id`);

--
-- Indexes for table `publish_assesment_result_date`
--
ALTER TABLE `publish_assesment_result_date`
  ADD PRIMARY KEY (`id`);

--
-- Indexes for table `publish_exam`
--
ALTER TABLE `publish_exam`
  ADD PRIMARY KEY (`id`),
  ADD KEY `id_intake` (`id_intake`),
  ADD KEY `id_semester` (`id_semester`),
  ADD KEY `id_program` (`id_program`);

--
-- Indexes for table `publish_exam_result_date`
--
ALTER TABLE `publish_exam_result_date`
  ADD PRIMARY KEY (`id`);

--
-- Indexes for table `qualification_setup`
--
ALTER TABLE `qualification_setup`
  ADD PRIMARY KEY (`id`);

--
-- Indexes for table `question`
--
ALTER TABLE `question`
  ADD PRIMARY KEY (`id`);

--
-- Indexes for table `question_pool`
--
ALTER TABLE `question_pool`
  ADD PRIMARY KEY (`id`);

--
-- Indexes for table `race_setup`
--
ALTER TABLE `race_setup`
  ADD PRIMARY KEY (`id`);

--
-- Indexes for table `receipt`
--
ALTER TABLE `receipt`
  ADD PRIMARY KEY (`id`),
  ADD KEY `created_by` (`created_by`),
  ADD KEY `updated_by` (`updated_by`);

--
-- Indexes for table `receipt_details`
--
ALTER TABLE `receipt_details`
  ADD PRIMARY KEY (`id`),
  ADD KEY `created_by` (`created_by`),
  ADD KEY `updated_by` (`updated_by`),
  ADD KEY `id_receipt` (`id_receipt`),
  ADD KEY `id_main_invoice` (`id_main_invoice`);

--
-- Indexes for table `receipt_paid_details`
--
ALTER TABLE `receipt_paid_details`
  ADD PRIMARY KEY (`id`),
  ADD KEY `id_receipt` (`id_receipt`),
  ADD KEY `id_payment_type` (`id_payment_type`);

--
-- Indexes for table `release`
--
ALTER TABLE `release`
  ADD PRIMARY KEY (`id`);

--
-- Indexes for table `religion_setup`
--
ALTER TABLE `religion_setup`
  ADD PRIMARY KEY (`id`);

--
-- Indexes for table `research_abstract`
--
ALTER TABLE `research_abstract`
  ADD PRIMARY KEY (`id`);

--
-- Indexes for table `research_advisor`
--
ALTER TABLE `research_advisor`
  ADD PRIMARY KEY (`id`);

--
-- Indexes for table `research_advisory`
--
ALTER TABLE `research_advisory`
  ADD PRIMARY KEY (`id`);

--
-- Indexes for table `research_articleship`
--
ALTER TABLE `research_articleship`
  ADD PRIMARY KEY (`id`);

--
-- Indexes for table `research_articleship_has_examiner`
--
ALTER TABLE `research_articleship_has_examiner`
  ADD PRIMARY KEY (`id`);

--
-- Indexes for table `research_articleship_has_supervisors`
--
ALTER TABLE `research_articleship_has_supervisors`
  ADD PRIMARY KEY (`id`);

--
-- Indexes for table `research_bound`
--
ALTER TABLE `research_bound`
  ADD PRIMARY KEY (`id`);

--
-- Indexes for table `research_category_has_supervisors`
--
ALTER TABLE `research_category_has_supervisors`
  ADD PRIMARY KEY (`id`);

--
-- Indexes for table `research_chapter`
--
ALTER TABLE `research_chapter`
  ADD PRIMARY KEY (`id`);

--
-- Indexes for table `research_colloquium`
--
ALTER TABLE `research_colloquium`
  ADD PRIMARY KEY (`id`);

--
-- Indexes for table `research_colloquium_details`
--
ALTER TABLE `research_colloquium_details`
  ADD PRIMARY KEY (`id`);

--
-- Indexes for table `research_colloquium_student_interest`
--
ALTER TABLE `research_colloquium_student_interest`
  ADD PRIMARY KEY (`id`);

--
-- Indexes for table `research_commitee_student_interest`
--
ALTER TABLE `research_commitee_student_interest`
  ADD PRIMARY KEY (`id`);

--
-- Indexes for table `research_deliverables`
--
ALTER TABLE `research_deliverables`
  ADD PRIMARY KEY (`id`);

--
-- Indexes for table `research_deliverables_student`
--
ALTER TABLE `research_deliverables_student`
  ADD PRIMARY KEY (`id`);

--
-- Indexes for table `research_examiner`
--
ALTER TABLE `research_examiner`
  ADD PRIMARY KEY (`id`);

--
-- Indexes for table `research_interest`
--
ALTER TABLE `research_interest`
  ADD PRIMARY KEY (`id`);

--
-- Indexes for table `research_phd_duration`
--
ALTER TABLE `research_phd_duration`
  ADD PRIMARY KEY (`id`);

--
-- Indexes for table `research_ppt`
--
ALTER TABLE `research_ppt`
  ADD PRIMARY KEY (`id`);

--
-- Indexes for table `research_professionalpracricepaper`
--
ALTER TABLE `research_professionalpracricepaper`
  ADD PRIMARY KEY (`id`);

--
-- Indexes for table `research_professionalpracricepaper_has_employment`
--
ALTER TABLE `research_professionalpracricepaper_has_employment`
  ADD PRIMARY KEY (`id`);

--
-- Indexes for table `research_professionalpracricepaper_has_examiner`
--
ALTER TABLE `research_professionalpracricepaper_has_examiner`
  ADD PRIMARY KEY (`id`);

--
-- Indexes for table `research_professionalpracricepaper_has_supervisors`
--
ALTER TABLE `research_professionalpracricepaper_has_supervisors`
  ADD PRIMARY KEY (`id`);

--
-- Indexes for table `research_proposal`
--
ALTER TABLE `research_proposal`
  ADD PRIMARY KEY (`id`);

--
-- Indexes for table `research_proposal_has_examiner`
--
ALTER TABLE `research_proposal_has_examiner`
  ADD PRIMARY KEY (`id`);

--
-- Indexes for table `research_proposal_has_supervisors`
--
ALTER TABLE `research_proposal_has_supervisors`
  ADD PRIMARY KEY (`id`);

--
-- Indexes for table `research_proposal_reporting`
--
ALTER TABLE `research_proposal_reporting`
  ADD PRIMARY KEY (`id`);

--
-- Indexes for table `research_readers`
--
ALTER TABLE `research_readers`
  ADD PRIMARY KEY (`id`);

--
-- Indexes for table `research_reason_applying`
--
ALTER TABLE `research_reason_applying`
  ADD PRIMARY KEY (`id`);

--
-- Indexes for table `research_sco`
--
ALTER TABLE `research_sco`
  ADD PRIMARY KEY (`id`);

--
-- Indexes for table `research_status`
--
ALTER TABLE `research_status`
  ADD PRIMARY KEY (`id`);

--
-- Indexes for table `research_supervisor`
--
ALTER TABLE `research_supervisor`
  ADD PRIMARY KEY (`id`);

--
-- Indexes for table `research_toc`
--
ALTER TABLE `research_toc`
  ADD PRIMARY KEY (`id`);

--
-- Indexes for table `research_topic`
--
ALTER TABLE `research_topic`
  ADD PRIMARY KEY (`id`);

--
-- Indexes for table `research_topic_category`
--
ALTER TABLE `research_topic_category`
  ADD PRIMARY KEY (`id`);

--
-- Indexes for table `roles`
--
ALTER TABLE `roles`
  ADD PRIMARY KEY (`id`);

--
-- Indexes for table `role_permissions`
--
ALTER TABLE `role_permissions`
  ADD PRIMARY KEY (`id`);

--
-- Indexes for table `room_allotment`
--
ALTER TABLE `room_allotment`
  ADD PRIMARY KEY (`id`);

--
-- Indexes for table `salutation_setup`
--
ALTER TABLE `salutation_setup`
  ADD PRIMARY KEY (`id`);

--
-- Indexes for table `scheme`
--
ALTER TABLE `scheme`
  ADD PRIMARY KEY (`id`);

--
-- Indexes for table `scheme_has_nationality`
--
ALTER TABLE `scheme_has_nationality`
  ADD PRIMARY KEY (`id`);

--
-- Indexes for table `scheme_has_program`
--
ALTER TABLE `scheme_has_program`
  ADD PRIMARY KEY (`id`);

--
-- Indexes for table `scholar`
--
ALTER TABLE `scholar`
  ADD PRIMARY KEY (`id`);

--
-- Indexes for table `scholarship_accreditation_category`
--
ALTER TABLE `scholarship_accreditation_category`
  ADD PRIMARY KEY (`id`);

--
-- Indexes for table `scholarship_accreditation_type`
--
ALTER TABLE `scholarship_accreditation_type`
  ADD PRIMARY KEY (`id`);

--
-- Indexes for table `scholarship_amount_calculation_type`
--
ALTER TABLE `scholarship_amount_calculation_type`
  ADD PRIMARY KEY (`id`);

--
-- Indexes for table `scholarship_applicant`
--
ALTER TABLE `scholarship_applicant`
  ADD PRIMARY KEY (`id`);

--
-- Indexes for table `scholarship_application`
--
ALTER TABLE `scholarship_application`
  ADD PRIMARY KEY (`id`);

--
-- Indexes for table `scholarship_assesment_method_setup`
--
ALTER TABLE `scholarship_assesment_method_setup`
  ADD PRIMARY KEY (`id`);

--
-- Indexes for table `scholarship_award_setup`
--
ALTER TABLE `scholarship_award_setup`
  ADD PRIMARY KEY (`id`);

--
-- Indexes for table `scholarship_bank_registration`
--
ALTER TABLE `scholarship_bank_registration`
  ADD PRIMARY KEY (`id`);

--
-- Indexes for table `scholarship_country`
--
ALTER TABLE `scholarship_country`
  ADD PRIMARY KEY (`id`);

--
-- Indexes for table `scholarship_department`
--
ALTER TABLE `scholarship_department`
  ADD PRIMARY KEY (`id`);

--
-- Indexes for table `scholarship_department_has_staff`
--
ALTER TABLE `scholarship_department_has_staff`
  ADD PRIMARY KEY (`id`);

--
-- Indexes for table `scholarship_documents`
--
ALTER TABLE `scholarship_documents`
  ADD PRIMARY KEY (`id`);

--
-- Indexes for table `scholarship_documents_for_applicant`
--
ALTER TABLE `scholarship_documents_for_applicant`
  ADD PRIMARY KEY (`id`);

--
-- Indexes for table `scholarship_documents_program`
--
ALTER TABLE `scholarship_documents_program`
  ADD PRIMARY KEY (`id`);

--
-- Indexes for table `scholarship_documents_program_details`
--
ALTER TABLE `scholarship_documents_program_details`
  ADD PRIMARY KEY (`id`);

--
-- Indexes for table `scholarship_education_level`
--
ALTER TABLE `scholarship_education_level`
  ADD PRIMARY KEY (`id`);

--
-- Indexes for table `scholarship_examination_details`
--
ALTER TABLE `scholarship_examination_details`
  ADD PRIMARY KEY (`id`);

--
-- Indexes for table `scholarship_individual_entry_requirement`
--
ALTER TABLE `scholarship_individual_entry_requirement`
  ADD PRIMARY KEY (`id`);

--
-- Indexes for table `scholarship_module_type_setup`
--
ALTER TABLE `scholarship_module_type_setup`
  ADD PRIMARY KEY (`id`);

--
-- Indexes for table `scholarship_organisation_has_department`
--
ALTER TABLE `scholarship_organisation_has_department`
  ADD PRIMARY KEY (`id`);

--
-- Indexes for table `scholarship_organisation_setup`
--
ALTER TABLE `scholarship_organisation_setup`
  ADD PRIMARY KEY (`id`);

--
-- Indexes for table `scholarship_organisation_setup_comitee`
--
ALTER TABLE `scholarship_organisation_setup_comitee`
  ADD PRIMARY KEY (`id`);

--
-- Indexes for table `scholarship_partner_university`
--
ALTER TABLE `scholarship_partner_university`
  ADD PRIMARY KEY (`id`);

--
-- Indexes for table `scholarship_partner_university_has_aggrement`
--
ALTER TABLE `scholarship_partner_university_has_aggrement`
  ADD PRIMARY KEY (`id`);

--
-- Indexes for table `scholarship_partner_university_has_program`
--
ALTER TABLE `scholarship_partner_university_has_program`
  ADD PRIMARY KEY (`id`);

--
-- Indexes for table `scholarship_partner_university_has_training_center`
--
ALTER TABLE `scholarship_partner_university_has_training_center`
  ADD PRIMARY KEY (`id`);

--
-- Indexes for table `scholarship_partner_university_program_has_apprenticeship`
--
ALTER TABLE `scholarship_partner_university_program_has_apprenticeship`
  ADD PRIMARY KEY (`id`);

--
-- Indexes for table `scholarship_partner_university_program_has_internship`
--
ALTER TABLE `scholarship_partner_university_program_has_internship`
  ADD PRIMARY KEY (`id`);

--
-- Indexes for table `scholarship_partner_university_program_has_study_mode`
--
ALTER TABLE `scholarship_partner_university_program_has_study_mode`
  ADD PRIMARY KEY (`id`);

--
-- Indexes for table `scholarship_partner_university_program_has_syllabus`
--
ALTER TABLE `scholarship_partner_university_program_has_syllabus`
  ADD PRIMARY KEY (`id`);

--
-- Indexes for table `scholarship_payment_type`
--
ALTER TABLE `scholarship_payment_type`
  ADD PRIMARY KEY (`id`);

--
-- Indexes for table `scholarship_programme`
--
ALTER TABLE `scholarship_programme`
  ADD PRIMARY KEY (`id`);

--
-- Indexes for table `scholarship_program_accreditation`
--
ALTER TABLE `scholarship_program_accreditation`
  ADD PRIMARY KEY (`id`);

--
-- Indexes for table `scholarship_program_partner`
--
ALTER TABLE `scholarship_program_partner`
  ADD PRIMARY KEY (`id`);

--
-- Indexes for table `scholarship_program_syllabus`
--
ALTER TABLE `scholarship_program_syllabus`
  ADD PRIMARY KEY (`id`);

--
-- Indexes for table `scholarship_program_syllabus_has_module`
--
ALTER TABLE `scholarship_program_syllabus_has_module`
  ADD PRIMARY KEY (`id`);

--
-- Indexes for table `scholarship_race_setup`
--
ALTER TABLE `scholarship_race_setup`
  ADD PRIMARY KEY (`id`);

--
-- Indexes for table `scholarship_religion_setup`
--
ALTER TABLE `scholarship_religion_setup`
  ADD PRIMARY KEY (`id`);

--
-- Indexes for table `scholarship_salutation_setup`
--
ALTER TABLE `scholarship_salutation_setup`
  ADD PRIMARY KEY (`id`);

--
-- Indexes for table `scholarship_scheme`
--
ALTER TABLE `scholarship_scheme`
  ADD PRIMARY KEY (`id`);

--
-- Indexes for table `scholarship_selection_type`
--
ALTER TABLE `scholarship_selection_type`
  ADD PRIMARY KEY (`id`);

--
-- Indexes for table `scholarship_state`
--
ALTER TABLE `scholarship_state`
  ADD PRIMARY KEY (`id`);

--
-- Indexes for table `scholarship_sub_thrust`
--
ALTER TABLE `scholarship_sub_thrust`
  ADD PRIMARY KEY (`id`);

--
-- Indexes for table `scholarship_sub_thrust_has_entry_requirement`
--
ALTER TABLE `scholarship_sub_thrust_has_entry_requirement`
  ADD PRIMARY KEY (`id`);

--
-- Indexes for table `scholarship_sub_thrust_has_program`
--
ALTER TABLE `scholarship_sub_thrust_has_program`
  ADD PRIMARY KEY (`id`);

--
-- Indexes for table `scholarship_sub_thrust_has_requirement`
--
ALTER TABLE `scholarship_sub_thrust_has_requirement`
  ADD PRIMARY KEY (`id`);

--
-- Indexes for table `scholarship_sub_thrust_requirement_has_age`
--
ALTER TABLE `scholarship_sub_thrust_requirement_has_age`
  ADD PRIMARY KEY (`id`);

--
-- Indexes for table `scholarship_sub_thrust_requirement_has_education`
--
ALTER TABLE `scholarship_sub_thrust_requirement_has_education`
  ADD PRIMARY KEY (`id`);

--
-- Indexes for table `scholarship_sub_thrust_requirement_has_other`
--
ALTER TABLE `scholarship_sub_thrust_requirement_has_other`
  ADD PRIMARY KEY (`id`);

--
-- Indexes for table `scholarship_sub_thrust_requirement_has_work_experience`
--
ALTER TABLE `scholarship_sub_thrust_requirement_has_work_experience`
  ADD PRIMARY KEY (`id`);

--
-- Indexes for table `scholarship_thrust`
--
ALTER TABLE `scholarship_thrust`
  ADD PRIMARY KEY (`id`);

--
-- Indexes for table `scholarship_users`
--
ALTER TABLE `scholarship_users`
  ADD PRIMARY KEY (`id`);

--
-- Indexes for table `scholarship_work_specialisation`
--
ALTER TABLE `scholarship_work_specialisation`
  ADD PRIMARY KEY (`id`);

--
-- Indexes for table `scholar_applicant`
--
ALTER TABLE `scholar_applicant`
  ADD PRIMARY KEY (`id`);

--
-- Indexes for table `scholar_applicant_employment_status`
--
ALTER TABLE `scholar_applicant_employment_status`
  ADD PRIMARY KEY (`id`);

--
-- Indexes for table `scholar_applicant_family_details`
--
ALTER TABLE `scholar_applicant_family_details`
  ADD PRIMARY KEY (`id`);

--
-- Indexes for table `scholar_applicant_last_login`
--
ALTER TABLE `scholar_applicant_last_login`
  ADD PRIMARY KEY (`id`);

--
-- Indexes for table `scholar_last_login`
--
ALTER TABLE `scholar_last_login`
  ADD PRIMARY KEY (`id`);

--
-- Indexes for table `scholar_permissions`
--
ALTER TABLE `scholar_permissions`
  ADD PRIMARY KEY (`id`);

--
-- Indexes for table `scholar_roles`
--
ALTER TABLE `scholar_roles`
  ADD PRIMARY KEY (`id`);

--
-- Indexes for table `scholar_role_permissions`
--
ALTER TABLE `scholar_role_permissions`
  ADD PRIMARY KEY (`id`);

--
-- Indexes for table `school_details`
--
ALTER TABLE `school_details`
  ADD PRIMARY KEY (`id`),
  ADD UNIQUE KEY `reg_no` (`reg_no`),
  ADD KEY `id_city` (`id_city`),
  ADD KEY `id_state` (`id_state`),
  ADD KEY `created_by` (`created_by`),
  ADD KEY `updated_by` (`updated_by`);

--
-- Indexes for table `sco_reporting_comments`
--
ALTER TABLE `sco_reporting_comments`
  ADD PRIMARY KEY (`id`);

--
-- Indexes for table `semester`
--
ALTER TABLE `semester`
  ADD PRIMARY KEY (`id`),
  ADD KEY `created_by` (`created_by`),
  ADD KEY `updated_by` (`updated_by`);

--
-- Indexes for table `semester_has_activity`
--
ALTER TABLE `semester_has_activity`
  ADD PRIMARY KEY (`id`),
  ADD KEY `id_activity` (`id_activity`),
  ADD KEY `id_semester` (`id_semester`),
  ADD KEY `created_by` (`created_by`),
  ADD KEY `updated_by` (`updated_by`);

--
-- Indexes for table `semester_has_scheme`
--
ALTER TABLE `semester_has_scheme`
  ADD PRIMARY KEY (`id`);

--
-- Indexes for table `set_form`
--
ALTER TABLE `set_form`
  ADD PRIMARY KEY (`id`);

--
-- Indexes for table `set_form_has_question_pool`
--
ALTER TABLE `set_form_has_question_pool`
  ADD PRIMARY KEY (`id`);

--
-- Indexes for table `sibbling_discount`
--
ALTER TABLE `sibbling_discount`
  ADD PRIMARY KEY (`id`);

--
-- Indexes for table `specialization_setup`
--
ALTER TABLE `specialization_setup`
  ADD PRIMARY KEY (`id`);

--
-- Indexes for table `sponser`
--
ALTER TABLE `sponser`
  ADD PRIMARY KEY (`id`),
  ADD KEY `id_city` (`id_state`),
  ADD KEY `id_state` (`id_country`),
  ADD KEY `created_by` (`created_by`),
  ADD KEY `updated_by` (`updated_by`);

--
-- Indexes for table `sponser_coordinator_details`
--
ALTER TABLE `sponser_coordinator_details`
  ADD PRIMARY KEY (`id`);

--
-- Indexes for table `sponser_credit_note`
--
ALTER TABLE `sponser_credit_note`
  ADD PRIMARY KEY (`id`);

--
-- Indexes for table `sponser_credit_note_details`
--
ALTER TABLE `sponser_credit_note_details`
  ADD PRIMARY KEY (`id`);

--
-- Indexes for table `sponser_fee_info_details`
--
ALTER TABLE `sponser_fee_info_details`
  ADD PRIMARY KEY (`id`);

--
-- Indexes for table `sponser_has_students`
--
ALTER TABLE `sponser_has_students`
  ADD PRIMARY KEY (`id`),
  ADD KEY `id_sponser` (`id_sponser`),
  ADD KEY `id_student` (`id_student`),
  ADD KEY `created_by` (`created_by`),
  ADD KEY `updated_by` (`updated_by`);

--
-- Indexes for table `sponser_main_invoice`
--
ALTER TABLE `sponser_main_invoice`
  ADD PRIMARY KEY (`id`);

--
-- Indexes for table `sponser_main_invoice_details`
--
ALTER TABLE `sponser_main_invoice_details`
  ADD PRIMARY KEY (`id`);

--
-- Indexes for table `sponser_receipt`
--
ALTER TABLE `sponser_receipt`
  ADD PRIMARY KEY (`id`);

--
-- Indexes for table `sponser_receipt_details`
--
ALTER TABLE `sponser_receipt_details`
  ADD PRIMARY KEY (`id`);

--
-- Indexes for table `sponser_receipt_paid_details`
--
ALTER TABLE `sponser_receipt_paid_details`
  ADD PRIMARY KEY (`id`);

--
-- Indexes for table `staff`
--
ALTER TABLE `staff`
  ADD PRIMARY KEY (`id`),
  ADD UNIQUE KEY `code` (`ic_no`),
  ADD UNIQUE KEY `mobile_number` (`mobile_number`),
  ADD KEY `updated_by` (`updated_by`),
  ADD KEY `created_by` (`created_by`),
  ADD KEY `id_department` (`id_department`);

--
-- Indexes for table `staff_bank_details`
--
ALTER TABLE `staff_bank_details`
  ADD PRIMARY KEY (`id`);

--
-- Indexes for table `staff_change_status_details`
--
ALTER TABLE `staff_change_status_details`
  ADD PRIMARY KEY (`id`);

--
-- Indexes for table `staff_has_course`
--
ALTER TABLE `staff_has_course`
  ADD PRIMARY KEY (`id`),
  ADD KEY `id_staff` (`id_staff`),
  ADD KEY `id_course` (`id_course`),
  ADD KEY `created_by` (`created_by`),
  ADD KEY `updated_by` (`updated_by`);

--
-- Indexes for table `staff_leave_records`
--
ALTER TABLE `staff_leave_records`
  ADD PRIMARY KEY (`id`);

--
-- Indexes for table `staff_status`
--
ALTER TABLE `staff_status`
  ADD PRIMARY KEY (`id`);

--
-- Indexes for table `staff_teaching_details`
--
ALTER TABLE `staff_teaching_details`
  ADD PRIMARY KEY (`id`);

--
-- Indexes for table `stage_semester`
--
ALTER TABLE `stage_semester`
  ADD PRIMARY KEY (`id`);

--
-- Indexes for table `state`
--
ALTER TABLE `state`
  ADD PRIMARY KEY (`id`),
  ADD KEY `created_by` (`created_by`),
  ADD KEY `updated_by` (`updated_by`);

--
-- Indexes for table `student`
--
ALTER TABLE `student`
  ADD PRIMARY KEY (`id`);

--
-- Indexes for table `student_deliverable_history`
--
ALTER TABLE `student_deliverable_history`
  ADD PRIMARY KEY (`id`);

--
-- Indexes for table `student_duration_history`
--
ALTER TABLE `student_duration_history`
  ADD PRIMARY KEY (`id`);

--
-- Indexes for table `student_emergency_contact_details`
--
ALTER TABLE `student_emergency_contact_details`
  ADD PRIMARY KEY (`id`);

--
-- Indexes for table `student_has_document`
--
ALTER TABLE `student_has_document`
  ADD PRIMARY KEY (`id`);

--
-- Indexes for table `student_insurance_details`
--
ALTER TABLE `student_insurance_details`
  ADD PRIMARY KEY (`id`);

--
-- Indexes for table `student_last_login`
--
ALTER TABLE `student_last_login`
  ADD PRIMARY KEY (`id`);

--
-- Indexes for table `student_marks_entry`
--
ALTER TABLE `student_marks_entry`
  ADD PRIMARY KEY (`id`);

--
-- Indexes for table `student_marks_entry_details`
--
ALTER TABLE `student_marks_entry_details`
  ADD PRIMARY KEY (`id`);

--
-- Indexes for table `student_marks_entry_history`
--
ALTER TABLE `student_marks_entry_history`
  ADD PRIMARY KEY (`id`);

--
-- Indexes for table `student_note`
--
ALTER TABLE `student_note`
  ADD PRIMARY KEY (`id`);

--
-- Indexes for table `student_passport_details`
--
ALTER TABLE `student_passport_details`
  ADD PRIMARY KEY (`id`);

--
-- Indexes for table `student_placement`
--
ALTER TABLE `student_placement`
  ADD PRIMARY KEY (`id`);

--
-- Indexes for table `student_progress`
--
ALTER TABLE `student_progress`
  ADD PRIMARY KEY (`id`);

--
-- Indexes for table `student_remarks_entry`
--
ALTER TABLE `student_remarks_entry`
  ADD PRIMARY KEY (`id`);

--
-- Indexes for table `student_remarks_entry_details`
--
ALTER TABLE `student_remarks_entry_details`
  ADD PRIMARY KEY (`id`);

--
-- Indexes for table `student_semester_course_details`
--
ALTER TABLE `student_semester_course_details`
  ADD PRIMARY KEY (`id`);

--
-- Indexes for table `student_semester_history`
--
ALTER TABLE `student_semester_history`
  ADD PRIMARY KEY (`id`);

--
-- Indexes for table `student_semester_result`
--
ALTER TABLE `student_semester_result`
  ADD PRIMARY KEY (`id`);

--
-- Indexes for table `student_visa_details`
--
ALTER TABLE `student_visa_details`
  ADD PRIMARY KEY (`id`);

--
-- Indexes for table `subject_details`
--
ALTER TABLE `subject_details`
  ADD PRIMARY KEY (`id`),
  ADD KEY `created_by` (`created_by`),
  ADD KEY `updated_by` (`updated_by`);

--
-- Indexes for table `supervisor_change_application`
--
ALTER TABLE `supervisor_change_application`
  ADD PRIMARY KEY (`id`);

--
-- Indexes for table `supervisor_has_specialization`
--
ALTER TABLE `supervisor_has_specialization`
  ADD PRIMARY KEY (`id`);

--
-- Indexes for table `supervisor_last_login`
--
ALTER TABLE `supervisor_last_login`
  ADD PRIMARY KEY (`id`);

--
-- Indexes for table `supervisor_role`
--
ALTER TABLE `supervisor_role`
  ADD PRIMARY KEY (`id`);

--
-- Indexes for table `supervisor_tagging`
--
ALTER TABLE `supervisor_tagging`
  ADD PRIMARY KEY (`id`);

--
-- Indexes for table `tax`
--
ALTER TABLE `tax`
  ADD PRIMARY KEY (`id`);

--
-- Indexes for table `tbl_country`
--
ALTER TABLE `tbl_country`
  ADD PRIMARY KEY (`countryId`);

--
-- Indexes for table `tbl_last_login`
--
ALTER TABLE `tbl_last_login`
  ADD PRIMARY KEY (`id`);

--
-- Indexes for table `tbl_permissions`
--
ALTER TABLE `tbl_permissions`
  ADD PRIMARY KEY (`permissionId`);

--
-- Indexes for table `tbl_reset_password`
--
ALTER TABLE `tbl_reset_password`
  ADD PRIMARY KEY (`id`);

--
-- Indexes for table `tbl_roles`
--
ALTER TABLE `tbl_roles`
  ADD PRIMARY KEY (`roleId`);

--
-- Indexes for table `tbl_role_permissions`
--
ALTER TABLE `tbl_role_permissions`
  ADD PRIMARY KEY (`id`);

--
-- Indexes for table `tbl_state`
--
ALTER TABLE `tbl_state`
  ADD PRIMARY KEY (`id`);

--
-- Indexes for table `tbl_users`
--
ALTER TABLE `tbl_users`
  ADD PRIMARY KEY (`userId`);

--
-- Indexes for table `temp_advisor_has_specialization`
--
ALTER TABLE `temp_advisor_has_specialization`
  ADD PRIMARY KEY (`id`);

--
-- Indexes for table `temp_asset_disposal_detail`
--
ALTER TABLE `temp_asset_disposal_detail`
  ADD PRIMARY KEY (`id`);

--
-- Indexes for table `temp_bank_details`
--
ALTER TABLE `temp_bank_details`
  ADD PRIMARY KEY (`id`);

--
-- Indexes for table `temp_billing_details`
--
ALTER TABLE `temp_billing_details`
  ADD PRIMARY KEY (`id`);

--
-- Indexes for table `temp_credit_hour_program_landscape_details`
--
ALTER TABLE `temp_credit_hour_program_landscape_details`
  ADD PRIMARY KEY (`id`);

--
-- Indexes for table `temp_credit_note_details`
--
ALTER TABLE `temp_credit_note_details`
  ADD PRIMARY KEY (`id`),
  ADD KEY `id_main_invoice` (`id_main_invoice`);

--
-- Indexes for table `temp_credit_transfer_details`
--
ALTER TABLE `temp_credit_transfer_details`
  ADD PRIMARY KEY (`id`);

--
-- Indexes for table `temp_documents_program_details`
--
ALTER TABLE `temp_documents_program_details`
  ADD PRIMARY KEY (`id`);

--
-- Indexes for table `temp_entry_requirement_other_requirements`
--
ALTER TABLE `temp_entry_requirement_other_requirements`
  ADD PRIMARY KEY (`id`);

--
-- Indexes for table `temp_entry_requirement_requirements`
--
ALTER TABLE `temp_entry_requirement_requirements`
  ADD PRIMARY KEY (`id`);

--
-- Indexes for table `temp_equivalent_course_details`
--
ALTER TABLE `temp_equivalent_course_details`
  ADD PRIMARY KEY (`id`);

--
-- Indexes for table `temp_fee_structure_details`
--
ALTER TABLE `temp_fee_structure_details`
  ADD PRIMARY KEY (`id`);

--
-- Indexes for table `temp_gpa_cgpa_setup_details`
--
ALTER TABLE `temp_gpa_cgpa_setup_details`
  ADD PRIMARY KEY (`id`);

--
-- Indexes for table `temp_grade_setup_details`
--
ALTER TABLE `temp_grade_setup_details`
  ADD PRIMARY KEY (`id`);

--
-- Indexes for table `temp_intake_has_programme`
--
ALTER TABLE `temp_intake_has_programme`
  ADD PRIMARY KEY (`id`);

--
-- Indexes for table `temp_internship_company_has_program`
--
ALTER TABLE `temp_internship_company_has_program`
  ADD PRIMARY KEY (`id`);

--
-- Indexes for table `temp_inventory_allotment`
--
ALTER TABLE `temp_inventory_allotment`
  ADD PRIMARY KEY (`id`);

--
-- Indexes for table `temp_investment_application_details`
--
ALTER TABLE `temp_investment_application_details`
  ADD PRIMARY KEY (`id`);

--
-- Indexes for table `temp_journal_details`
--
ALTER TABLE `temp_journal_details`
  ADD PRIMARY KEY (`id`);

--
-- Indexes for table `temp_main_invoice_details`
--
ALTER TABLE `temp_main_invoice_details`
  ADD PRIMARY KEY (`id`);

--
-- Indexes for table `temp_mark_distribution_details`
--
ALTER TABLE `temp_mark_distribution_details`
  ADD PRIMARY KEY (`id`);

--
-- Indexes for table `temp_online_claim_details`
--
ALTER TABLE `temp_online_claim_details`
  ADD PRIMARY KEY (`id`);

--
-- Indexes for table `temp_performa_invoice_details`
--
ALTER TABLE `temp_performa_invoice_details`
  ADD PRIMARY KEY (`id`);

--
-- Indexes for table `temp_programme_has_course`
--
ALTER TABLE `temp_programme_has_course`
  ADD PRIMARY KEY (`id`);

--
-- Indexes for table `temp_programme_has_dean`
--
ALTER TABLE `temp_programme_has_dean`
  ADD PRIMARY KEY (`id`);

--
-- Indexes for table `temp_programme_has_scheme`
--
ALTER TABLE `temp_programme_has_scheme`
  ADD PRIMARY KEY (`id`);

--
-- Indexes for table `temp_program_landscape_semester_details`
--
ALTER TABLE `temp_program_landscape_semester_details`
  ADD PRIMARY KEY (`id`);

--
-- Indexes for table `temp_pr_entry`
--
ALTER TABLE `temp_pr_entry`
  ADD PRIMARY KEY (`id`);

--
-- Indexes for table `temp_receipt_details`
--
ALTER TABLE `temp_receipt_details`
  ADD PRIMARY KEY (`id`);

--
-- Indexes for table `temp_research_articleship_has_examiner`
--
ALTER TABLE `temp_research_articleship_has_examiner`
  ADD PRIMARY KEY (`id`);

--
-- Indexes for table `temp_research_articleship_has_supervisors`
--
ALTER TABLE `temp_research_articleship_has_supervisors`
  ADD PRIMARY KEY (`id`);

--
-- Indexes for table `temp_research_category_has_supervisors`
--
ALTER TABLE `temp_research_category_has_supervisors`
  ADD PRIMARY KEY (`id`);

--
-- Indexes for table `temp_research_colloquium_details`
--
ALTER TABLE `temp_research_colloquium_details`
  ADD PRIMARY KEY (`id`);

--
-- Indexes for table `temp_research_professionalpracricepaper_has_employment`
--
ALTER TABLE `temp_research_professionalpracricepaper_has_employment`
  ADD PRIMARY KEY (`id`);

--
-- Indexes for table `temp_research_professionalpracricepaper_has_examiner`
--
ALTER TABLE `temp_research_professionalpracricepaper_has_examiner`
  ADD PRIMARY KEY (`id`);

--
-- Indexes for table `temp_research_professionalpracricepaper_has_supervisors`
--
ALTER TABLE `temp_research_professionalpracricepaper_has_supervisors`
  ADD PRIMARY KEY (`id`);

--
-- Indexes for table `temp_research_proposal_has_examiner`
--
ALTER TABLE `temp_research_proposal_has_examiner`
  ADD PRIMARY KEY (`id`);

--
-- Indexes for table `temp_research_proposal_has_supervisors`
--
ALTER TABLE `temp_research_proposal_has_supervisors`
  ADD PRIMARY KEY (`id`);

--
-- Indexes for table `temp_scheme_has_program`
--
ALTER TABLE `temp_scheme_has_program`
  ADD PRIMARY KEY (`id`);

--
-- Indexes for table `temp_scholarship_documents_program_details`
--
ALTER TABLE `temp_scholarship_documents_program_details`
  ADD PRIMARY KEY (`id`);

--
-- Indexes for table `temp_semester_has_scheme`
--
ALTER TABLE `temp_semester_has_scheme`
  ADD PRIMARY KEY (`id`);

--
-- Indexes for table `temp_sponser_credit_note_details`
--
ALTER TABLE `temp_sponser_credit_note_details`
  ADD PRIMARY KEY (`id`);

--
-- Indexes for table `temp_sponser_main_invoice_details`
--
ALTER TABLE `temp_sponser_main_invoice_details`
  ADD PRIMARY KEY (`id`);

--
-- Indexes for table `temp_sponser_receipt_details`
--
ALTER TABLE `temp_sponser_receipt_details`
  ADD PRIMARY KEY (`id`);

--
-- Indexes for table `temp_staff_has_course`
--
ALTER TABLE `temp_staff_has_course`
  ADD PRIMARY KEY (`id`);

--
-- Indexes for table `temp_supervisor_has_specialization`
--
ALTER TABLE `temp_supervisor_has_specialization`
  ADD PRIMARY KEY (`id`);

--
-- Indexes for table `temp_tender_commitee`
--
ALTER TABLE `temp_tender_commitee`
  ADD PRIMARY KEY (`id`);

--
-- Indexes for table `temp_tender_remarks`
--
ALTER TABLE `temp_tender_remarks`
  ADD PRIMARY KEY (`id`);

--
-- Indexes for table `temp_topic_has_supervisors`
--
ALTER TABLE `temp_topic_has_supervisors`
  ADD PRIMARY KEY (`id`);

--
-- Indexes for table `tender_commitee`
--
ALTER TABLE `tender_commitee`
  ADD PRIMARY KEY (`id`);

--
-- Indexes for table `tender_quotation`
--
ALTER TABLE `tender_quotation`
  ADD PRIMARY KEY (`id`);

--
-- Indexes for table `tender_quotation_detail`
--
ALTER TABLE `tender_quotation_detail`
  ADD PRIMARY KEY (`id`);

--
-- Indexes for table `tender_remarks`
--
ALTER TABLE `tender_remarks`
  ADD PRIMARY KEY (`id`);

--
-- Indexes for table `tender_submission_vendor`
--
ALTER TABLE `tender_submission_vendor`
  ADD PRIMARY KEY (`id`);

--
-- Indexes for table `toc_reporting_comments`
--
ALTER TABLE `toc_reporting_comments`
  ADD PRIMARY KEY (`id`);

--
-- Indexes for table `topic_has_supervisors`
--
ALTER TABLE `topic_has_supervisors`
  ADD PRIMARY KEY (`id`);

--
-- Indexes for table `unit`
--
ALTER TABLE `unit`
  ADD PRIMARY KEY (`id`),
  ADD KEY `created_by` (`created_by`),
  ADD KEY `updated_by` (`updated_by`);

--
-- Indexes for table `users`
--
ALTER TABLE `users`
  ADD PRIMARY KEY (`id`);

--
-- Indexes for table `vendor_details`
--
ALTER TABLE `vendor_details`
  ADD PRIMARY KEY (`id`);

--
-- Indexes for table `visa_details`
--
ALTER TABLE `visa_details`
  ADD PRIMARY KEY (`id`);

--
-- AUTO_INCREMENT for dumped tables
--

--
-- AUTO_INCREMENT for table `abstract_reporting_comments`
--
ALTER TABLE `abstract_reporting_comments`
  MODIFY `id` bigint(20) NOT NULL AUTO_INCREMENT;

--
-- AUTO_INCREMENT for table `academic_year`
--
ALTER TABLE `academic_year`
  MODIFY `id` int(20) NOT NULL AUTO_INCREMENT, AUTO_INCREMENT=7;

--
-- AUTO_INCREMENT for table `account_code`
--
ALTER TABLE `account_code`
  MODIFY `id` int(20) NOT NULL AUTO_INCREMENT, AUTO_INCREMENT=13;

--
-- AUTO_INCREMENT for table `activity_code`
--
ALTER TABLE `activity_code`
  MODIFY `id` int(20) NOT NULL AUTO_INCREMENT;

--
-- AUTO_INCREMENT for table `activity_details`
--
ALTER TABLE `activity_details`
  MODIFY `id` int(20) NOT NULL AUTO_INCREMENT, AUTO_INCREMENT=14;

--
-- AUTO_INCREMENT for table `add_course_to_program_landscape`
--
ALTER TABLE `add_course_to_program_landscape`
  MODIFY `id` int(20) NOT NULL AUTO_INCREMENT, AUTO_INCREMENT=146;

--
-- AUTO_INCREMENT for table `add_learning_mode_to_program_landscape`
--
ALTER TABLE `add_learning_mode_to_program_landscape`
  MODIFY `id` int(20) NOT NULL AUTO_INCREMENT, AUTO_INCREMENT=10;

--
-- AUTO_INCREMENT for table `add_program_objective_to_program_landscape`
--
ALTER TABLE `add_program_objective_to_program_landscape`
  MODIFY `id` int(20) NOT NULL AUTO_INCREMENT, AUTO_INCREMENT=42;

--
-- AUTO_INCREMENT for table `add_temp_receipt_paid_amount`
--
ALTER TABLE `add_temp_receipt_paid_amount`
  MODIFY `id` int(20) NOT NULL AUTO_INCREMENT;

--
-- AUTO_INCREMENT for table `advisor_has_specialization`
--
ALTER TABLE `advisor_has_specialization`
  MODIFY `id` int(20) NOT NULL AUTO_INCREMENT, AUTO_INCREMENT=2;

--
-- AUTO_INCREMENT for table `advisor_tagging`
--
ALTER TABLE `advisor_tagging`
  MODIFY `id` int(20) NOT NULL AUTO_INCREMENT, AUTO_INCREMENT=23;

--
-- AUTO_INCREMENT for table `alumni_discount`
--
ALTER TABLE `alumni_discount`
  MODIFY `id` int(20) NOT NULL AUTO_INCREMENT, AUTO_INCREMENT=3;

--
-- AUTO_INCREMENT for table `amount_calculation_type`
--
ALTER TABLE `amount_calculation_type`
  MODIFY `id` int(20) NOT NULL AUTO_INCREMENT, AUTO_INCREMENT=7;

--
-- AUTO_INCREMENT for table `apex_status`
--
ALTER TABLE `apex_status`
  MODIFY `id` int(20) NOT NULL AUTO_INCREMENT, AUTO_INCREMENT=9;

--
-- AUTO_INCREMENT for table `applicant`
--
ALTER TABLE `applicant`
  MODIFY `id` int(20) NOT NULL AUTO_INCREMENT, AUTO_INCREMENT=140;

--
-- AUTO_INCREMENT for table `applicant_has_alumni_discount`
--
ALTER TABLE `applicant_has_alumni_discount`
  MODIFY `id` int(20) NOT NULL AUTO_INCREMENT, AUTO_INCREMENT=13;

--
-- AUTO_INCREMENT for table `applicant_has_discount`
--
ALTER TABLE `applicant_has_discount`
  MODIFY `id` int(20) NOT NULL AUTO_INCREMENT, AUTO_INCREMENT=10;

--
-- AUTO_INCREMENT for table `applicant_has_document`
--
ALTER TABLE `applicant_has_document`
  MODIFY `id` int(20) NOT NULL AUTO_INCREMENT, AUTO_INCREMENT=105;

--
-- AUTO_INCREMENT for table `applicant_has_employee_discount`
--
ALTER TABLE `applicant_has_employee_discount`
  MODIFY `id` int(20) NOT NULL AUTO_INCREMENT, AUTO_INCREMENT=52;

--
-- AUTO_INCREMENT for table `applicant_has_sibbling_discount`
--
ALTER TABLE `applicant_has_sibbling_discount`
  MODIFY `id` int(20) NOT NULL AUTO_INCREMENT, AUTO_INCREMENT=19;

--
-- AUTO_INCREMENT for table `applicant_last_login`
--
ALTER TABLE `applicant_last_login`
  MODIFY `id` bigint(20) NOT NULL AUTO_INCREMENT, AUTO_INCREMENT=220;

--
-- AUTO_INCREMENT for table `applicant_status`
--
ALTER TABLE `applicant_status`
  MODIFY `id` int(20) NOT NULL AUTO_INCREMENT, AUTO_INCREMENT=14;

--
-- AUTO_INCREMENT for table `apply_change_programme`
--
ALTER TABLE `apply_change_programme`
  MODIFY `id` int(20) NOT NULL AUTO_INCREMENT, AUTO_INCREMENT=4;

--
-- AUTO_INCREMENT for table `apply_change_scheme`
--
ALTER TABLE `apply_change_scheme`
  MODIFY `id` int(20) NOT NULL AUTO_INCREMENT, AUTO_INCREMENT=4;

--
-- AUTO_INCREMENT for table `apply_change_status`
--
ALTER TABLE `apply_change_status`
  MODIFY `id` int(20) NOT NULL AUTO_INCREMENT, AUTO_INCREMENT=8;

--
-- AUTO_INCREMENT for table `asset_category`
--
ALTER TABLE `asset_category`
  MODIFY `id` int(20) NOT NULL AUTO_INCREMENT;

--
-- AUTO_INCREMENT for table `asset_disposal`
--
ALTER TABLE `asset_disposal`
  MODIFY `id` int(20) NOT NULL AUTO_INCREMENT;

--
-- AUTO_INCREMENT for table `asset_disposal_detail`
--
ALTER TABLE `asset_disposal_detail`
  MODIFY `id` int(20) NOT NULL AUTO_INCREMENT;

--
-- AUTO_INCREMENT for table `asset_item`
--
ALTER TABLE `asset_item`
  MODIFY `id` int(20) NOT NULL AUTO_INCREMENT;

--
-- AUTO_INCREMENT for table `asset_order`
--
ALTER TABLE `asset_order`
  MODIFY `id` int(20) NOT NULL AUTO_INCREMENT;

--
-- AUTO_INCREMENT for table `asset_pre_registration`
--
ALTER TABLE `asset_pre_registration`
  MODIFY `id` int(20) NOT NULL AUTO_INCREMENT;

--
-- AUTO_INCREMENT for table `asset_registration`
--
ALTER TABLE `asset_registration`
  MODIFY `id` int(20) NOT NULL AUTO_INCREMENT;

--
-- AUTO_INCREMENT for table `asset_sub_category`
--
ALTER TABLE `asset_sub_category`
  MODIFY `id` int(20) NOT NULL AUTO_INCREMENT;

--
-- AUTO_INCREMENT for table `assign_student_to_exam_center`
--
ALTER TABLE `assign_student_to_exam_center`
  MODIFY `id` int(20) NOT NULL AUTO_INCREMENT;

--
-- AUTO_INCREMENT for table `attendence_setup`
--
ALTER TABLE `attendence_setup`
  MODIFY `id` int(20) NOT NULL AUTO_INCREMENT, AUTO_INCREMENT=2;

--
-- AUTO_INCREMENT for table `award`
--
ALTER TABLE `award`
  MODIFY `id` int(20) NOT NULL AUTO_INCREMENT, AUTO_INCREMENT=7;

--
-- AUTO_INCREMENT for table `award_level`
--
ALTER TABLE `award_level`
  MODIFY `id` int(20) NOT NULL AUTO_INCREMENT, AUTO_INCREMENT=6;

--
-- AUTO_INCREMENT for table `bank_details`
--
ALTER TABLE `bank_details`
  MODIFY `id` int(20) NOT NULL AUTO_INCREMENT;

--
-- AUTO_INCREMENT for table `bank_registration`
--
ALTER TABLE `bank_registration`
  MODIFY `id` int(20) NOT NULL AUTO_INCREMENT, AUTO_INCREMENT=3;

--
-- AUTO_INCREMENT for table `barring`
--
ALTER TABLE `barring`
  MODIFY `id` int(20) NOT NULL AUTO_INCREMENT, AUTO_INCREMENT=5;

--
-- AUTO_INCREMENT for table `barring_type`
--
ALTER TABLE `barring_type`
  MODIFY `id` int(20) NOT NULL AUTO_INCREMENT, AUTO_INCREMENT=3;

--
-- AUTO_INCREMENT for table `booking`
--
ALTER TABLE `booking`
  MODIFY `id` int(20) NOT NULL AUTO_INCREMENT, AUTO_INCREMENT=5;

--
-- AUTO_INCREMENT for table `bound_reporting_comments`
--
ALTER TABLE `bound_reporting_comments`
  MODIFY `id` bigint(20) NOT NULL AUTO_INCREMENT, AUTO_INCREMENT=2;

--
-- AUTO_INCREMENT for table `bulk_withdraw`
--
ALTER TABLE `bulk_withdraw`
  MODIFY `id` int(20) NOT NULL AUTO_INCREMENT, AUTO_INCREMENT=17;

--
-- AUTO_INCREMENT for table `bulk_withdraw_master`
--
ALTER TABLE `bulk_withdraw_master`
  MODIFY `id` bigint(20) NOT NULL AUTO_INCREMENT, AUTO_INCREMENT=8;

--
-- AUTO_INCREMENT for table `category_type`
--
ALTER TABLE `category_type`
  MODIFY `id` int(20) NOT NULL AUTO_INCREMENT;

--
-- AUTO_INCREMENT for table `change_branch`
--
ALTER TABLE `change_branch`
  MODIFY `id` int(20) NOT NULL AUTO_INCREMENT, AUTO_INCREMENT=3;

--
-- AUTO_INCREMENT for table `change_branch_history`
--
ALTER TABLE `change_branch_history`
  MODIFY `id` int(20) NOT NULL AUTO_INCREMENT, AUTO_INCREMENT=9;

--
-- AUTO_INCREMENT for table `change_status`
--
ALTER TABLE `change_status`
  MODIFY `id` int(20) NOT NULL AUTO_INCREMENT, AUTO_INCREMENT=3;

--
-- AUTO_INCREMENT for table `class_details`
--
ALTER TABLE `class_details`
  MODIFY `id` int(20) NOT NULL AUTO_INCREMENT;

--
-- AUTO_INCREMENT for table `communication_group`
--
ALTER TABLE `communication_group`
  MODIFY `id` int(20) NOT NULL AUTO_INCREMENT;

--
-- AUTO_INCREMENT for table `communication_group_message`
--
ALTER TABLE `communication_group_message`
  MODIFY `id` int(20) NOT NULL AUTO_INCREMENT, AUTO_INCREMENT=2;

--
-- AUTO_INCREMENT for table `communication_group_message_recepients`
--
ALTER TABLE `communication_group_message_recepients`
  MODIFY `id` int(20) NOT NULL AUTO_INCREMENT, AUTO_INCREMENT=2;

--
-- AUTO_INCREMENT for table `communication_group_recepients`
--
ALTER TABLE `communication_group_recepients`
  MODIFY `id` int(20) NOT NULL AUTO_INCREMENT;

--
-- AUTO_INCREMENT for table `communication_template`
--
ALTER TABLE `communication_template`
  MODIFY `id` int(20) NOT NULL AUTO_INCREMENT, AUTO_INCREMENT=7;

--
-- AUTO_INCREMENT for table `communication_template_message`
--
ALTER TABLE `communication_template_message`
  MODIFY `id` int(20) NOT NULL AUTO_INCREMENT, AUTO_INCREMENT=2;

--
-- AUTO_INCREMENT for table `company_details`
--
ALTER TABLE `company_details`
  MODIFY `id` int(20) NOT NULL AUTO_INCREMENT;

--
-- AUTO_INCREMENT for table `convocation`
--
ALTER TABLE `convocation`
  MODIFY `id` int(20) NOT NULL AUTO_INCREMENT, AUTO_INCREMENT=3;

--
-- AUTO_INCREMENT for table `convocation_details`
--
ALTER TABLE `convocation_details`
  MODIFY `id` int(20) NOT NULL AUTO_INCREMENT, AUTO_INCREMENT=2;

--
-- AUTO_INCREMENT for table `country`
--
ALTER TABLE `country`
  MODIFY `id` int(20) NOT NULL AUTO_INCREMENT, AUTO_INCREMENT=207;

--
-- AUTO_INCREMENT for table `course`
--
ALTER TABLE `course`
  MODIFY `id` int(20) NOT NULL AUTO_INCREMENT, AUTO_INCREMENT=36;

--
-- AUTO_INCREMENT for table `courses_from_programme_landscape`
--
ALTER TABLE `courses_from_programme_landscape`
  MODIFY `id` int(20) NOT NULL AUTO_INCREMENT;

--
-- AUTO_INCREMENT for table `course_description_setup`
--
ALTER TABLE `course_description_setup`
  MODIFY `id` int(20) NOT NULL AUTO_INCREMENT, AUTO_INCREMENT=4;

--
-- AUTO_INCREMENT for table `course_grade`
--
ALTER TABLE `course_grade`
  MODIFY `id` int(20) NOT NULL AUTO_INCREMENT, AUTO_INCREMENT=2;

--
-- AUTO_INCREMENT for table `course_offered`
--
ALTER TABLE `course_offered`
  MODIFY `id` int(20) NOT NULL AUTO_INCREMENT, AUTO_INCREMENT=16;

--
-- AUTO_INCREMENT for table `course_register`
--
ALTER TABLE `course_register`
  MODIFY `id` bigint(20) NOT NULL AUTO_INCREMENT, AUTO_INCREMENT=44;

--
-- AUTO_INCREMENT for table `course_registration`
--
ALTER TABLE `course_registration`
  MODIFY `id` bigint(20) NOT NULL AUTO_INCREMENT, AUTO_INCREMENT=105;

--
-- AUTO_INCREMENT for table `course_requisite`
--
ALTER TABLE `course_requisite`
  MODIFY `id` int(20) NOT NULL AUTO_INCREMENT, AUTO_INCREMENT=8;

--
-- AUTO_INCREMENT for table `course_type`
--
ALTER TABLE `course_type`
  MODIFY `id` int(20) NOT NULL AUTO_INCREMENT, AUTO_INCREMENT=6;

--
-- AUTO_INCREMENT for table `course_withdraw`
--
ALTER TABLE `course_withdraw`
  MODIFY `id` int(20) NOT NULL AUTO_INCREMENT;

--
-- AUTO_INCREMENT for table `credit_hour_program_landscape_details`
--
ALTER TABLE `credit_hour_program_landscape_details`
  MODIFY `id` int(20) NOT NULL AUTO_INCREMENT, AUTO_INCREMENT=15;

--
-- AUTO_INCREMENT for table `credit_note`
--
ALTER TABLE `credit_note`
  MODIFY `id` int(20) NOT NULL AUTO_INCREMENT, AUTO_INCREMENT=5;

--
-- AUTO_INCREMENT for table `credit_note_details`
--
ALTER TABLE `credit_note_details`
  MODIFY `id` int(20) NOT NULL AUTO_INCREMENT;

--
-- AUTO_INCREMENT for table `credit_note_type`
--
ALTER TABLE `credit_note_type`
  MODIFY `id` int(20) NOT NULL AUTO_INCREMENT, AUTO_INCREMENT=2;

--
-- AUTO_INCREMENT for table `credit_transfer`
--
ALTER TABLE `credit_transfer`
  MODIFY `id` int(20) NOT NULL AUTO_INCREMENT, AUTO_INCREMENT=8;

--
-- AUTO_INCREMENT for table `credit_transfer_details`
--
ALTER TABLE `credit_transfer_details`
  MODIFY `id` int(20) NOT NULL AUTO_INCREMENT, AUTO_INCREMENT=11;

--
-- AUTO_INCREMENT for table `currency_rate_setup`
--
ALTER TABLE `currency_rate_setup`
  MODIFY `id` int(20) NOT NULL AUTO_INCREMENT;

--
-- AUTO_INCREMENT for table `currency_setup`
--
ALTER TABLE `currency_setup`
  MODIFY `id` int(20) NOT NULL AUTO_INCREMENT, AUTO_INCREMENT=4;

--
-- AUTO_INCREMENT for table `debit_note`
--
ALTER TABLE `debit_note`
  MODIFY `id` int(20) NOT NULL AUTO_INCREMENT, AUTO_INCREMENT=3;

--
-- AUTO_INCREMENT for table `department`
--
ALTER TABLE `department`
  MODIFY `id` int(20) NOT NULL AUTO_INCREMENT, AUTO_INCREMENT=3;

--
-- AUTO_INCREMENT for table `department_has_staff`
--
ALTER TABLE `department_has_staff`
  MODIFY `id` int(20) NOT NULL AUTO_INCREMENT, AUTO_INCREMENT=6;

--
-- AUTO_INCREMENT for table `discount`
--
ALTER TABLE `discount`
  MODIFY `id` bigint(20) NOT NULL AUTO_INCREMENT, AUTO_INCREMENT=5;

--
-- AUTO_INCREMENT for table `discount_type`
--
ALTER TABLE `discount_type`
  MODIFY `id` int(20) NOT NULL AUTO_INCREMENT, AUTO_INCREMENT=3;

--
-- AUTO_INCREMENT for table `disposal_type`
--
ALTER TABLE `disposal_type`
  MODIFY `id` int(20) NOT NULL AUTO_INCREMENT;

--
-- AUTO_INCREMENT for table `documents`
--
ALTER TABLE `documents`
  MODIFY `id` int(20) NOT NULL AUTO_INCREMENT, AUTO_INCREMENT=5;

--
-- AUTO_INCREMENT for table `documents_program`
--
ALTER TABLE `documents_program`
  MODIFY `id` int(20) NOT NULL AUTO_INCREMENT, AUTO_INCREMENT=2;

--
-- AUTO_INCREMENT for table `documents_program_details`
--
ALTER TABLE `documents_program_details`
  MODIFY `id` int(20) NOT NULL AUTO_INCREMENT, AUTO_INCREMENT=21;

--
-- AUTO_INCREMENT for table `document_checklist`
--
ALTER TABLE `document_checklist`
  MODIFY `id` int(20) NOT NULL AUTO_INCREMENT;

--
-- AUTO_INCREMENT for table `employee_discount`
--
ALTER TABLE `employee_discount`
  MODIFY `id` int(20) NOT NULL AUTO_INCREMENT, AUTO_INCREMENT=3;

--
-- AUTO_INCREMENT for table `employment_status`
--
ALTER TABLE `employment_status`
  MODIFY `id` int(20) NOT NULL AUTO_INCREMENT, AUTO_INCREMENT=3;

--
-- AUTO_INCREMENT for table `english_proficiency_details`
--
ALTER TABLE `english_proficiency_details`
  MODIFY `id` int(20) NOT NULL AUTO_INCREMENT, AUTO_INCREMENT=4;

--
-- AUTO_INCREMENT for table `entry_requirement_other_requirements`
--
ALTER TABLE `entry_requirement_other_requirements`
  MODIFY `id` int(20) NOT NULL AUTO_INCREMENT;

--
-- AUTO_INCREMENT for table `entry_requirement_requirements`
--
ALTER TABLE `entry_requirement_requirements`
  MODIFY `id` int(20) NOT NULL AUTO_INCREMENT, AUTO_INCREMENT=4;

--
-- AUTO_INCREMENT for table `equipment`
--
ALTER TABLE `equipment`
  MODIFY `id` int(20) NOT NULL AUTO_INCREMENT, AUTO_INCREMENT=3;

--
-- AUTO_INCREMENT for table `equivalent_course`
--
ALTER TABLE `equivalent_course`
  MODIFY `id` int(20) NOT NULL AUTO_INCREMENT, AUTO_INCREMENT=3;

--
-- AUTO_INCREMENT for table `equivalent_course_details`
--
ALTER TABLE `equivalent_course_details`
  MODIFY `id` int(20) NOT NULL AUTO_INCREMENT, AUTO_INCREMENT=3;

--
-- AUTO_INCREMENT for table `examination`
--
ALTER TABLE `examination`
  MODIFY `id` int(20) NOT NULL AUTO_INCREMENT, AUTO_INCREMENT=24;

--
-- AUTO_INCREMENT for table `examination_assesment_type`
--
ALTER TABLE `examination_assesment_type`
  MODIFY `id` int(20) NOT NULL AUTO_INCREMENT, AUTO_INCREMENT=3;

--
-- AUTO_INCREMENT for table `examination_components`
--
ALTER TABLE `examination_components`
  MODIFY `id` int(20) NOT NULL AUTO_INCREMENT, AUTO_INCREMENT=10;

--
-- AUTO_INCREMENT for table `examination_details`
--
ALTER TABLE `examination_details`
  MODIFY `id` int(20) NOT NULL AUTO_INCREMENT, AUTO_INCREMENT=4;

--
-- AUTO_INCREMENT for table `examiner_role`
--
ALTER TABLE `examiner_role`
  MODIFY `id` int(20) NOT NULL AUTO_INCREMENT, AUTO_INCREMENT=2;

--
-- AUTO_INCREMENT for table `exam_attendence`
--
ALTER TABLE `exam_attendence`
  MODIFY `id` bigint(20) NOT NULL AUTO_INCREMENT, AUTO_INCREMENT=2;

--
-- AUTO_INCREMENT for table `exam_attendence_details`
--
ALTER TABLE `exam_attendence_details`
  MODIFY `id` bigint(20) NOT NULL AUTO_INCREMENT, AUTO_INCREMENT=2;

--
-- AUTO_INCREMENT for table `exam_calender`
--
ALTER TABLE `exam_calender`
  MODIFY `id` int(20) NOT NULL AUTO_INCREMENT, AUTO_INCREMENT=2;

--
-- AUTO_INCREMENT for table `exam_center`
--
ALTER TABLE `exam_center`
  MODIFY `id` int(20) NOT NULL AUTO_INCREMENT, AUTO_INCREMENT=2;

--
-- AUTO_INCREMENT for table `exam_center_location`
--
ALTER TABLE `exam_center_location`
  MODIFY `id` int(20) NOT NULL AUTO_INCREMENT, AUTO_INCREMENT=2;

--
-- AUTO_INCREMENT for table `exam_center_to_semester`
--
ALTER TABLE `exam_center_to_semester`
  MODIFY `id` int(20) NOT NULL AUTO_INCREMENT;

--
-- AUTO_INCREMENT for table `exam_configuration`
--
ALTER TABLE `exam_configuration`
  MODIFY `id` int(20) NOT NULL AUTO_INCREMENT, AUTO_INCREMENT=2;

--
-- AUTO_INCREMENT for table `exam_event`
--
ALTER TABLE `exam_event`
  MODIFY `id` int(20) NOT NULL AUTO_INCREMENT, AUTO_INCREMENT=2;

--
-- AUTO_INCREMENT for table `exam_register`
--
ALTER TABLE `exam_register`
  MODIFY `id` bigint(20) NOT NULL AUTO_INCREMENT, AUTO_INCREMENT=4;

--
-- AUTO_INCREMENT for table `exam_registration`
--
ALTER TABLE `exam_registration`
  MODIFY `id` bigint(20) NOT NULL AUTO_INCREMENT, AUTO_INCREMENT=36;

--
-- AUTO_INCREMENT for table `facility_building_registration`
--
ALTER TABLE `facility_building_registration`
  MODIFY `id` int(20) NOT NULL AUTO_INCREMENT, AUTO_INCREMENT=4;

--
-- AUTO_INCREMENT for table `facility_room`
--
ALTER TABLE `facility_room`
  MODIFY `id` int(20) NOT NULL AUTO_INCREMENT, AUTO_INCREMENT=3;

--
-- AUTO_INCREMENT for table `faculty_program`
--
ALTER TABLE `faculty_program`
  MODIFY `id` int(20) NOT NULL AUTO_INCREMENT, AUTO_INCREMENT=8;

--
-- AUTO_INCREMENT for table `faculty_program_has_staff`
--
ALTER TABLE `faculty_program_has_staff`
  MODIFY `id` int(20) NOT NULL AUTO_INCREMENT, AUTO_INCREMENT=3;

--
-- AUTO_INCREMENT for table `fee_category`
--
ALTER TABLE `fee_category`
  MODIFY `id` int(20) NOT NULL AUTO_INCREMENT, AUTO_INCREMENT=3;

--
-- AUTO_INCREMENT for table `fee_setup`
--
ALTER TABLE `fee_setup`
  MODIFY `id` int(20) NOT NULL AUTO_INCREMENT, AUTO_INCREMENT=14;

--
-- AUTO_INCREMENT for table `fee_structure`
--
ALTER TABLE `fee_structure`
  MODIFY `id` int(20) NOT NULL AUTO_INCREMENT, AUTO_INCREMENT=272;

--
-- AUTO_INCREMENT for table `fee_structure_activity`
--
ALTER TABLE `fee_structure_activity`
  MODIFY `id` int(20) NOT NULL AUTO_INCREMENT, AUTO_INCREMENT=12;

--
-- AUTO_INCREMENT for table `fee_structure_details`
--
ALTER TABLE `fee_structure_details`
  MODIFY `id` int(20) NOT NULL AUTO_INCREMENT, AUTO_INCREMENT=2;

--
-- AUTO_INCREMENT for table `fee_structure_has_program`
--
ALTER TABLE `fee_structure_has_program`
  MODIFY `id` bigint(20) NOT NULL AUTO_INCREMENT, AUTO_INCREMENT=4;

--
-- AUTO_INCREMENT for table `fee_structure_has_scheme`
--
ALTER TABLE `fee_structure_has_scheme`
  MODIFY `id` bigint(20) NOT NULL AUTO_INCREMENT, AUTO_INCREMENT=6;

--
-- AUTO_INCREMENT for table `fee_structure_has_training_center`
--
ALTER TABLE `fee_structure_has_training_center`
  MODIFY `id` bigint(20) NOT NULL AUTO_INCREMENT, AUTO_INCREMENT=67;

--
-- AUTO_INCREMENT for table `fee_structure_main`
--
ALTER TABLE `fee_structure_main`
  MODIFY `id` bigint(20) NOT NULL AUTO_INCREMENT, AUTO_INCREMENT=3;

--
-- AUTO_INCREMENT for table `fee_structure_master`
--
ALTER TABLE `fee_structure_master`
  MODIFY `id` int(20) NOT NULL AUTO_INCREMENT, AUTO_INCREMENT=26;

--
-- AUTO_INCREMENT for table `fee_structure_triggering_point`
--
ALTER TABLE `fee_structure_triggering_point`
  MODIFY `id` bigint(20) NOT NULL AUTO_INCREMENT, AUTO_INCREMENT=4;

--
-- AUTO_INCREMENT for table `file_type`
--
ALTER TABLE `file_type`
  MODIFY `id` int(20) NOT NULL AUTO_INCREMENT, AUTO_INCREMENT=5;

--
-- AUTO_INCREMENT for table `financial_account_code`
--
ALTER TABLE `financial_account_code`
  MODIFY `id` int(20) NOT NULL AUTO_INCREMENT, AUTO_INCREMENT=16;

--
-- AUTO_INCREMENT for table `financial_year`
--
ALTER TABLE `financial_year`
  MODIFY `id` int(20) NOT NULL AUTO_INCREMENT;

--
-- AUTO_INCREMENT for table `frequency_mode`
--
ALTER TABLE `frequency_mode`
  MODIFY `id` int(20) NOT NULL AUTO_INCREMENT, AUTO_INCREMENT=8;

--
-- AUTO_INCREMENT for table `fund_code`
--
ALTER TABLE `fund_code`
  MODIFY `id` int(20) NOT NULL AUTO_INCREMENT;

--
-- AUTO_INCREMENT for table `gpa_cgpa_setup`
--
ALTER TABLE `gpa_cgpa_setup`
  MODIFY `id` int(20) NOT NULL AUTO_INCREMENT, AUTO_INCREMENT=2;

--
-- AUTO_INCREMENT for table `gpa_cgpa_setup_details`
--
ALTER TABLE `gpa_cgpa_setup_details`
  MODIFY `id` int(20) NOT NULL AUTO_INCREMENT, AUTO_INCREMENT=4;

--
-- AUTO_INCREMENT for table `grade`
--
ALTER TABLE `grade`
  MODIFY `id` int(20) NOT NULL AUTO_INCREMENT, AUTO_INCREMENT=5;

--
-- AUTO_INCREMENT for table `grade_setup`
--
ALTER TABLE `grade_setup`
  MODIFY `id` int(20) NOT NULL AUTO_INCREMENT, AUTO_INCREMENT=5;

--
-- AUTO_INCREMENT for table `grade_setup_details`
--
ALTER TABLE `grade_setup_details`
  MODIFY `id` int(20) NOT NULL AUTO_INCREMENT, AUTO_INCREMENT=29;

--
-- AUTO_INCREMENT for table `graduation_details`
--
ALTER TABLE `graduation_details`
  MODIFY `id` int(20) NOT NULL AUTO_INCREMENT, AUTO_INCREMENT=10;

--
-- AUTO_INCREMENT for table `graduation_list`
--
ALTER TABLE `graduation_list`
  MODIFY `id` int(20) NOT NULL AUTO_INCREMENT, AUTO_INCREMENT=5;

--
-- AUTO_INCREMENT for table `graduation_stage`
--
ALTER TABLE `graduation_stage`
  MODIFY `id` int(20) NOT NULL AUTO_INCREMENT, AUTO_INCREMENT=9;

--
-- AUTO_INCREMENT for table `grn`
--
ALTER TABLE `grn`
  MODIFY `id` int(20) NOT NULL AUTO_INCREMENT;

--
-- AUTO_INCREMENT for table `group_setup`
--
ALTER TABLE `group_setup`
  MODIFY `id` int(20) NOT NULL AUTO_INCREMENT, AUTO_INCREMENT=2;

--
-- AUTO_INCREMENT for table `guest`
--
ALTER TABLE `guest`
  MODIFY `id` int(20) NOT NULL AUTO_INCREMENT;

--
-- AUTO_INCREMENT for table `hostel_inventory_registration`
--
ALTER TABLE `hostel_inventory_registration`
  MODIFY `id` int(20) NOT NULL AUTO_INCREMENT, AUTO_INCREMENT=3;

--
-- AUTO_INCREMENT for table `hostel_item_registration`
--
ALTER TABLE `hostel_item_registration`
  MODIFY `id` int(20) NOT NULL AUTO_INCREMENT;

--
-- AUTO_INCREMENT for table `hostel_registration`
--
ALTER TABLE `hostel_registration`
  MODIFY `id` int(20) NOT NULL AUTO_INCREMENT, AUTO_INCREMENT=2;

--
-- AUTO_INCREMENT for table `hostel_room`
--
ALTER TABLE `hostel_room`
  MODIFY `id` int(20) NOT NULL AUTO_INCREMENT, AUTO_INCREMENT=6;

--
-- AUTO_INCREMENT for table `hostel_room_type`
--
ALTER TABLE `hostel_room_type`
  MODIFY `id` int(20) NOT NULL AUTO_INCREMENT, AUTO_INCREMENT=2;

--
-- AUTO_INCREMENT for table `intake`
--
ALTER TABLE `intake`
  MODIFY `id` int(20) NOT NULL AUTO_INCREMENT, AUTO_INCREMENT=7;

--
-- AUTO_INCREMENT for table `intake_has_branch`
--
ALTER TABLE `intake_has_branch`
  MODIFY `id` bigint(20) NOT NULL AUTO_INCREMENT, AUTO_INCREMENT=2;

--
-- AUTO_INCREMENT for table `intake_has_programme`
--
ALTER TABLE `intake_has_programme`
  MODIFY `id` int(20) NOT NULL AUTO_INCREMENT, AUTO_INCREMENT=55;

--
-- AUTO_INCREMENT for table `intake_has_scheme`
--
ALTER TABLE `intake_has_scheme`
  MODIFY `id` bigint(20) NOT NULL AUTO_INCREMENT, AUTO_INCREMENT=5;

--
-- AUTO_INCREMENT for table `internship_application`
--
ALTER TABLE `internship_application`
  MODIFY `id` int(20) NOT NULL AUTO_INCREMENT, AUTO_INCREMENT=2;

--
-- AUTO_INCREMENT for table `internship_company_has_program`
--
ALTER TABLE `internship_company_has_program`
  MODIFY `id` int(20) NOT NULL AUTO_INCREMENT, AUTO_INCREMENT=3;

--
-- AUTO_INCREMENT for table `internship_company_registration`
--
ALTER TABLE `internship_company_registration`
  MODIFY `id` int(20) NOT NULL AUTO_INCREMENT, AUTO_INCREMENT=2;

--
-- AUTO_INCREMENT for table `internship_company_type`
--
ALTER TABLE `internship_company_type`
  MODIFY `id` int(20) NOT NULL AUTO_INCREMENT, AUTO_INCREMENT=2;

--
-- AUTO_INCREMENT for table `internship_student_limit`
--
ALTER TABLE `internship_student_limit`
  MODIFY `id` bigint(20) NOT NULL AUTO_INCREMENT, AUTO_INCREMENT=2;

--
-- AUTO_INCREMENT for table `inventory_allotment`
--
ALTER TABLE `inventory_allotment`
  MODIFY `id` int(20) NOT NULL AUTO_INCREMENT, AUTO_INCREMENT=13;

--
-- AUTO_INCREMENT for table `investment_application`
--
ALTER TABLE `investment_application`
  MODIFY `id` int(20) NOT NULL AUTO_INCREMENT;

--
-- AUTO_INCREMENT for table `investment_application_details`
--
ALTER TABLE `investment_application_details`
  MODIFY `id` int(20) NOT NULL AUTO_INCREMENT;

--
-- AUTO_INCREMENT for table `investment_institution`
--
ALTER TABLE `investment_institution`
  MODIFY `id` int(20) NOT NULL AUTO_INCREMENT;

--
-- AUTO_INCREMENT for table `investment_registration`
--
ALTER TABLE `investment_registration`
  MODIFY `id` int(20) NOT NULL AUTO_INCREMENT;

--
-- AUTO_INCREMENT for table `investment_registration_withdraw`
--
ALTER TABLE `investment_registration_withdraw`
  MODIFY `id` int(20) NOT NULL AUTO_INCREMENT;

--
-- AUTO_INCREMENT for table `investment_type`
--
ALTER TABLE `investment_type`
  MODIFY `id` int(20) NOT NULL AUTO_INCREMENT;

--
-- AUTO_INCREMENT for table `is_scholarship_applicant_examination_details`
--
ALTER TABLE `is_scholarship_applicant_examination_details`
  MODIFY `id` int(20) NOT NULL AUTO_INCREMENT, AUTO_INCREMENT=4;

--
-- AUTO_INCREMENT for table `is_scholarship_applicant_personel_details`
--
ALTER TABLE `is_scholarship_applicant_personel_details`
  MODIFY `id` int(20) NOT NULL AUTO_INCREMENT, AUTO_INCREMENT=4;

--
-- AUTO_INCREMENT for table `is_scholar_applicant_employment_status`
--
ALTER TABLE `is_scholar_applicant_employment_status`
  MODIFY `id` int(20) NOT NULL AUTO_INCREMENT, AUTO_INCREMENT=4;

--
-- AUTO_INCREMENT for table `is_scholar_applicant_family_details`
--
ALTER TABLE `is_scholar_applicant_family_details`
  MODIFY `id` int(20) NOT NULL AUTO_INCREMENT, AUTO_INCREMENT=4;

--
-- AUTO_INCREMENT for table `journal`
--
ALTER TABLE `journal`
  MODIFY `id` int(20) NOT NULL AUTO_INCREMENT;

--
-- AUTO_INCREMENT for table `journal_details`
--
ALTER TABLE `journal_details`
  MODIFY `id` int(20) NOT NULL AUTO_INCREMENT;

--
-- AUTO_INCREMENT for table `landscape_course_type`
--
ALTER TABLE `landscape_course_type`
  MODIFY `id` int(20) NOT NULL AUTO_INCREMENT, AUTO_INCREMENT=8;

--
-- AUTO_INCREMENT for table `late_registration`
--
ALTER TABLE `late_registration`
  MODIFY `id` int(20) NOT NULL AUTO_INCREMENT;

--
-- AUTO_INCREMENT for table `main_invoice`
--
ALTER TABLE `main_invoice`
  MODIFY `id` int(20) NOT NULL AUTO_INCREMENT, AUTO_INCREMENT=77;

--
-- AUTO_INCREMENT for table `main_invoice_details`
--
ALTER TABLE `main_invoice_details`
  MODIFY `id` int(20) NOT NULL AUTO_INCREMENT, AUTO_INCREMENT=129;

--
-- AUTO_INCREMENT for table `main_invoice_discount_details`
--
ALTER TABLE `main_invoice_discount_details`
  MODIFY `id` int(20) NOT NULL AUTO_INCREMENT, AUTO_INCREMENT=48;

--
-- AUTO_INCREMENT for table `marital_status_setup`
--
ALTER TABLE `marital_status_setup`
  MODIFY `id` int(20) NOT NULL AUTO_INCREMENT, AUTO_INCREMENT=5;

--
-- AUTO_INCREMENT for table `mark_distribution`
--
ALTER TABLE `mark_distribution`
  MODIFY `id` int(20) NOT NULL AUTO_INCREMENT, AUTO_INCREMENT=16;

--
-- AUTO_INCREMENT for table `mark_distribution_details`
--
ALTER TABLE `mark_distribution_details`
  MODIFY `id` int(20) NOT NULL AUTO_INCREMENT, AUTO_INCREMENT=37;

--
-- AUTO_INCREMENT for table `menu`
--
ALTER TABLE `menu`
  MODIFY `id` int(20) NOT NULL AUTO_INCREMENT, AUTO_INCREMENT=203;

--
-- AUTO_INCREMENT for table `mile_stone`
--
ALTER TABLE `mile_stone`
  MODIFY `id` int(20) NOT NULL AUTO_INCREMENT, AUTO_INCREMENT=12;

--
-- AUTO_INCREMENT for table `mile_stone_tag_semester`
--
ALTER TABLE `mile_stone_tag_semester`
  MODIFY `id` int(20) NOT NULL AUTO_INCREMENT, AUTO_INCREMENT=3;

--
-- AUTO_INCREMENT for table `mode_of_category`
--
ALTER TABLE `mode_of_category`
  MODIFY `id` int(20) NOT NULL AUTO_INCREMENT;

--
-- AUTO_INCREMENT for table `mode_of_program`
--
ALTER TABLE `mode_of_program`
  MODIFY `id` int(20) NOT NULL AUTO_INCREMENT;

--
-- AUTO_INCREMENT for table `nationality`
--
ALTER TABLE `nationality`
  MODIFY `id` bigint(20) NOT NULL AUTO_INCREMENT, AUTO_INCREMENT=233;

--
-- AUTO_INCREMENT for table `nonpo_detail`
--
ALTER TABLE `nonpo_detail`
  MODIFY `id` bigint(20) NOT NULL AUTO_INCREMENT;

--
-- AUTO_INCREMENT for table `nonpo_entry`
--
ALTER TABLE `nonpo_entry`
  MODIFY `id` bigint(20) NOT NULL AUTO_INCREMENT;

--
-- AUTO_INCREMENT for table `online_claim`
--
ALTER TABLE `online_claim`
  MODIFY `id` bigint(20) NOT NULL AUTO_INCREMENT, AUTO_INCREMENT=3;

--
-- AUTO_INCREMENT for table `online_claim_details`
--
ALTER TABLE `online_claim_details`
  MODIFY `id` bigint(20) NOT NULL AUTO_INCREMENT, AUTO_INCREMENT=2;

--
-- AUTO_INCREMENT for table `organisation`
--
ALTER TABLE `organisation`
  MODIFY `id` int(20) NOT NULL AUTO_INCREMENT, AUTO_INCREMENT=2;

--
-- AUTO_INCREMENT for table `organisation_comitee`
--
ALTER TABLE `organisation_comitee`
  MODIFY `id` int(20) NOT NULL AUTO_INCREMENT, AUTO_INCREMENT=2;

--
-- AUTO_INCREMENT for table `organisation_has_training_center`
--
ALTER TABLE `organisation_has_training_center`
  MODIFY `id` int(20) NOT NULL AUTO_INCREMENT, AUTO_INCREMENT=10;

--
-- AUTO_INCREMENT for table `organisation_training_center_has_program`
--
ALTER TABLE `organisation_training_center_has_program`
  MODIFY `id` int(20) NOT NULL AUTO_INCREMENT, AUTO_INCREMENT=8;

--
-- AUTO_INCREMENT for table `other_documents`
--
ALTER TABLE `other_documents`
  MODIFY `id` int(20) NOT NULL AUTO_INCREMENT, AUTO_INCREMENT=5;

--
-- AUTO_INCREMENT for table `partner_category`
--
ALTER TABLE `partner_category`
  MODIFY `id` int(20) NOT NULL AUTO_INCREMENT, AUTO_INCREMENT=5;

--
-- AUTO_INCREMENT for table `partner_university`
--
ALTER TABLE `partner_university`
  MODIFY `id` int(20) NOT NULL AUTO_INCREMENT, AUTO_INCREMENT=10;

--
-- AUTO_INCREMENT for table `partner_university_comitee`
--
ALTER TABLE `partner_university_comitee`
  MODIFY `id` int(20) NOT NULL AUTO_INCREMENT, AUTO_INCREMENT=8;

--
-- AUTO_INCREMENT for table `partner_university_fee`
--
ALTER TABLE `partner_university_fee`
  MODIFY `id` int(20) NOT NULL AUTO_INCREMENT, AUTO_INCREMENT=3;

--
-- AUTO_INCREMENT for table `partner_university_invoice_student_details`
--
ALTER TABLE `partner_university_invoice_student_details`
  MODIFY `id` int(20) NOT NULL AUTO_INCREMENT, AUTO_INCREMENT=9;

--
-- AUTO_INCREMENT for table `partner_university_last_login`
--
ALTER TABLE `partner_university_last_login`
  MODIFY `id` bigint(20) NOT NULL AUTO_INCREMENT, AUTO_INCREMENT=15;

--
-- AUTO_INCREMENT for table `partner_university_student_invoice_details`
--
ALTER TABLE `partner_university_student_invoice_details`
  MODIFY `id` int(20) NOT NULL AUTO_INCREMENT, AUTO_INCREMENT=7;

--
-- AUTO_INCREMENT for table `payment_rate`
--
ALTER TABLE `payment_rate`
  MODIFY `id` int(20) NOT NULL AUTO_INCREMENT, AUTO_INCREMENT=2;

--
-- AUTO_INCREMENT for table `payment_type`
--
ALTER TABLE `payment_type`
  MODIFY `id` int(20) NOT NULL AUTO_INCREMENT, AUTO_INCREMENT=4;

--
-- AUTO_INCREMENT for table `performa_invoice`
--
ALTER TABLE `performa_invoice`
  MODIFY `id` int(20) NOT NULL AUTO_INCREMENT;

--
-- AUTO_INCREMENT for table `performa_invoice_details`
--
ALTER TABLE `performa_invoice_details`
  MODIFY `id` int(20) NOT NULL AUTO_INCREMENT;

--
-- AUTO_INCREMENT for table `permissions`
--
ALTER TABLE `permissions`
  MODIFY `id` bigint(20) NOT NULL AUTO_INCREMENT, AUTO_INCREMENT=573;

--
-- AUTO_INCREMENT for table `personal_billing_details`
--
ALTER TABLE `personal_billing_details`
  MODIFY `id` int(20) NOT NULL AUTO_INCREMENT;

--
-- AUTO_INCREMENT for table `po_detail`
--
ALTER TABLE `po_detail`
  MODIFY `id` bigint(20) NOT NULL AUTO_INCREMENT;

--
-- AUTO_INCREMENT for table `po_entry`
--
ALTER TABLE `po_entry`
  MODIFY `id` bigint(20) NOT NULL AUTO_INCREMENT;

--
-- AUTO_INCREMENT for table `ppt_reporting_comments`
--
ALTER TABLE `ppt_reporting_comments`
  MODIFY `id` bigint(20) NOT NULL AUTO_INCREMENT;

--
-- AUTO_INCREMENT for table `procurement_category`
--
ALTER TABLE `procurement_category`
  MODIFY `id` int(20) NOT NULL AUTO_INCREMENT;

--
-- AUTO_INCREMENT for table `procurement_item`
--
ALTER TABLE `procurement_item`
  MODIFY `id` int(20) NOT NULL AUTO_INCREMENT;

--
-- AUTO_INCREMENT for table `procurement_limit`
--
ALTER TABLE `procurement_limit`
  MODIFY `id` int(20) NOT NULL AUTO_INCREMENT;

--
-- AUTO_INCREMENT for table `procurement_sub_category`
--
ALTER TABLE `procurement_sub_category`
  MODIFY `id` int(20) NOT NULL AUTO_INCREMENT;

--
-- AUTO_INCREMENT for table `profile_details`
--
ALTER TABLE `profile_details`
  MODIFY `id` int(20) NOT NULL AUTO_INCREMENT, AUTO_INCREMENT=32;

--
-- AUTO_INCREMENT for table `programme`
--
ALTER TABLE `programme`
  MODIFY `id` int(20) NOT NULL AUTO_INCREMENT, AUTO_INCREMENT=12;

--
-- AUTO_INCREMENT for table `programme_has_course`
--
ALTER TABLE `programme_has_course`
  MODIFY `id` int(20) NOT NULL AUTO_INCREMENT;

--
-- AUTO_INCREMENT for table `programme_has_dean`
--
ALTER TABLE `programme_has_dean`
  MODIFY `id` int(20) NOT NULL AUTO_INCREMENT, AUTO_INCREMENT=20;

--
-- AUTO_INCREMENT for table `programme_has_fee_structure`
--
ALTER TABLE `programme_has_fee_structure`
  MODIFY `id` int(20) NOT NULL AUTO_INCREMENT;

--
-- AUTO_INCREMENT for table `programme_has_scheme`
--
ALTER TABLE `programme_has_scheme`
  MODIFY `id` bigint(20) NOT NULL AUTO_INCREMENT, AUTO_INCREMENT=33;

--
-- AUTO_INCREMENT for table `programme_landscape`
--
ALTER TABLE `programme_landscape`
  MODIFY `id` int(20) NOT NULL AUTO_INCREMENT, AUTO_INCREMENT=35;

--
-- AUTO_INCREMENT for table `program_entry_requirement`
--
ALTER TABLE `program_entry_requirement`
  MODIFY `id` int(20) NOT NULL AUTO_INCREMENT, AUTO_INCREMENT=3;

--
-- AUTO_INCREMENT for table `program_grade`
--
ALTER TABLE `program_grade`
  MODIFY `id` int(20) NOT NULL AUTO_INCREMENT, AUTO_INCREMENT=2;

--
-- AUTO_INCREMENT for table `program_has_acceredation_details`
--
ALTER TABLE `program_has_acceredation_details`
  MODIFY `id` int(20) NOT NULL AUTO_INCREMENT, AUTO_INCREMENT=5;

--
-- AUTO_INCREMENT for table `program_has_concurrent_program`
--
ALTER TABLE `program_has_concurrent_program`
  MODIFY `id` int(20) NOT NULL AUTO_INCREMENT;

--
-- AUTO_INCREMENT for table `program_has_major_details`
--
ALTER TABLE `program_has_major_details`
  MODIFY `id` int(20) NOT NULL AUTO_INCREMENT, AUTO_INCREMENT=5;

--
-- AUTO_INCREMENT for table `program_has_minor_details`
--
ALTER TABLE `program_has_minor_details`
  MODIFY `id` int(20) NOT NULL AUTO_INCREMENT, AUTO_INCREMENT=4;

--
-- AUTO_INCREMENT for table `program_has_scheme`
--
ALTER TABLE `program_has_scheme`
  MODIFY `id` bigint(20) NOT NULL AUTO_INCREMENT, AUTO_INCREMENT=19;

--
-- AUTO_INCREMENT for table `program_landscape_learning_mode`
--
ALTER TABLE `program_landscape_learning_mode`
  MODIFY `id` bigint(20) NOT NULL AUTO_INCREMENT;

--
-- AUTO_INCREMENT for table `program_landscape_requirement_details`
--
ALTER TABLE `program_landscape_requirement_details`
  MODIFY `id` int(20) NOT NULL AUTO_INCREMENT, AUTO_INCREMENT=12;

--
-- AUTO_INCREMENT for table `program_landscape_requisite_details`
--
ALTER TABLE `program_landscape_requisite_details`
  MODIFY `id` int(20) NOT NULL AUTO_INCREMENT, AUTO_INCREMENT=15;

--
-- AUTO_INCREMENT for table `program_landscape_semester_details`
--
ALTER TABLE `program_landscape_semester_details`
  MODIFY `id` int(20) NOT NULL AUTO_INCREMENT, AUTO_INCREMENT=28;

--
-- AUTO_INCREMENT for table `program_landscape_type`
--
ALTER TABLE `program_landscape_type`
  MODIFY `id` int(20) NOT NULL AUTO_INCREMENT, AUTO_INCREMENT=4;

--
-- AUTO_INCREMENT for table `program_objective`
--
ALTER TABLE `program_objective`
  MODIFY `id` int(20) NOT NULL AUTO_INCREMENT, AUTO_INCREMENT=13;

--
-- AUTO_INCREMENT for table `program_type`
--
ALTER TABLE `program_type`
  MODIFY `id` int(20) NOT NULL AUTO_INCREMENT, AUTO_INCREMENT=4;

--
-- AUTO_INCREMENT for table `project_report_submission`
--
ALTER TABLE `project_report_submission`
  MODIFY `id` int(20) NOT NULL AUTO_INCREMENT, AUTO_INCREMENT=2;

--
-- AUTO_INCREMENT for table `proposal_defense_comitee`
--
ALTER TABLE `proposal_defense_comitee`
  MODIFY `id` int(20) NOT NULL AUTO_INCREMENT, AUTO_INCREMENT=3;

--
-- AUTO_INCREMENT for table `proposal_reporting_comments`
--
ALTER TABLE `proposal_reporting_comments`
  MODIFY `id` bigint(20) NOT NULL AUTO_INCREMENT, AUTO_INCREMENT=4;

--
-- AUTO_INCREMENT for table `pr_entry`
--
ALTER TABLE `pr_entry`
  MODIFY `id` int(20) NOT NULL AUTO_INCREMENT;

--
-- AUTO_INCREMENT for table `pr_entry_details`
--
ALTER TABLE `pr_entry_details`
  MODIFY `id` int(20) NOT NULL AUTO_INCREMENT;

--
-- AUTO_INCREMENT for table `publish_assesment_result_date`
--
ALTER TABLE `publish_assesment_result_date`
  MODIFY `id` int(20) NOT NULL AUTO_INCREMENT, AUTO_INCREMENT=2;

--
-- AUTO_INCREMENT for table `publish_exam`
--
ALTER TABLE `publish_exam`
  MODIFY `id` int(20) NOT NULL AUTO_INCREMENT, AUTO_INCREMENT=4;

--
-- AUTO_INCREMENT for table `publish_exam_result_date`
--
ALTER TABLE `publish_exam_result_date`
  MODIFY `id` int(20) NOT NULL AUTO_INCREMENT, AUTO_INCREMENT=2;

--
-- AUTO_INCREMENT for table `qualification_setup`
--
ALTER TABLE `qualification_setup`
  MODIFY `id` int(20) NOT NULL AUTO_INCREMENT, AUTO_INCREMENT=2;

--
-- AUTO_INCREMENT for table `question`
--
ALTER TABLE `question`
  MODIFY `id` int(20) NOT NULL AUTO_INCREMENT;

--
-- AUTO_INCREMENT for table `question_pool`
--
ALTER TABLE `question_pool`
  MODIFY `id` int(20) NOT NULL AUTO_INCREMENT;

--
-- AUTO_INCREMENT for table `race_setup`
--
ALTER TABLE `race_setup`
  MODIFY `id` int(20) NOT NULL AUTO_INCREMENT, AUTO_INCREMENT=6;

--
-- AUTO_INCREMENT for table `receipt`
--
ALTER TABLE `receipt`
  MODIFY `id` int(20) NOT NULL AUTO_INCREMENT, AUTO_INCREMENT=60;

--
-- AUTO_INCREMENT for table `receipt_details`
--
ALTER TABLE `receipt_details`
  MODIFY `id` int(20) NOT NULL AUTO_INCREMENT, AUTO_INCREMENT=57;

--
-- AUTO_INCREMENT for table `receipt_paid_details`
--
ALTER TABLE `receipt_paid_details`
  MODIFY `id` int(20) NOT NULL AUTO_INCREMENT, AUTO_INCREMENT=60;

--
-- AUTO_INCREMENT for table `release`
--
ALTER TABLE `release`
  MODIFY `id` int(20) NOT NULL AUTO_INCREMENT, AUTO_INCREMENT=3;

--
-- AUTO_INCREMENT for table `religion_setup`
--
ALTER TABLE `religion_setup`
  MODIFY `id` int(20) NOT NULL AUTO_INCREMENT, AUTO_INCREMENT=18;

--
-- AUTO_INCREMENT for table `research_abstract`
--
ALTER TABLE `research_abstract`
  MODIFY `id` bigint(20) NOT NULL AUTO_INCREMENT, AUTO_INCREMENT=2;

--
-- AUTO_INCREMENT for table `research_advisor`
--
ALTER TABLE `research_advisor`
  MODIFY `id` int(20) NOT NULL AUTO_INCREMENT, AUTO_INCREMENT=2;

--
-- AUTO_INCREMENT for table `research_advisory`
--
ALTER TABLE `research_advisory`
  MODIFY `id` int(20) NOT NULL AUTO_INCREMENT, AUTO_INCREMENT=3;

--
-- AUTO_INCREMENT for table `research_articleship`
--
ALTER TABLE `research_articleship`
  MODIFY `id` int(20) NOT NULL AUTO_INCREMENT, AUTO_INCREMENT=2;

--
-- AUTO_INCREMENT for table `research_articleship_has_examiner`
--
ALTER TABLE `research_articleship_has_examiner`
  MODIFY `id` int(20) NOT NULL AUTO_INCREMENT, AUTO_INCREMENT=2;

--
-- AUTO_INCREMENT for table `research_articleship_has_supervisors`
--
ALTER TABLE `research_articleship_has_supervisors`
  MODIFY `id` int(20) NOT NULL AUTO_INCREMENT, AUTO_INCREMENT=2;

--
-- AUTO_INCREMENT for table `research_bound`
--
ALTER TABLE `research_bound`
  MODIFY `id` bigint(20) NOT NULL AUTO_INCREMENT, AUTO_INCREMENT=4;

--
-- AUTO_INCREMENT for table `research_category_has_supervisors`
--
ALTER TABLE `research_category_has_supervisors`
  MODIFY `id` int(20) NOT NULL AUTO_INCREMENT, AUTO_INCREMENT=6;

--
-- AUTO_INCREMENT for table `research_chapter`
--
ALTER TABLE `research_chapter`
  MODIFY `id` int(20) NOT NULL AUTO_INCREMENT, AUTO_INCREMENT=3;

--
-- AUTO_INCREMENT for table `research_colloquium`
--
ALTER TABLE `research_colloquium`
  MODIFY `id` int(20) NOT NULL AUTO_INCREMENT, AUTO_INCREMENT=2;

--
-- AUTO_INCREMENT for table `research_colloquium_details`
--
ALTER TABLE `research_colloquium_details`
  MODIFY `id` int(20) NOT NULL AUTO_INCREMENT, AUTO_INCREMENT=3;

--
-- AUTO_INCREMENT for table `research_colloquium_student_interest`
--
ALTER TABLE `research_colloquium_student_interest`
  MODIFY `id` int(20) NOT NULL AUTO_INCREMENT;

--
-- AUTO_INCREMENT for table `research_commitee_student_interest`
--
ALTER TABLE `research_commitee_student_interest`
  MODIFY `id` int(20) NOT NULL AUTO_INCREMENT;

--
-- AUTO_INCREMENT for table `research_deliverables`
--
ALTER TABLE `research_deliverables`
  MODIFY `id` int(20) NOT NULL AUTO_INCREMENT, AUTO_INCREMENT=4;

--
-- AUTO_INCREMENT for table `research_deliverables_student`
--
ALTER TABLE `research_deliverables_student`
  MODIFY `id` bigint(20) NOT NULL AUTO_INCREMENT, AUTO_INCREMENT=11;

--
-- AUTO_INCREMENT for table `research_examiner`
--
ALTER TABLE `research_examiner`
  MODIFY `id` int(20) NOT NULL AUTO_INCREMENT, AUTO_INCREMENT=4;

--
-- AUTO_INCREMENT for table `research_interest`
--
ALTER TABLE `research_interest`
  MODIFY `id` int(20) NOT NULL AUTO_INCREMENT, AUTO_INCREMENT=5;

--
-- AUTO_INCREMENT for table `research_phd_duration`
--
ALTER TABLE `research_phd_duration`
  MODIFY `id` int(20) NOT NULL AUTO_INCREMENT, AUTO_INCREMENT=9;

--
-- AUTO_INCREMENT for table `research_ppt`
--
ALTER TABLE `research_ppt`
  MODIFY `id` bigint(20) NOT NULL AUTO_INCREMENT;

--
-- AUTO_INCREMENT for table `research_professionalpracricepaper`
--
ALTER TABLE `research_professionalpracricepaper`
  MODIFY `id` int(20) NOT NULL AUTO_INCREMENT, AUTO_INCREMENT=2;

--
-- AUTO_INCREMENT for table `research_professionalpracricepaper_has_employment`
--
ALTER TABLE `research_professionalpracricepaper_has_employment`
  MODIFY `id` int(20) NOT NULL AUTO_INCREMENT, AUTO_INCREMENT=2;

--
-- AUTO_INCREMENT for table `research_professionalpracricepaper_has_examiner`
--
ALTER TABLE `research_professionalpracricepaper_has_examiner`
  MODIFY `id` int(20) NOT NULL AUTO_INCREMENT, AUTO_INCREMENT=2;

--
-- AUTO_INCREMENT for table `research_professionalpracricepaper_has_supervisors`
--
ALTER TABLE `research_professionalpracricepaper_has_supervisors`
  MODIFY `id` int(20) NOT NULL AUTO_INCREMENT, AUTO_INCREMENT=2;

--
-- AUTO_INCREMENT for table `research_proposal`
--
ALTER TABLE `research_proposal`
  MODIFY `id` int(20) NOT NULL AUTO_INCREMENT, AUTO_INCREMENT=2;

--
-- AUTO_INCREMENT for table `research_proposal_has_examiner`
--
ALTER TABLE `research_proposal_has_examiner`
  MODIFY `id` int(20) NOT NULL AUTO_INCREMENT, AUTO_INCREMENT=3;

--
-- AUTO_INCREMENT for table `research_proposal_has_supervisors`
--
ALTER TABLE `research_proposal_has_supervisors`
  MODIFY `id` int(20) NOT NULL AUTO_INCREMENT, AUTO_INCREMENT=2;

--
-- AUTO_INCREMENT for table `research_proposal_reporting`
--
ALTER TABLE `research_proposal_reporting`
  MODIFY `id` bigint(20) NOT NULL AUTO_INCREMENT, AUTO_INCREMENT=8;

--
-- AUTO_INCREMENT for table `research_readers`
--
ALTER TABLE `research_readers`
  MODIFY `id` int(20) NOT NULL AUTO_INCREMENT, AUTO_INCREMENT=3;

--
-- AUTO_INCREMENT for table `research_reason_applying`
--
ALTER TABLE `research_reason_applying`
  MODIFY `id` int(20) NOT NULL AUTO_INCREMENT, AUTO_INCREMENT=3;

--
-- AUTO_INCREMENT for table `research_sco`
--
ALTER TABLE `research_sco`
  MODIFY `id` bigint(20) NOT NULL AUTO_INCREMENT, AUTO_INCREMENT=2;

--
-- AUTO_INCREMENT for table `research_status`
--
ALTER TABLE `research_status`
  MODIFY `id` int(20) NOT NULL AUTO_INCREMENT, AUTO_INCREMENT=3;

--
-- AUTO_INCREMENT for table `research_supervisor`
--
ALTER TABLE `research_supervisor`
  MODIFY `id` int(20) NOT NULL AUTO_INCREMENT, AUTO_INCREMENT=6;

--
-- AUTO_INCREMENT for table `research_toc`
--
ALTER TABLE `research_toc`
  MODIFY `id` bigint(20) NOT NULL AUTO_INCREMENT, AUTO_INCREMENT=4;

--
-- AUTO_INCREMENT for table `research_topic`
--
ALTER TABLE `research_topic`
  MODIFY `id` int(20) NOT NULL AUTO_INCREMENT, AUTO_INCREMENT=3;

--
-- AUTO_INCREMENT for table `research_topic_category`
--
ALTER TABLE `research_topic_category`
  MODIFY `id` int(20) NOT NULL AUTO_INCREMENT, AUTO_INCREMENT=6;

--
-- AUTO_INCREMENT for table `roles`
--
ALTER TABLE `roles`
  MODIFY `id` int(20) NOT NULL AUTO_INCREMENT, AUTO_INCREMENT=18;

--
-- AUTO_INCREMENT for table `role_permissions`
--
ALTER TABLE `role_permissions`
  MODIFY `id` bigint(20) NOT NULL AUTO_INCREMENT, AUTO_INCREMENT=6183;

--
-- AUTO_INCREMENT for table `room_allotment`
--
ALTER TABLE `room_allotment`
  MODIFY `id` int(20) NOT NULL AUTO_INCREMENT, AUTO_INCREMENT=2;

--
-- AUTO_INCREMENT for table `salutation_setup`
--
ALTER TABLE `salutation_setup`
  MODIFY `id` int(20) NOT NULL AUTO_INCREMENT, AUTO_INCREMENT=26;

--
-- AUTO_INCREMENT for table `scheme`
--
ALTER TABLE `scheme`
  MODIFY `id` int(20) NOT NULL AUTO_INCREMENT, AUTO_INCREMENT=5;

--
-- AUTO_INCREMENT for table `scheme_has_nationality`
--
ALTER TABLE `scheme_has_nationality`
  MODIFY `id` bigint(20) NOT NULL AUTO_INCREMENT, AUTO_INCREMENT=6;

--
-- AUTO_INCREMENT for table `scheme_has_program`
--
ALTER TABLE `scheme_has_program`
  MODIFY `id` int(20) NOT NULL AUTO_INCREMENT, AUTO_INCREMENT=4;

--
-- AUTO_INCREMENT for table `scholar`
--
ALTER TABLE `scholar`
  MODIFY `id` int(11) NOT NULL AUTO_INCREMENT, AUTO_INCREMENT=2;

--
-- AUTO_INCREMENT for table `scholarship_accreditation_category`
--
ALTER TABLE `scholarship_accreditation_category`
  MODIFY `id` int(20) NOT NULL AUTO_INCREMENT, AUTO_INCREMENT=2;

--
-- AUTO_INCREMENT for table `scholarship_accreditation_type`
--
ALTER TABLE `scholarship_accreditation_type`
  MODIFY `id` int(20) NOT NULL AUTO_INCREMENT, AUTO_INCREMENT=3;

--
-- AUTO_INCREMENT for table `scholarship_amount_calculation_type`
--
ALTER TABLE `scholarship_amount_calculation_type`
  MODIFY `id` int(20) NOT NULL AUTO_INCREMENT;

--
-- AUTO_INCREMENT for table `scholarship_applicant`
--
ALTER TABLE `scholarship_applicant`
  MODIFY `id` int(20) NOT NULL AUTO_INCREMENT;

--
-- AUTO_INCREMENT for table `scholarship_application`
--
ALTER TABLE `scholarship_application`
  MODIFY `id` int(20) NOT NULL AUTO_INCREMENT;

--
-- AUTO_INCREMENT for table `scholarship_assesment_method_setup`
--
ALTER TABLE `scholarship_assesment_method_setup`
  MODIFY `id` int(20) NOT NULL AUTO_INCREMENT;

--
-- AUTO_INCREMENT for table `scholarship_award_setup`
--
ALTER TABLE `scholarship_award_setup`
  MODIFY `id` int(20) NOT NULL AUTO_INCREMENT, AUTO_INCREMENT=6;

--
-- AUTO_INCREMENT for table `scholarship_bank_registration`
--
ALTER TABLE `scholarship_bank_registration`
  MODIFY `id` int(20) NOT NULL AUTO_INCREMENT;

--
-- AUTO_INCREMENT for table `scholarship_country`
--
ALTER TABLE `scholarship_country`
  MODIFY `id` int(20) NOT NULL AUTO_INCREMENT, AUTO_INCREMENT=2;

--
-- AUTO_INCREMENT for table `scholarship_department`
--
ALTER TABLE `scholarship_department`
  MODIFY `id` int(20) NOT NULL AUTO_INCREMENT, AUTO_INCREMENT=2;

--
-- AUTO_INCREMENT for table `scholarship_department_has_staff`
--
ALTER TABLE `scholarship_department_has_staff`
  MODIFY `id` int(20) NOT NULL AUTO_INCREMENT, AUTO_INCREMENT=2;

--
-- AUTO_INCREMENT for table `scholarship_documents`
--
ALTER TABLE `scholarship_documents`
  MODIFY `id` int(20) NOT NULL AUTO_INCREMENT;

--
-- AUTO_INCREMENT for table `scholarship_documents_for_applicant`
--
ALTER TABLE `scholarship_documents_for_applicant`
  MODIFY `id` int(20) NOT NULL AUTO_INCREMENT;

--
-- AUTO_INCREMENT for table `scholarship_documents_program`
--
ALTER TABLE `scholarship_documents_program`
  MODIFY `id` int(20) NOT NULL AUTO_INCREMENT;

--
-- AUTO_INCREMENT for table `scholarship_documents_program_details`
--
ALTER TABLE `scholarship_documents_program_details`
  MODIFY `id` int(20) NOT NULL AUTO_INCREMENT;

--
-- AUTO_INCREMENT for table `scholarship_education_level`
--
ALTER TABLE `scholarship_education_level`
  MODIFY `id` int(20) NOT NULL AUTO_INCREMENT, AUTO_INCREMENT=9;

--
-- AUTO_INCREMENT for table `scholarship_examination_details`
--
ALTER TABLE `scholarship_examination_details`
  MODIFY `id` int(20) NOT NULL AUTO_INCREMENT;

--
-- AUTO_INCREMENT for table `scholarship_individual_entry_requirement`
--
ALTER TABLE `scholarship_individual_entry_requirement`
  MODIFY `id` int(20) NOT NULL AUTO_INCREMENT, AUTO_INCREMENT=24;

--
-- AUTO_INCREMENT for table `scholarship_module_type_setup`
--
ALTER TABLE `scholarship_module_type_setup`
  MODIFY `id` int(20) NOT NULL AUTO_INCREMENT, AUTO_INCREMENT=5;

--
-- AUTO_INCREMENT for table `scholarship_organisation_has_department`
--
ALTER TABLE `scholarship_organisation_has_department`
  MODIFY `id` int(20) NOT NULL AUTO_INCREMENT, AUTO_INCREMENT=3;

--
-- AUTO_INCREMENT for table `scholarship_organisation_setup`
--
ALTER TABLE `scholarship_organisation_setup`
  MODIFY `id` int(20) NOT NULL AUTO_INCREMENT, AUTO_INCREMENT=2;

--
-- AUTO_INCREMENT for table `scholarship_organisation_setup_comitee`
--
ALTER TABLE `scholarship_organisation_setup_comitee`
  MODIFY `id` int(20) NOT NULL AUTO_INCREMENT, AUTO_INCREMENT=3;

--
-- AUTO_INCREMENT for table `scholarship_partner_university`
--
ALTER TABLE `scholarship_partner_university`
  MODIFY `id` int(20) NOT NULL AUTO_INCREMENT, AUTO_INCREMENT=4;

--
-- AUTO_INCREMENT for table `scholarship_partner_university_has_aggrement`
--
ALTER TABLE `scholarship_partner_university_has_aggrement`
  MODIFY `id` int(20) NOT NULL AUTO_INCREMENT, AUTO_INCREMENT=14;

--
-- AUTO_INCREMENT for table `scholarship_partner_university_has_program`
--
ALTER TABLE `scholarship_partner_university_has_program`
  MODIFY `id` int(20) NOT NULL AUTO_INCREMENT, AUTO_INCREMENT=7;

--
-- AUTO_INCREMENT for table `scholarship_partner_university_has_training_center`
--
ALTER TABLE `scholarship_partner_university_has_training_center`
  MODIFY `id` int(20) NOT NULL AUTO_INCREMENT, AUTO_INCREMENT=4;

--
-- AUTO_INCREMENT for table `scholarship_partner_university_program_has_apprenticeship`
--
ALTER TABLE `scholarship_partner_university_program_has_apprenticeship`
  MODIFY `id` int(20) NOT NULL AUTO_INCREMENT, AUTO_INCREMENT=4;

--
-- AUTO_INCREMENT for table `scholarship_partner_university_program_has_internship`
--
ALTER TABLE `scholarship_partner_university_program_has_internship`
  MODIFY `id` int(20) NOT NULL AUTO_INCREMENT, AUTO_INCREMENT=3;

--
-- AUTO_INCREMENT for table `scholarship_partner_university_program_has_study_mode`
--
ALTER TABLE `scholarship_partner_university_program_has_study_mode`
  MODIFY `id` int(20) NOT NULL AUTO_INCREMENT, AUTO_INCREMENT=4;

--
-- AUTO_INCREMENT for table `scholarship_partner_university_program_has_syllabus`
--
ALTER TABLE `scholarship_partner_university_program_has_syllabus`
  MODIFY `id` int(20) NOT NULL AUTO_INCREMENT, AUTO_INCREMENT=3;

--
-- AUTO_INCREMENT for table `scholarship_payment_type`
--
ALTER TABLE `scholarship_payment_type`
  MODIFY `id` int(20) NOT NULL AUTO_INCREMENT;

--
-- AUTO_INCREMENT for table `scholarship_programme`
--
ALTER TABLE `scholarship_programme`
  MODIFY `id` int(20) NOT NULL AUTO_INCREMENT, AUTO_INCREMENT=4;

--
-- AUTO_INCREMENT for table `scholarship_program_accreditation`
--
ALTER TABLE `scholarship_program_accreditation`
  MODIFY `id` int(20) NOT NULL AUTO_INCREMENT, AUTO_INCREMENT=3;

--
-- AUTO_INCREMENT for table `scholarship_program_partner`
--
ALTER TABLE `scholarship_program_partner`
  MODIFY `id` int(20) NOT NULL AUTO_INCREMENT, AUTO_INCREMENT=2;

--
-- AUTO_INCREMENT for table `scholarship_program_syllabus`
--
ALTER TABLE `scholarship_program_syllabus`
  MODIFY `id` int(20) NOT NULL AUTO_INCREMENT, AUTO_INCREMENT=2;

--
-- AUTO_INCREMENT for table `scholarship_program_syllabus_has_module`
--
ALTER TABLE `scholarship_program_syllabus_has_module`
  MODIFY `id` int(20) NOT NULL AUTO_INCREMENT, AUTO_INCREMENT=3;

--
-- AUTO_INCREMENT for table `scholarship_race_setup`
--
ALTER TABLE `scholarship_race_setup`
  MODIFY `id` int(20) NOT NULL AUTO_INCREMENT, AUTO_INCREMENT=5;

--
-- AUTO_INCREMENT for table `scholarship_religion_setup`
--
ALTER TABLE `scholarship_religion_setup`
  MODIFY `id` int(20) NOT NULL AUTO_INCREMENT, AUTO_INCREMENT=4;

--
-- AUTO_INCREMENT for table `scholarship_salutation_setup`
--
ALTER TABLE `scholarship_salutation_setup`
  MODIFY `id` int(20) NOT NULL AUTO_INCREMENT, AUTO_INCREMENT=2;

--
-- AUTO_INCREMENT for table `scholarship_scheme`
--
ALTER TABLE `scholarship_scheme`
  MODIFY `id` int(20) NOT NULL AUTO_INCREMENT, AUTO_INCREMENT=2;

--
-- AUTO_INCREMENT for table `scholarship_selection_type`
--
ALTER TABLE `scholarship_selection_type`
  MODIFY `id` int(20) NOT NULL AUTO_INCREMENT, AUTO_INCREMENT=3;

--
-- AUTO_INCREMENT for table `scholarship_state`
--
ALTER TABLE `scholarship_state`
  MODIFY `id` int(20) NOT NULL AUTO_INCREMENT, AUTO_INCREMENT=3;

--
-- AUTO_INCREMENT for table `scholarship_sub_thrust`
--
ALTER TABLE `scholarship_sub_thrust`
  MODIFY `id` int(20) NOT NULL AUTO_INCREMENT, AUTO_INCREMENT=2;

--
-- AUTO_INCREMENT for table `scholarship_sub_thrust_has_entry_requirement`
--
ALTER TABLE `scholarship_sub_thrust_has_entry_requirement`
  MODIFY `id` int(20) NOT NULL AUTO_INCREMENT, AUTO_INCREMENT=6;

--
-- AUTO_INCREMENT for table `scholarship_sub_thrust_has_program`
--
ALTER TABLE `scholarship_sub_thrust_has_program`
  MODIFY `id` int(20) NOT NULL AUTO_INCREMENT, AUTO_INCREMENT=11;

--
-- AUTO_INCREMENT for table `scholarship_sub_thrust_has_requirement`
--
ALTER TABLE `scholarship_sub_thrust_has_requirement`
  MODIFY `id` int(20) NOT NULL AUTO_INCREMENT, AUTO_INCREMENT=16;

--
-- AUTO_INCREMENT for table `scholarship_sub_thrust_requirement_has_age`
--
ALTER TABLE `scholarship_sub_thrust_requirement_has_age`
  MODIFY `id` int(20) NOT NULL AUTO_INCREMENT, AUTO_INCREMENT=6;

--
-- AUTO_INCREMENT for table `scholarship_sub_thrust_requirement_has_education`
--
ALTER TABLE `scholarship_sub_thrust_requirement_has_education`
  MODIFY `id` int(20) NOT NULL AUTO_INCREMENT, AUTO_INCREMENT=7;

--
-- AUTO_INCREMENT for table `scholarship_sub_thrust_requirement_has_other`
--
ALTER TABLE `scholarship_sub_thrust_requirement_has_other`
  MODIFY `id` int(20) NOT NULL AUTO_INCREMENT, AUTO_INCREMENT=2;

--
-- AUTO_INCREMENT for table `scholarship_sub_thrust_requirement_has_work_experience`
--
ALTER TABLE `scholarship_sub_thrust_requirement_has_work_experience`
  MODIFY `id` int(20) NOT NULL AUTO_INCREMENT, AUTO_INCREMENT=4;

--
-- AUTO_INCREMENT for table `scholarship_thrust`
--
ALTER TABLE `scholarship_thrust`
  MODIFY `id` int(20) NOT NULL AUTO_INCREMENT, AUTO_INCREMENT=2;

--
-- AUTO_INCREMENT for table `scholarship_users`
--
ALTER TABLE `scholarship_users`
  MODIFY `id` int(11) NOT NULL AUTO_INCREMENT, AUTO_INCREMENT=2;

--
-- AUTO_INCREMENT for table `scholarship_work_specialisation`
--
ALTER TABLE `scholarship_work_specialisation`
  MODIFY `id` int(20) NOT NULL AUTO_INCREMENT, AUTO_INCREMENT=2;

--
-- AUTO_INCREMENT for table `scholar_applicant`
--
ALTER TABLE `scholar_applicant`
  MODIFY `id` int(20) NOT NULL AUTO_INCREMENT, AUTO_INCREMENT=4;

--
-- AUTO_INCREMENT for table `scholar_applicant_employment_status`
--
ALTER TABLE `scholar_applicant_employment_status`
  MODIFY `id` int(20) NOT NULL AUTO_INCREMENT;

--
-- AUTO_INCREMENT for table `scholar_applicant_family_details`
--
ALTER TABLE `scholar_applicant_family_details`
  MODIFY `id` int(20) NOT NULL AUTO_INCREMENT, AUTO_INCREMENT=4;

--
-- AUTO_INCREMENT for table `scholar_applicant_last_login`
--
ALTER TABLE `scholar_applicant_last_login`
  MODIFY `id` bigint(20) NOT NULL AUTO_INCREMENT, AUTO_INCREMENT=4;

--
-- AUTO_INCREMENT for table `scholar_last_login`
--
ALTER TABLE `scholar_last_login`
  MODIFY `id` bigint(20) NOT NULL AUTO_INCREMENT, AUTO_INCREMENT=42;

--
-- AUTO_INCREMENT for table `scholar_permissions`
--
ALTER TABLE `scholar_permissions`
  MODIFY `id` bigint(20) NOT NULL AUTO_INCREMENT, AUTO_INCREMENT=4;

--
-- AUTO_INCREMENT for table `scholar_roles`
--
ALTER TABLE `scholar_roles`
  MODIFY `id` tinyint(4) NOT NULL AUTO_INCREMENT COMMENT 'role id', AUTO_INCREMENT=4;

--
-- AUTO_INCREMENT for table `scholar_role_permissions`
--
ALTER TABLE `scholar_role_permissions`
  MODIFY `id` bigint(20) NOT NULL AUTO_INCREMENT, AUTO_INCREMENT=7;

--
-- AUTO_INCREMENT for table `school_details`
--
ALTER TABLE `school_details`
  MODIFY `id` int(20) NOT NULL AUTO_INCREMENT;

--
-- AUTO_INCREMENT for table `sco_reporting_comments`
--
ALTER TABLE `sco_reporting_comments`
  MODIFY `id` bigint(20) NOT NULL AUTO_INCREMENT;

--
-- AUTO_INCREMENT for table `semester`
--
ALTER TABLE `semester`
  MODIFY `id` int(20) NOT NULL AUTO_INCREMENT, AUTO_INCREMENT=11;

--
-- AUTO_INCREMENT for table `semester_has_activity`
--
ALTER TABLE `semester_has_activity`
  MODIFY `id` int(20) NOT NULL AUTO_INCREMENT;

--
-- AUTO_INCREMENT for table `semester_has_scheme`
--
ALTER TABLE `semester_has_scheme`
  MODIFY `id` bigint(20) NOT NULL AUTO_INCREMENT, AUTO_INCREMENT=10;

--
-- AUTO_INCREMENT for table `set_form`
--
ALTER TABLE `set_form`
  MODIFY `id` int(20) NOT NULL AUTO_INCREMENT;

--
-- AUTO_INCREMENT for table `set_form_has_question_pool`
--
ALTER TABLE `set_form_has_question_pool`
  MODIFY `id` int(20) NOT NULL AUTO_INCREMENT;

--
-- AUTO_INCREMENT for table `sibbling_discount`
--
ALTER TABLE `sibbling_discount`
  MODIFY `id` int(20) NOT NULL AUTO_INCREMENT, AUTO_INCREMENT=3;

--
-- AUTO_INCREMENT for table `specialization_setup`
--
ALTER TABLE `specialization_setup`
  MODIFY `id` int(20) NOT NULL AUTO_INCREMENT, AUTO_INCREMENT=2;

--
-- AUTO_INCREMENT for table `sponser`
--
ALTER TABLE `sponser`
  MODIFY `id` int(20) NOT NULL AUTO_INCREMENT, AUTO_INCREMENT=2;

--
-- AUTO_INCREMENT for table `sponser_coordinator_details`
--
ALTER TABLE `sponser_coordinator_details`
  MODIFY `id` int(20) NOT NULL AUTO_INCREMENT, AUTO_INCREMENT=3;

--
-- AUTO_INCREMENT for table `sponser_credit_note`
--
ALTER TABLE `sponser_credit_note`
  MODIFY `id` int(20) NOT NULL AUTO_INCREMENT;

--
-- AUTO_INCREMENT for table `sponser_credit_note_details`
--
ALTER TABLE `sponser_credit_note_details`
  MODIFY `id` int(20) NOT NULL AUTO_INCREMENT;

--
-- AUTO_INCREMENT for table `sponser_fee_info_details`
--
ALTER TABLE `sponser_fee_info_details`
  MODIFY `id` int(20) NOT NULL AUTO_INCREMENT, AUTO_INCREMENT=3;

--
-- AUTO_INCREMENT for table `sponser_has_students`
--
ALTER TABLE `sponser_has_students`
  MODIFY `id` int(20) NOT NULL AUTO_INCREMENT, AUTO_INCREMENT=6;

--
-- AUTO_INCREMENT for table `sponser_main_invoice`
--
ALTER TABLE `sponser_main_invoice`
  MODIFY `id` int(20) NOT NULL AUTO_INCREMENT;

--
-- AUTO_INCREMENT for table `sponser_main_invoice_details`
--
ALTER TABLE `sponser_main_invoice_details`
  MODIFY `id` int(20) NOT NULL AUTO_INCREMENT;

--
-- AUTO_INCREMENT for table `sponser_receipt`
--
ALTER TABLE `sponser_receipt`
  MODIFY `id` int(20) NOT NULL AUTO_INCREMENT;

--
-- AUTO_INCREMENT for table `sponser_receipt_details`
--
ALTER TABLE `sponser_receipt_details`
  MODIFY `id` int(20) NOT NULL AUTO_INCREMENT;

--
-- AUTO_INCREMENT for table `sponser_receipt_paid_details`
--
ALTER TABLE `sponser_receipt_paid_details`
  MODIFY `id` int(20) NOT NULL AUTO_INCREMENT;

--
-- AUTO_INCREMENT for table `staff`
--
ALTER TABLE `staff`
  MODIFY `id` int(20) NOT NULL AUTO_INCREMENT, AUTO_INCREMENT=5;

--
-- AUTO_INCREMENT for table `staff_bank_details`
--
ALTER TABLE `staff_bank_details`
  MODIFY `id` int(20) NOT NULL AUTO_INCREMENT, AUTO_INCREMENT=2;

--
-- AUTO_INCREMENT for table `staff_change_status_details`
--
ALTER TABLE `staff_change_status_details`
  MODIFY `id` int(20) NOT NULL AUTO_INCREMENT, AUTO_INCREMENT=4;

--
-- AUTO_INCREMENT for table `staff_has_course`
--
ALTER TABLE `staff_has_course`
  MODIFY `id` int(20) NOT NULL AUTO_INCREMENT, AUTO_INCREMENT=20;

--
-- AUTO_INCREMENT for table `staff_leave_records`
--
ALTER TABLE `staff_leave_records`
  MODIFY `id` int(20) NOT NULL AUTO_INCREMENT, AUTO_INCREMENT=2;

--
-- AUTO_INCREMENT for table `staff_status`
--
ALTER TABLE `staff_status`
  MODIFY `id` int(20) NOT NULL AUTO_INCREMENT, AUTO_INCREMENT=10;

--
-- AUTO_INCREMENT for table `staff_teaching_details`
--
ALTER TABLE `staff_teaching_details`
  MODIFY `id` int(20) NOT NULL AUTO_INCREMENT, AUTO_INCREMENT=2;

--
-- AUTO_INCREMENT for table `stage_semester`
--
ALTER TABLE `stage_semester`
  MODIFY `id` int(20) NOT NULL AUTO_INCREMENT, AUTO_INCREMENT=13;

--
-- AUTO_INCREMENT for table `state`
--
ALTER TABLE `state`
  MODIFY `id` int(20) NOT NULL AUTO_INCREMENT, AUTO_INCREMENT=223;

--
-- AUTO_INCREMENT for table `student`
--
ALTER TABLE `student`
  MODIFY `id` int(20) NOT NULL AUTO_INCREMENT, AUTO_INCREMENT=80;

--
-- AUTO_INCREMENT for table `student_deliverable_history`
--
ALTER TABLE `student_deliverable_history`
  MODIFY `id` int(20) NOT NULL AUTO_INCREMENT, AUTO_INCREMENT=52;

--
-- AUTO_INCREMENT for table `student_duration_history`
--
ALTER TABLE `student_duration_history`
  MODIFY `id` int(20) NOT NULL AUTO_INCREMENT, AUTO_INCREMENT=4;

--
-- AUTO_INCREMENT for table `student_emergency_contact_details`
--
ALTER TABLE `student_emergency_contact_details`
  MODIFY `id` int(20) NOT NULL AUTO_INCREMENT, AUTO_INCREMENT=3;

--
-- AUTO_INCREMENT for table `student_has_document`
--
ALTER TABLE `student_has_document`
  MODIFY `id` int(20) NOT NULL AUTO_INCREMENT, AUTO_INCREMENT=8;

--
-- AUTO_INCREMENT for table `student_insurance_details`
--
ALTER TABLE `student_insurance_details`
  MODIFY `id` int(20) NOT NULL AUTO_INCREMENT;

--
-- AUTO_INCREMENT for table `student_last_login`
--
ALTER TABLE `student_last_login`
  MODIFY `id` bigint(20) NOT NULL AUTO_INCREMENT, AUTO_INCREMENT=60;

--
-- AUTO_INCREMENT for table `student_marks_entry`
--
ALTER TABLE `student_marks_entry`
  MODIFY `id` int(20) NOT NULL AUTO_INCREMENT, AUTO_INCREMENT=13;

--
-- AUTO_INCREMENT for table `student_marks_entry_details`
--
ALTER TABLE `student_marks_entry_details`
  MODIFY `id` int(20) NOT NULL AUTO_INCREMENT, AUTO_INCREMENT=32;

--
-- AUTO_INCREMENT for table `student_marks_entry_history`
--
ALTER TABLE `student_marks_entry_history`
  MODIFY `id` int(20) NOT NULL AUTO_INCREMENT, AUTO_INCREMENT=17;

--
-- AUTO_INCREMENT for table `student_note`
--
ALTER TABLE `student_note`
  MODIFY `id` int(20) NOT NULL AUTO_INCREMENT, AUTO_INCREMENT=5;

--
-- AUTO_INCREMENT for table `student_passport_details`
--
ALTER TABLE `student_passport_details`
  MODIFY `id` int(20) NOT NULL AUTO_INCREMENT;

--
-- AUTO_INCREMENT for table `student_placement`
--
ALTER TABLE `student_placement`
  MODIFY `id` int(20) NOT NULL AUTO_INCREMENT, AUTO_INCREMENT=2;

--
-- AUTO_INCREMENT for table `student_progress`
--
ALTER TABLE `student_progress`
  MODIFY `id` int(20) NOT NULL AUTO_INCREMENT;

--
-- AUTO_INCREMENT for table `student_remarks_entry`
--
ALTER TABLE `student_remarks_entry`
  MODIFY `id` int(20) NOT NULL AUTO_INCREMENT, AUTO_INCREMENT=11;

--
-- AUTO_INCREMENT for table `student_remarks_entry_details`
--
ALTER TABLE `student_remarks_entry_details`
  MODIFY `id` int(20) NOT NULL AUTO_INCREMENT, AUTO_INCREMENT=12;

--
-- AUTO_INCREMENT for table `student_semester_course_details`
--
ALTER TABLE `student_semester_course_details`
  MODIFY `id` int(20) NOT NULL AUTO_INCREMENT, AUTO_INCREMENT=3;

--
-- AUTO_INCREMENT for table `student_semester_history`
--
ALTER TABLE `student_semester_history`
  MODIFY `id` bigint(20) NOT NULL AUTO_INCREMENT, AUTO_INCREMENT=15;

--
-- AUTO_INCREMENT for table `student_semester_result`
--
ALTER TABLE `student_semester_result`
  MODIFY `id` int(20) NOT NULL AUTO_INCREMENT, AUTO_INCREMENT=2;

--
-- AUTO_INCREMENT for table `student_visa_details`
--
ALTER TABLE `student_visa_details`
  MODIFY `id` int(20) NOT NULL AUTO_INCREMENT;

--
-- AUTO_INCREMENT for table `subject_details`
--
ALTER TABLE `subject_details`
  MODIFY `id` int(20) NOT NULL AUTO_INCREMENT;

--
-- AUTO_INCREMENT for table `supervisor_change_application`
--
ALTER TABLE `supervisor_change_application`
  MODIFY `id` int(20) NOT NULL AUTO_INCREMENT, AUTO_INCREMENT=4;

--
-- AUTO_INCREMENT for table `supervisor_has_specialization`
--
ALTER TABLE `supervisor_has_specialization`
  MODIFY `id` int(20) NOT NULL AUTO_INCREMENT, AUTO_INCREMENT=3;

--
-- AUTO_INCREMENT for table `supervisor_last_login`
--
ALTER TABLE `supervisor_last_login`
  MODIFY `id` bigint(20) NOT NULL AUTO_INCREMENT, AUTO_INCREMENT=13;

--
-- AUTO_INCREMENT for table `supervisor_role`
--
ALTER TABLE `supervisor_role`
  MODIFY `id` int(20) NOT NULL AUTO_INCREMENT, AUTO_INCREMENT=3;

--
-- AUTO_INCREMENT for table `supervisor_tagging`
--
ALTER TABLE `supervisor_tagging`
  MODIFY `id` int(20) NOT NULL AUTO_INCREMENT, AUTO_INCREMENT=22;

--
-- AUTO_INCREMENT for table `tax`
--
ALTER TABLE `tax`
  MODIFY `id` int(20) NOT NULL AUTO_INCREMENT;

--
-- AUTO_INCREMENT for table `tbl_country`
--
ALTER TABLE `tbl_country`
  MODIFY `countryId` bigint(20) NOT NULL AUTO_INCREMENT;

--
-- AUTO_INCREMENT for table `tbl_last_login`
--
ALTER TABLE `tbl_last_login`
  MODIFY `id` bigint(20) NOT NULL AUTO_INCREMENT, AUTO_INCREMENT=584;

--
-- AUTO_INCREMENT for table `tbl_permissions`
--
ALTER TABLE `tbl_permissions`
  MODIFY `permissionId` bigint(20) NOT NULL AUTO_INCREMENT, AUTO_INCREMENT=2;

--
-- AUTO_INCREMENT for table `tbl_reset_password`
--
ALTER TABLE `tbl_reset_password`
  MODIFY `id` bigint(20) NOT NULL AUTO_INCREMENT;

--
-- AUTO_INCREMENT for table `tbl_roles`
--
ALTER TABLE `tbl_roles`
  MODIFY `roleId` tinyint(4) NOT NULL AUTO_INCREMENT COMMENT 'role id', AUTO_INCREMENT=2;

--
-- AUTO_INCREMENT for table `tbl_role_permissions`
--
ALTER TABLE `tbl_role_permissions`
  MODIFY `id` bigint(20) NOT NULL AUTO_INCREMENT, AUTO_INCREMENT=2;

--
-- AUTO_INCREMENT for table `tbl_state`
--
ALTER TABLE `tbl_state`
  MODIFY `id` bigint(20) NOT NULL AUTO_INCREMENT;

--
-- AUTO_INCREMENT for table `tbl_users`
--
ALTER TABLE `tbl_users`
  MODIFY `userId` int(11) NOT NULL AUTO_INCREMENT, AUTO_INCREMENT=10;

--
-- AUTO_INCREMENT for table `temp_advisor_has_specialization`
--
ALTER TABLE `temp_advisor_has_specialization`
  MODIFY `id` int(20) NOT NULL AUTO_INCREMENT;

--
-- AUTO_INCREMENT for table `temp_asset_disposal_detail`
--
ALTER TABLE `temp_asset_disposal_detail`
  MODIFY `id` int(20) NOT NULL AUTO_INCREMENT;

--
-- AUTO_INCREMENT for table `temp_bank_details`
--
ALTER TABLE `temp_bank_details`
  MODIFY `id` int(20) NOT NULL AUTO_INCREMENT;

--
-- AUTO_INCREMENT for table `temp_billing_details`
--
ALTER TABLE `temp_billing_details`
  MODIFY `id` int(20) NOT NULL AUTO_INCREMENT;

--
-- AUTO_INCREMENT for table `temp_credit_hour_program_landscape_details`
--
ALTER TABLE `temp_credit_hour_program_landscape_details`
  MODIFY `id` int(20) NOT NULL AUTO_INCREMENT, AUTO_INCREMENT=12;

--
-- AUTO_INCREMENT for table `temp_credit_note_details`
--
ALTER TABLE `temp_credit_note_details`
  MODIFY `id` int(20) NOT NULL AUTO_INCREMENT;

--
-- AUTO_INCREMENT for table `temp_credit_transfer_details`
--
ALTER TABLE `temp_credit_transfer_details`
  MODIFY `id` int(20) NOT NULL AUTO_INCREMENT, AUTO_INCREMENT=8;

--
-- AUTO_INCREMENT for table `temp_documents_program_details`
--
ALTER TABLE `temp_documents_program_details`
  MODIFY `id` int(20) NOT NULL AUTO_INCREMENT, AUTO_INCREMENT=2;

--
-- AUTO_INCREMENT for table `temp_entry_requirement_other_requirements`
--
ALTER TABLE `temp_entry_requirement_other_requirements`
  MODIFY `id` int(20) NOT NULL AUTO_INCREMENT;

--
-- AUTO_INCREMENT for table `temp_entry_requirement_requirements`
--
ALTER TABLE `temp_entry_requirement_requirements`
  MODIFY `id` int(20) NOT NULL AUTO_INCREMENT, AUTO_INCREMENT=4;

--
-- AUTO_INCREMENT for table `temp_equivalent_course_details`
--
ALTER TABLE `temp_equivalent_course_details`
  MODIFY `id` int(20) NOT NULL AUTO_INCREMENT;

--
-- AUTO_INCREMENT for table `temp_fee_structure_details`
--
ALTER TABLE `temp_fee_structure_details`
  MODIFY `id` int(20) NOT NULL AUTO_INCREMENT;

--
-- AUTO_INCREMENT for table `temp_gpa_cgpa_setup_details`
--
ALTER TABLE `temp_gpa_cgpa_setup_details`
  MODIFY `id` int(20) NOT NULL AUTO_INCREMENT, AUTO_INCREMENT=4;

--
-- AUTO_INCREMENT for table `temp_grade_setup_details`
--
ALTER TABLE `temp_grade_setup_details`
  MODIFY `id` int(20) NOT NULL AUTO_INCREMENT, AUTO_INCREMENT=10;

--
-- AUTO_INCREMENT for table `temp_intake_has_programme`
--
ALTER TABLE `temp_intake_has_programme`
  MODIFY `id` int(20) NOT NULL AUTO_INCREMENT, AUTO_INCREMENT=9;

--
-- AUTO_INCREMENT for table `temp_internship_company_has_program`
--
ALTER TABLE `temp_internship_company_has_program`
  MODIFY `id` int(20) NOT NULL AUTO_INCREMENT, AUTO_INCREMENT=2;

--
-- AUTO_INCREMENT for table `temp_inventory_allotment`
--
ALTER TABLE `temp_inventory_allotment`
  MODIFY `id` int(20) NOT NULL AUTO_INCREMENT, AUTO_INCREMENT=7;

--
-- AUTO_INCREMENT for table `temp_investment_application_details`
--
ALTER TABLE `temp_investment_application_details`
  MODIFY `id` int(20) NOT NULL AUTO_INCREMENT;

--
-- AUTO_INCREMENT for table `temp_journal_details`
--
ALTER TABLE `temp_journal_details`
  MODIFY `id` int(20) NOT NULL AUTO_INCREMENT;

--
-- AUTO_INCREMENT for table `temp_main_invoice_details`
--
ALTER TABLE `temp_main_invoice_details`
  MODIFY `id` int(20) NOT NULL AUTO_INCREMENT, AUTO_INCREMENT=21;

--
-- AUTO_INCREMENT for table `temp_mark_distribution_details`
--
ALTER TABLE `temp_mark_distribution_details`
  MODIFY `id` int(20) NOT NULL AUTO_INCREMENT, AUTO_INCREMENT=42;

--
-- AUTO_INCREMENT for table `temp_online_claim_details`
--
ALTER TABLE `temp_online_claim_details`
  MODIFY `id` bigint(20) NOT NULL AUTO_INCREMENT, AUTO_INCREMENT=2;

--
-- AUTO_INCREMENT for table `temp_performa_invoice_details`
--
ALTER TABLE `temp_performa_invoice_details`
  MODIFY `id` int(20) NOT NULL AUTO_INCREMENT;

--
-- AUTO_INCREMENT for table `temp_programme_has_course`
--
ALTER TABLE `temp_programme_has_course`
  MODIFY `id` int(20) NOT NULL AUTO_INCREMENT;

--
-- AUTO_INCREMENT for table `temp_programme_has_dean`
--
ALTER TABLE `temp_programme_has_dean`
  MODIFY `id` int(20) NOT NULL AUTO_INCREMENT, AUTO_INCREMENT=14;

--
-- AUTO_INCREMENT for table `temp_programme_has_scheme`
--
ALTER TABLE `temp_programme_has_scheme`
  MODIFY `id` bigint(20) NOT NULL AUTO_INCREMENT;

--
-- AUTO_INCREMENT for table `temp_program_landscape_semester_details`
--
ALTER TABLE `temp_program_landscape_semester_details`
  MODIFY `id` int(20) NOT NULL AUTO_INCREMENT, AUTO_INCREMENT=28;

--
-- AUTO_INCREMENT for table `temp_pr_entry`
--
ALTER TABLE `temp_pr_entry`
  MODIFY `id` bigint(20) NOT NULL AUTO_INCREMENT;

--
-- AUTO_INCREMENT for table `temp_receipt_details`
--
ALTER TABLE `temp_receipt_details`
  MODIFY `id` int(20) NOT NULL AUTO_INCREMENT, AUTO_INCREMENT=38;

--
-- AUTO_INCREMENT for table `temp_research_articleship_has_examiner`
--
ALTER TABLE `temp_research_articleship_has_examiner`
  MODIFY `id` int(20) NOT NULL AUTO_INCREMENT, AUTO_INCREMENT=2;

--
-- AUTO_INCREMENT for table `temp_research_articleship_has_supervisors`
--
ALTER TABLE `temp_research_articleship_has_supervisors`
  MODIFY `id` int(20) NOT NULL AUTO_INCREMENT, AUTO_INCREMENT=2;

--
-- AUTO_INCREMENT for table `temp_research_category_has_supervisors`
--
ALTER TABLE `temp_research_category_has_supervisors`
  MODIFY `id` int(20) NOT NULL AUTO_INCREMENT, AUTO_INCREMENT=4;

--
-- AUTO_INCREMENT for table `temp_research_colloquium_details`
--
ALTER TABLE `temp_research_colloquium_details`
  MODIFY `id` int(20) NOT NULL AUTO_INCREMENT, AUTO_INCREMENT=2;

--
-- AUTO_INCREMENT for table `temp_research_professionalpracricepaper_has_employment`
--
ALTER TABLE `temp_research_professionalpracricepaper_has_employment`
  MODIFY `id` int(20) NOT NULL AUTO_INCREMENT, AUTO_INCREMENT=3;

--
-- AUTO_INCREMENT for table `temp_research_professionalpracricepaper_has_examiner`
--
ALTER TABLE `temp_research_professionalpracricepaper_has_examiner`
  MODIFY `id` int(20) NOT NULL AUTO_INCREMENT, AUTO_INCREMENT=3;

--
-- AUTO_INCREMENT for table `temp_research_professionalpracricepaper_has_supervisors`
--
ALTER TABLE `temp_research_professionalpracricepaper_has_supervisors`
  MODIFY `id` int(20) NOT NULL AUTO_INCREMENT, AUTO_INCREMENT=3;

--
-- AUTO_INCREMENT for table `temp_research_proposal_has_examiner`
--
ALTER TABLE `temp_research_proposal_has_examiner`
  MODIFY `id` int(20) NOT NULL AUTO_INCREMENT, AUTO_INCREMENT=3;

--
-- AUTO_INCREMENT for table `temp_research_proposal_has_supervisors`
--
ALTER TABLE `temp_research_proposal_has_supervisors`
  MODIFY `id` int(20) NOT NULL AUTO_INCREMENT, AUTO_INCREMENT=2;

--
-- AUTO_INCREMENT for table `temp_scheme_has_program`
--
ALTER TABLE `temp_scheme_has_program`
  MODIFY `id` int(20) NOT NULL AUTO_INCREMENT, AUTO_INCREMENT=4;

--
-- AUTO_INCREMENT for table `temp_scholarship_documents_program_details`
--
ALTER TABLE `temp_scholarship_documents_program_details`
  MODIFY `id` int(20) NOT NULL AUTO_INCREMENT;

--
-- AUTO_INCREMENT for table `temp_semester_has_scheme`
--
ALTER TABLE `temp_semester_has_scheme`
  MODIFY `id` bigint(20) NOT NULL AUTO_INCREMENT, AUTO_INCREMENT=3;

--
-- AUTO_INCREMENT for table `temp_sponser_credit_note_details`
--
ALTER TABLE `temp_sponser_credit_note_details`
  MODIFY `id` int(20) NOT NULL AUTO_INCREMENT;

--
-- AUTO_INCREMENT for table `temp_sponser_main_invoice_details`
--
ALTER TABLE `temp_sponser_main_invoice_details`
  MODIFY `id` int(20) NOT NULL AUTO_INCREMENT;

--
-- AUTO_INCREMENT for table `temp_sponser_receipt_details`
--
ALTER TABLE `temp_sponser_receipt_details`
  MODIFY `id` int(20) NOT NULL AUTO_INCREMENT;

--
-- AUTO_INCREMENT for table `temp_staff_has_course`
--
ALTER TABLE `temp_staff_has_course`
  MODIFY `id` int(20) NOT NULL AUTO_INCREMENT, AUTO_INCREMENT=9;

--
-- AUTO_INCREMENT for table `temp_supervisor_has_specialization`
--
ALTER TABLE `temp_supervisor_has_specialization`
  MODIFY `id` int(20) NOT NULL AUTO_INCREMENT;

--
-- AUTO_INCREMENT for table `temp_tender_commitee`
--
ALTER TABLE `temp_tender_commitee`
  MODIFY `id` bigint(20) NOT NULL AUTO_INCREMENT;

--
-- AUTO_INCREMENT for table `temp_tender_remarks`
--
ALTER TABLE `temp_tender_remarks`
  MODIFY `id` bigint(20) NOT NULL AUTO_INCREMENT;

--
-- AUTO_INCREMENT for table `temp_topic_has_supervisors`
--
ALTER TABLE `temp_topic_has_supervisors`
  MODIFY `id` int(20) NOT NULL AUTO_INCREMENT, AUTO_INCREMENT=3;

--
-- AUTO_INCREMENT for table `tender_commitee`
--
ALTER TABLE `tender_commitee`
  MODIFY `id` bigint(20) NOT NULL AUTO_INCREMENT;

--
-- AUTO_INCREMENT for table `tender_quotation`
--
ALTER TABLE `tender_quotation`
  MODIFY `id` bigint(20) NOT NULL AUTO_INCREMENT;

--
-- AUTO_INCREMENT for table `tender_quotation_detail`
--
ALTER TABLE `tender_quotation_detail`
  MODIFY `id` bigint(20) NOT NULL AUTO_INCREMENT;

--
-- AUTO_INCREMENT for table `tender_remarks`
--
ALTER TABLE `tender_remarks`
  MODIFY `id` bigint(20) NOT NULL AUTO_INCREMENT;

--
-- AUTO_INCREMENT for table `tender_submission_vendor`
--
ALTER TABLE `tender_submission_vendor`
  MODIFY `id` bigint(20) NOT NULL AUTO_INCREMENT;

--
-- AUTO_INCREMENT for table `toc_reporting_comments`
--
ALTER TABLE `toc_reporting_comments`
  MODIFY `id` bigint(20) NOT NULL AUTO_INCREMENT, AUTO_INCREMENT=3;

--
-- AUTO_INCREMENT for table `topic_has_supervisors`
--
ALTER TABLE `topic_has_supervisors`
  MODIFY `id` int(20) NOT NULL AUTO_INCREMENT, AUTO_INCREMENT=5;

--
-- AUTO_INCREMENT for table `unit`
--
ALTER TABLE `unit`
  MODIFY `id` int(20) NOT NULL AUTO_INCREMENT;

--
-- AUTO_INCREMENT for table `users`
--
ALTER TABLE `users`
  MODIFY `id` int(11) NOT NULL AUTO_INCREMENT, AUTO_INCREMENT=14;

--
-- AUTO_INCREMENT for table `vendor_details`
--
ALTER TABLE `vendor_details`
  MODIFY `id` int(20) NOT NULL AUTO_INCREMENT;

--
-- AUTO_INCREMENT for table `visa_details`
--
ALTER TABLE `visa_details`
  MODIFY `id` int(20) NOT NULL AUTO_INCREMENT, AUTO_INCREMENT=26;
COMMIT;

/*!40101 SET CHARACTER_SET_CLIENT=@OLD_CHARACTER_SET_CLIENT */;
/*!40101 SET CHARACTER_SET_RESULTS=@OLD_CHARACTER_SET_RESULTS */;
/*!40101 SET COLLATION_CONNECTION=@OLD_COLLATION_CONNECTION */;
